word,age
a,2.89
aardvark,9.89
abacus,8.69
abalone,12.23
abandon,8.32
abandoner,11.89
abandonment,10.27
abase,14.57
abasement,15.13
abate,14.44
abated,11.93
abatement,15.12
abates,11.93
abating,11.93
abattoir,15.17
abbacy,14.5
abbess,15.43
abbey,13.06
abbot,12.1
abbreviate,9.95
abbreviated,10.5
abbreviation,9.11
abdicate,12.6
abdication,14.94
abdomen,8.61
abdomens,10.92
abdominal,10.24
abduct,11.26
abducted,9.49
abducting,9.49
abduction,11.94
abductor,11.11
abducts,9.49
abeam,13.4
aberrant,13.31
aberration,12.69
abet,12.15
abettor,15.55
abeyance,15.0
abhor,13.76
abhorrent,12.14
abide,9.5
abided,10.49
abides,10.49
abiding,10.3
abilities,8.98
ability,8.84
abject,14.0
abjuration,17.12
abjure,14.6
ablation,13.29
ablaze,10.83
able,7.79
abler,5.71
ablest,5.71
ablution,13.64
abnormal,10.05
abnormality,11.58
aboard,8.66
abode,12.06
abolish,10.42
abolition,13.28
abolitionism,11.78
abolitionist,12.6
abominable,8.94
abominate,15.0
abomination,11.17
aboriginal,14.75
aborigine,12.56
aborning,13.25
abort,12.21
aborted,10.04
aborting,10.04
abortion,13.21
abortionist,15.0
abortive,13.93
aborts,10.04
abound,11.65
about,5.07
above,4.55
aboveboard,13.0
aboveground,8.05
abovementioned,14.24
abracadabra,6.89
abrade,14.0
abrasion,11.95
abrasive,12.22
abrasiveness,12.06
abreaction,15.8
abreast,13.06
abridge,14.35
abridged,12.56
abridgement,12.32
abroad,10.15
abrogate,15.22
abrupt,10.95
abruption,11.82
abruptness,12.39
abscess,13.11
abscesses,10.49
abscond,13.36
absconder,16.62
absence,7.7
absences,6.88
absent,6.5
absentee,11.0
absenteeism,13.43
absenting,6.11
absentminded,10.84
absentmindedness,9.61
absinthe,16.29
absolute,8.53
absolutely,7.08
absoluteness,12.68
absolution,11.71
absolve,12.9
absolved,11.78
absolver,13.6
absolves,11.78
absolving,11.78
absorb,8.83
absorbed,8.69
absorbent,10.32
absorber,10.33
absorbing,8.69
absorbs,8.69
absorption,10.94
abstain,12.95
abstained,11.36
abstaining,11.36
abstains,11.36
abstention,15.19
abstinence,12.74
abstract,11.47
abstracting,10.51
abstraction,13.65
abstractionist,14.72
abstracts,10.51
abstruse,14.6
absurd,10.5
absurdist,13.0
absurdity,13.21
abundance,10.45
abundant,12.84
abuse,8.61
abused,10.68
abuser,9.94
abuses,10.68
abusing,10.68
abusive,9.58
abusiveness,10.47
abut,13.11
abutment,15.33
abuzz,13.0
abysm,15.25
abysmal,13.78
abyss,11.0
abyssal,17.27
abysses,11.7
ac,10.75
acacia,14.25
academe,13.27
academia,13.74
academic,9.74
academician,15.21
academicism,15.0
academy,9.05
acanthus,15.17
accede,14.31
accelerando,14.5
accelerant,12.84
accelerate,10.74
accelerated,10.11
acceleration,9.84
accelerator,10.27
accent,8.6
accented,7.09
accents,7.09
accentuate,13.24
accept,6.74
acceptable,9.84
acceptance,8.56
acceptant,11.89
accepted,7.12
accepting,7.12
accepts,7.12
access,9.1
accessed,9.24
accesses,9.24
accessibility,11.05
accessible,9.94
accessing,9.24
accession,12.25
accessorize,11.39
accessory,11.15
accident,5.3
accidental,6.75
accidents,6.64
acclaim,12.11
acclamation,14.0
acclimate,14.24
acclimatization,16.12
acclimatize,14.0
accolade,12.43
accommodate,9.9
accommodation,9.58
accommodations,10.54
accommodative,15.18
accompaniment,11.18
accompanist,12.78
accompany,10.75
accomplice,9.78
accomplish,7.84
accomplishment,9.0
accord,9.65
accordance,11.75
accorded,11.93
according,8.45
accordion,8.61
accords,11.93
accost,13.37
account,8.26
accountability,12.16
accountable,11.7
accountancy,14.8
accountant,11.67
accountants,10.0
accounted,9.76
accounting,12.05
accounts,9.76
accoutrement,13.87
accreditation,15.53
accredited,13.89
accrete,14.0
accrual,15.0
accrue,14.11
accumulate,12.3
accumulation,10.5
accumulations,10.6
accumulative,12.5
accumulator,13.94
accuracy,9.71
accurate,9.44
accursed,12.71
accusation,10.17
accusative,13.33
accusatory,11.18
accuse,9.1
accused,7.72
accuser,11.72
accusers,10.07
accuses,7.72
accusing,7.72
accustom,12.0
ace,8.83
aced,8.12
acerb,15.67
acerbic,16.62
acerbity,15.75
aces,8.12
acetaminophen,13.47
acetate,12.85
acetic,13.75
acetone,14.05
acetyl,16.31
acetylcholine,16.3
acetylene,16.88
acetylsalicylic,17.71
ache,5.79
ached,6.13
aches,6.13
achievable,9.89
achieve,8.53
achieved,8.11
achievement,8.8
achievements,8.29
achiever,9.11
achieves,8.11
achieving,8.11
achiness,10.11
achy,8.06
acid,9.6
acidic,11.21
acidity,12.78
acidophilus,17.4
acidosis,16.85
acids,8.96
acidulous,15.43
acing,8.12
acknowledge,9.11
acknowledged,9.27
acknowledgement,9.95
acknowledges,9.27
acknowledging,9.27
acme,9.54
acne,11.4
acnes,9.58
acolyte,13.77
aconitum,11.0
acorn,5.95
acorns,7.04
acoustic,12.39
acoustical,12.9
acoustics,11.32
acquaintance,10.48
acquaintanceship,14.18
acquiesce,14.25
acquiescence,13.61
acquiescent,14.18
acquire,9.94
acquired,10.04
acquirer,11.79
acquires,10.04
acquiring,10.04
acquisition,13.63
acquisitive,14.19
acquisitiveness,14.38
acquit,13.22
acquittal,12.39
acre,9.8
acreage,13.13
acres,8.18
acrid,14.07
acrimonious,16.3
acrimony,14.75
acrobat,8.05
acrobatic,9.38
acrobatics,9.0
acronym,11.56
acrophobia,14.38
acropolis,15.4
across,6.64
acrostic,14.82
acrylic,11.56
act,6.42
acted,5.46
acting,5.46
actinic,15.62
action,6.67
actionable,12.5
actions,6.97
activate,11.11
activation,9.78
activator,11.5
active,6.53
actives,7.71
activism,11.89
activist,11.8
activity,6.47
actor,7.17
actors,6.54
actress,6.17
actresses,6.22
acts,5.46
actual,6.94
actualities,11.49
actuality,12.38
actualization,13.84
actualize,13.61
actually,7.33
actuarial,15.85
actuary,17.27
actuation,14.69
actuator,13.71
acuity,13.88
acumen,14.44
acupressure,14.44
acupuncture,11.79
acupuncturist,14.61
acute,11.6
acuteness,12.95
acyclovir,12.57
ad,8.22
adage,16.21
adages,12.96
adagio,12.62
adamant,14.29
adamantine,15.91
adapt,9.0
adaptability,11.65
adaptable,9.37
adaptation,11.39
adapted,9.49
adapter,11.79
adapting,9.49
adaption,12.4
adaptive,11.33
adaptor,10.21
adapts,9.49
add,5.1
added,4.43
addendum,15.65
adder,12.13
adders,7.15
addict,11.17
addicted,10.47
addicting,10.47
addiction,12.11
addictive,10.33
addictiveness,11.61
addicts,10.47
adding,4.43
addition,5.76
additional,9.0
additions,6.35
additive,12.28
addle,13.08
addled,12.0
address,5.15
addressed,6.07
addressee,9.95
addresses,6.07
addressing,6.07
adds,4.43
adduce,13.0
adductor,14.18
adenoidal,15.33
adenoma,13.78
adenosine,16.29
adept,12.5
adeptness,14.37
adepts,12.11
adequacy,12.5
adequate,10.35
adhere,10.78
adhered,11.9
adherence,12.22
adherent,14.17
adheres,11.9
adhering,11.9
adhesion,13.5
adhesive,9.17
adiabatic,18.5
adipose,15.7
adiposity,15.86
adjacent,11.05
adjective,8.6
adjoining,11.85
adjourn,12.59
adjourned,12.85
adjournment,14.26
adjourns,12.85
adjudge,15.2
adjudicate,15.25
adjudication,16.33
adjudicator,16.47
adjunct,13.06
adjuration,16.0
adjure,13.1
adjust,8.43
adjustability,12.05
adjustable,8.95
adjusted,9.77
adjuster,11.28
adjusting,9.77
adjustment,9.74
adjustor,13.29
adjusts,9.77
adjutant,13.91
adjuvant,14.25
admin,13.89
administer,9.42
administrate,12.5
administration,11.11
administrations,11.02
administrative,11.5
administrator,12.22
administrators,11.41
admirable,11.42
admiral,8.72
admiralty,11.41
admiration,8.95
admire,7.42
admired,7.72
admirer,8.78
admires,7.72
admiring,7.72
admissibility,13.79
admissible,13.1
admission,8.84
admissions,9.07
admit,7.56
admits,6.39
admittance,10.39
admitted,6.39
admitting,6.39
admixture,14.1
admonish,13.4
admonished,11.23
admonition,13.86
ado,11.88
adobe,12.22
adolescence,10.42
adolescences,11.7
adolescent,11.05
adopt,7.83
adoptable,9.22
adopted,8.26
adopter,10.16
adopting,8.26
adoption,7.79
adoptive,9.16
adopts,8.26
adorability,11.76
adorable,6.94
adorableness,8.32
adoration,11.8
adore,7.95
adored,7.64
adores,7.64
adoring,8.53
adorn,11.65
adornment,12.32
adrenal,14.24
adrenalin,11.65
adrenaline,11.63
adrift,11.21
adroit,12.75
adroitness,15.21
ads,7.42
adulation,12.72
adult,4.68
adulterant,12.86
adulterate,13.76
adulterer,11.63
adulteress,12.22
adulterous,11.65
adultery,11.84
adulthood,9.95
adults,5.4
adumbration,16.5
advance,8.35
advanced,9.05
advancement,10.89
advances,7.94
advantage,9.32
advantageous,12.62
advent,10.38
adventure,5.67
adventurer,7.79
adventurers,8.09
adventuresome,10.38
adventuress,10.44
adventurist,8.68
adventurous,10.0
adventurousness,11.81
adverb,8.14
adverbial,13.14
adversarial,14.0
adversary,12.67
adverse,10.72
adversity,11.79
advert,14.22
advertise,9.63
advertisement,7.67
advertiser,11.0
advertising,9.95
advice,8.61
advices,8.45
advisable,10.75
advise,8.89
advised,8.17
advisee,12.89
advisement,12.5
adviser,10.78
advises,8.17
advising,8.17
advisor,11.24
advisory,11.55
advocacy,14.06
advocate,11.11
aegis,17.0
aerate,13.44
aeration,12.35
aerial,11.5
aerialist,14.08
aerials,8.51
aerie,13.0
aero,11.4
aerobatics,9.53
aerobic,10.24
aerobics,11.0
aerodynamic,13.4
aerodynamics,11.5
aeronaut,12.92
aeronautical,14.35
aeronautics,12.35
aerosol,9.47
aerospace,12.06
aesthete,14.9
aesthetic,15.74
aesthetics,15.06
afar,8.21
afeard,10.86
affability,14.07
affable,13.4
affair,10.94
affaire,11.45
affairs,10.04
affect,9.6
affectation,13.82
affected,8.77
affecting,8.77
affection,8.53
affectionate,8.5
affections,9.24
affective,11.74
affectless,13.6
affects,8.77
affiant,14.0
affidavit,15.69
affidavits,12.92
affiliate,12.0
affiliation,12.28
affinity,12.22
affirm,12.24
affirmation,12.56
affirmations,11.43
affirmative,10.67
affirmed,11.98
affirming,11.98
affirms,11.98
affix,11.94
afflict,11.5
affliction,11.32
afflictions,10.94
afflictive,14.4
affluence,13.88
affluent,13.16
afford,7.47
affordability,10.89
affordable,8.15
afforded,8.96
affording,8.96
affords,8.96
affray,13.0
affright,12.77
affront,12.44
afghan,9.11
aficionado,13.86
afire,11.87
aflame,11.22
afloat,9.33
afoot,11.48
aforementioned,14.58
aforesaid,14.44
aforethought,13.72
afoul,11.81
afraid,4.42
afro,9.58
aft,13.88
after,6.0
afterbirth,14.06
afterburner,10.69
aftercare,11.62
afterdeck,15.86
aftereffect,12.06
afterglow,12.53
afterimage,13.67
afterlife,8.11
aftermarket,14.2
aftermath,12.05
afternoon,4.65
afternoons,5.73
afterschool,6.89
aftershave,10.42
aftershock,10.33
aftertaste,10.0
afterthought,12.78
afterwards,7.71
afterworld,10.41
again,5.78
against,7.97
agate,13.0
agave,14.57
age,4.38
ageism,17.07
ageist,15.79
ageless,10.3
agencies,10.87
agency,10.58
agenda,9.95
agent,9.55
agents,9.22
ageratum,13.29
ages,3.99
agglomerate,15.67
agglutinate,14.89
aggrandize,14.83
aggrandizement,14.75
aggravate,8.32
aggravated,8.61
aggravation,9.11
aggregate,13.67
aggregation,14.56
aggress,12.13
aggression,9.3
aggressive,8.32
aggressiveness,11.06
aggressor,11.47
aggressors,11.55
aggrieved,12.38
aghast,12.0
agile,11.94
agility,10.06
aging,7.35
agitate,10.17
agitated,10.12
agitation,11.5
agitator,11.84
agitprop,16.6
agleam,14.71
aglitter,13.67
aglow,10.06
agnate,16.5
agnostic,13.8
ago,7.12
agog,14.73
agonies,9.13
agonist,15.06
agonize,11.58
agonizing,10.89
agony,9.22
agora,13.73
agoraphobia,14.44
agoraphobic,14.64
agrarian,14.83
agree,7.68
agreeable,8.41
agreed,5.46
agreeing,5.46
agreement,8.16
agrees,5.46
agribusiness,18.07
agricultural,10.11
agriculturalist,12.78
agriculture,10.32
ague,15.2
ahead,5.45
ahoy,7.61
aid,7.33
aide,7.83
aided,7.57
aider,12.92
aides,10.87
aiding,7.57
aids,8.89
aigrette,15.0
aikido,14.08
ail,9.71
ailed,11.02
aileron,14.71
ailing,10.63
ailment,10.37
ailments,11.39
ails,11.02
aim,6.72
aimed,6.53
aimer,9.85
aiming,6.53
aimless,10.32
aims,6.53
air,3.94
airbag,12.26
airbase,10.35
airboat,10.75
airborne,9.85
airbrush,12.06
aircraft,7.61
aircraftsman,11.67
aircrew,10.15
airdrome,15.11
airdrop,9.18
aired,4.54
airfare,10.26
airfield,8.6
airflow,12.42
airfoil,14.64
airforce,6.83
airhead,10.17
airiness,11.35
airless,10.0
airlift,12.06
airline,8.74
airliner,9.89
airlock,11.61
airmail,12.0
airman,10.58
airmattress,9.37
airmen,8.06
airmobile,12.69
airplane,3.94
airplay,12.93
airport,6.84
airports,5.18
airs,4.54
airship,10.8
airships,8.09
airsick,11.47
airsickness,10.17
airspace,11.5
airspeed,10.9
airstream,12.22
airstrike,12.78
airstrip,8.16
airtight,9.84
airtime,11.78
airwave,11.35
airway,11.16
airworthy,13.31
airy,10.28
aisle,5.95
aisles,8.11
ajar,9.67
aka,10.94
akimbo,14.09
akin,12.67
alabaster,13.67
alacrity,15.25
alarm,6.39
alarmclock,5.8
alarmed,5.87
alarming,9.78
alarmist,13.12
alarms,5.87
alarum,12.38
alas,9.78
albacore,14.47
albatross,11.64
albatrosses,10.39
albinism,14.17
albino,9.79
album,6.72
albumen,15.45
albumin,14.2
albums,7.04
alcalde,11.0
alchemical,15.64
alchemist,12.0
alchemists,12.96
alchemy,13.35
alcohol,9.0
alcoholic,9.95
alcoholics,11.36
alcoholism,11.6
alcove,12.11
alder,14.08
alderman,14.19
ale,10.16
alehouse,13.76
aleph,13.7
alert,8.9
alerted,9.14
alerting,9.14
alertness,9.44
alerts,9.14
ales,10.27
alexandrine,14.17
alfalfa,8.83
alfresco,15.29
alga,13.33
algebra,11.47
algebraic,11.11
alginate,14.86
algorithm,14.56
algorithmic,15.31
alias,9.47
aliases,11.02
alibi,12.5
alien,7.5
alienate,13.05
alienation,13.47
alienist,14.07
aliens,8.58
alight,11.41
align,9.85
aligned,11.09
aligning,11.09
alignment,11.76
aligns,11.09
alike,6.12
alimentary,13.21
alimony,14.47
alit,12.69
alive,5.11
alkali,14.35
alkaline,13.68
alkaloid,14.06
alky,14.18
alkyd,16.62
all,4.24
allay,15.77
allegation,11.84
allegations,12.34
allege,12.81
alleged,12.05
allegiance,8.42
allegiant,15.18
allegorical,12.41
allegories,12.7
allegory,14.16
allegro,13.07
allele,14.5
allergen,11.58
allergic,7.72
allergist,12.21
allergy,8.11
alleviate,11.39
alley,7.26
alleys,7.26
alleyway,8.11
alliance,11.28
allied,10.85
allies,8.85
alligator,4.78
alligators,6.09
alliteration,13.86
alliterative,15.25
allocate,13.78
allocation,12.42
allocution,15.23
allograft,15.2
allot,13.67
allotment,13.28
allotments,9.6
allots,10.44
allotted,10.44
allotting,10.44
allow,5.32
allowable,9.56
allowance,6.95
allowed,6.23
allowing,6.23
allows,6.23
alloy,14.53
alloys,11.9
allude,13.11
allure,11.83
alluring,12.89
allusion,13.05
alluvial,16.78
ally,9.61
allying,8.85
almanac,10.58
almandine,17.22
almightiness,8.89
almighty,8.47
almond,7.67
almonds,6.75
almoner,13.0
almost,5.47
alms,9.91
almshouse,17.8
aloe,8.95
aloft,9.82
aloha,10.15
alone,4.94
aloneness,9.06
along,5.41
alongshore,11.6
aloof,13.41
alopecia,17.92
aloud,6.22
alp,11.77
alpaca,10.81
alpha,12.22
alphabet,4.22
alphabetical,6.26
alphabetize,7.11
alphanumeric,13.0
alphas,10.7
alphorn,15.0
alpine,11.28
alright,6.28
also,6.64
altar,7.16
altarpiece,11.21
altars,8.11
alter,9.47
alteration,10.17
altercation,11.67
altered,6.43
altering,6.43
alternate,8.83
alternating,12.0
alternation,12.32
alternative,10.11
alternator,11.32
alters,6.43
although,8.08
altimeter,14.13
altitude,9.58
altitudes,10.51
alto,10.19
altogether,8.35
altos,10.32
altruism,15.79
altruist,15.5
altruistic,13.8
alum,13.06
alumina,11.78
aluminum,7.26
alumna,14.0
alumnus,14.0
alveolar,15.0
alveolus,14.5
always,6.26
am,5.53
amah,14.0
amalgam,15.25
amalgamated,15.07
amalgamation,16.92
amandine,15.29
amanita,15.5
amanuensis,12.0
amaranth,15.73
amaretto,14.63
amaryllis,15.36
amass,12.0
amassment,14.75
amateur,10.53
amateurish,12.57
amateurism,12.88
amateurs,10.28
amaze,7.5
amazed,7.17
amazement,9.22
amazes,7.01
amazing,5.22
ambassador,11.0
ambassadorial,12.69
ambassadorship,13.45
amber,9.28
ambergris,17.5
ambers,9.77
ambiance,14.78
ambidextrous,11.84
ambience,13.28
ambient,12.8
ambiguity,14.06
ambiguous,13.67
ambition,11.29
ambitions,9.54
ambitious,11.05
ambivalence,13.37
ambivalent,12.12
amble,11.87
ambled,9.56
ambling,9.56
ambrosia,13.82
ambrosial,17.12
ambulance,6.16
ambulation,15.36
ambulatory,12.59
ambush,9.3
ambushed,11.39
ambushes,11.39
ambushing,11.39
ameliorate,13.67
amelioration,16.25
amen,5.8
amenable,14.14
amend,11.39
amended,10.23
amending,10.23
amendment,10.06
amendments,11.7
amends,10.16
americanize,12.44
amethyst,12.22
amethysts,11.13
amiability,13.25
amiable,13.11
amicable,12.95
amice,12.14
amicus,15.4
amid,11.45
amidst,10.44
amino,13.78
amiss,11.34
amity,13.14
ammeter,16.83
ammo,8.11
ammonia,11.0
ammonium,12.35
ammos,10.13
ammunition,9.67
amnesia,10.61
amnesiac,12.64
amnesic,13.67
amnesty,12.95
amniocentesis,14.38
amniotic,13.86
amoeba,12.65
amoebic,13.68
among,7.75
amongst,9.01
amontillado,14.43
amoral,11.7
amorality,15.0
amorous,13.71
amorphous,14.75
amortization,17.33
amortize,15.88
amount,6.63
amounted,7.83
amounting,7.83
amounts,7.83
amour,12.67
amp,12.11
amperage,12.07
ampersand,13.2
amphetamine,15.53
amphibian,8.33
amphibious,10.88
amphitheater,11.84
amphora,15.44
ample,11.63
amplification,11.4
amplifier,11.35
amplify,12.06
amplitude,12.44
amputate,9.6
amputation,11.89
amputee,11.0
amuck,11.18
amulet,11.53
amuse,9.0
amused,7.83
amusement,8.79
amusements,6.53
amuses,8.39
amusing,8.44
amyl,15.67
amylase,18.2
an,3.16
anabolic,15.53
anachronism,14.3
anachronistic,15.79
anaconda,10.06
anaerobic,13.12
anaesthetize,14.18
anagogic,15.33
anagram,11.38
anal,13.17
analeptic,15.6
analgesia,15.38
analgesic,14.87
analog,13.62
analogies,12.07
analogous,14.4
analogue,12.16
analogy,11.33
analysis,11.32
analyst,11.75
analytic,12.61
analytical,12.44
analyzable,11.27
analyze,11.39
analyzer,11.37
anapestic,15.67
anaphylactic,16.27
anaphylaxis,17.0
anarchic,14.15
anarchism,12.46
anarchist,12.63
anarchistic,15.95
anarchy,13.94
anathema,13.0
anatomic,12.53
anatomical,12.05
anatomies,11.41
anatomist,14.22
anatomize,14.19
anatomy,11.94
ancestor,8.61
ancestors,9.01
ancestral,11.21
ancestry,10.11
anchor,5.72
anchorage,12.0
anchored,7.73
anchoring,7.73
anchorite,15.0
anchorman,8.06
anchors,7.73
anchorwoman,11.16
anchovy,9.32
ancient,8.26
ancients,8.54
ancillary,13.78
and,4.57
andiron,12.5
androgynous,15.8
androgyny,16.5
android,13.89
androids,12.43
ands,3.63
anecdotal,12.47
anecdote,14.33
anecdotes,12.11
anemia,12.0
anemic,13.42
anemone,13.07
anent,17.0
aneroid,11.8
anesthesia,12.53
anesthesiologist,13.0
anesthetic,13.05
anesthetist,13.28
anesthetize,12.78
aneurism,15.22
aneurysm,15.05
anew,10.58
angel,4.0
angelfish,7.42
angelic,8.33
angelical,11.37
angels,4.99
anger,6.0
angered,5.37
angering,5.37
angers,5.37
angina,15.86
angiogram,15.0
angiography,15.67
angioplasty,17.27
angle,8.05
angled,7.41
angler,11.53
angles,7.41
angleworm,10.23
angling,7.41
anglophile,17.11
angora,15.12
angrier,4.98
angriest,4.98
angry,4.45
angst,13.12
anguish,11.54
anguished,12.06
anguishes,10.49
angular,11.32
anhydride,16.78
aniline,16.8
animal,2.89
animalistic,12.58
animals,4.62
animate,8.53
animated,7.0
animation,8.53
animator,10.16
anime,13.94
animosity,12.58
animus,15.08
anion,13.44
anise,14.08
anisette,16.6
ankh,14.8
ankle,4.89
anklebone,7.35
ankles,5.41
anklet,9.06
annals,14.27
annatto,14.71
annex,12.53
annexation,13.85
annexed,10.54
annexes,10.54
annexing,10.54
annihilate,11.32
annihilation,12.06
anniversary,7.33
annotate,15.12
annotator,15.44
announce,9.48
announced,7.6
announcement,7.75
announcements,9.19
announcer,6.85
announces,7.6
announcing,7.6
annoy,7.22
annoyance,9.47
annoyances,7.31
annoyed,7.72
annoyer,9.47
annoying,6.52
annoys,5.74
annual,9.26
annuals,8.69
annuity,15.88
annul,12.65
annular,14.15
annulment,12.37
annunciation,12.0
anode,15.0
anodic,14.0
anodized,14.44
anodyne,15.1
anoint,9.25
anointed,12.56
anomalous,15.1
anomaly,12.44
anonymity,13.44
anonymous,10.26
anorectic,14.8
anorexia,13.11
anorexic,12.06
anosmatic,14.67
another,5.05
anoxia,14.83
answer,5.43
answerable,9.35
answered,5.98
answering,5.98
answers,5.98
ant,4.32
antacid,12.89
antagonism,11.81
antagonist,11.17
antagonistic,13.94
antagonize,12.28
ante,11.7
anteater,8.5
antebellum,17.5
antecedent,15.29
antechamber,15.77
anted,12.53
antediluvian,14.89
anteing,12.53
antelope,8.39
antelopes,8.25
antenatal,17.5
antenna,7.05
anterior,14.12
anteroom,15.58
anterooms,12.3
antes,12.53
anthem,9.44
anthems,10.17
anther,11.67
anthill,7.0
anthology,14.47
anthracite,14.1
anthrax,14.26
anthropoid,14.33
anthropological,14.88
anthropologist,12.56
anthropology,14.61
anti,9.37
antiaircraft,12.06
antibacterial,11.65
antibiotic,9.53
antibiotics,9.55
antibody,12.47
antic,11.65
antichrist,12.79
anticipate,10.6
anticipated,9.95
anticipates,9.95
anticipating,9.95
anticipation,10.0
anticipations,11.22
anticipatory,13.94
anticlimactic,14.17
anticlimax,14.88
anticline,10.67
anticoagulant,14.53
anticoagulation,16.36
anticommunism,13.53
anticommunist,12.89
anticorrosive,13.61
antics,9.56
antidemocratic,13.69
antidepressant,14.05
antidotal,14.69
antidote,10.11
antiestablishment,14.85
antifascist,15.77
antifeminist,12.62
antifreeze,10.05
antifungal,12.0
antigen,13.64
antigovernment,12.35
antigravity,11.37
antigun,13.57
antihistamine,12.93
antihuman,11.08
antimatter,14.84
antimilitary,12.75
antimissile,14.71
antimony,12.11
antinuclear,13.19
antioxidant,14.52
antipasto,16.3
antipathy,13.25
antipersonnel,12.95
antiperspirant,11.26
antiphonal,16.0
antipsychotic,13.71
antiquarian,13.82
antiquated,13.57
antique,8.05
antiques,11.05
antiquity,13.18
antiseptic,9.95
antiseptics,10.78
antiserum,13.8
antislavery,11.06
antisocial,11.47
antispasmodic,16.0
antitank,13.8
antithesis,13.38
antithetical,14.9
antitoxin,13.57
antitrust,14.88
antivenin,13.79
antiviral,15.11
antivirus,13.24
antivivisection,16.11
antivivisectionist,15.0
antiwar,12.42
antler,6.39
ants,3.56
antsy,9.06
anus,11.17
anvil,10.79
anvils,11.49
anxieties,9.83
anxiety,8.17
anxious,10.21
any,6.0
anybodies,6.2
anybody,5.11
anyhow,7.75
anyone,5.36
anything,6.12
anytime,5.89
anyway,6.31
anyways,5.53
aorta,13.06
aortal,13.85
aortic,13.12
apache,10.5
apart,6.64
apartheid,15.44
apartment,7.8
apartments,6.56
apartness,9.83
apathetic,14.6
apathy,14.21
apatite,12.38
ape,5.89
apelike,9.53
aperitif,15.22
aperture,14.92
apes,5.96
apex,12.58
aphasia,16.62
aphasic,14.71
aphid,10.7
aphis,16.6
aphorism,16.2
aphrodisiac,13.32
apiary,15.31
apices,13.64
apish,12.56
aplenty,13.25
aplomb,14.73
apnea,15.62
apocalypse,12.78
apogee,17.0
apolitical,17.19
apollonian,15.36
apologetic,9.8
apologia,14.0
apologies,8.09
apologist,12.36
apologize,5.67
apology,5.56
apoplectic,14.88
apoplexy,15.5
apostate,12.58
apostle,9.5
apostolate,16.8
apostrophe,8.39
apothecary,14.47
apothegm,15.5
apotheosis,15.64
app,18.33
appalled,11.53
appalling,12.21
appaloosa,11.71
apparatchik,15.83
apparatus,10.9
apparel,10.8
apparent,10.25
apparition,11.94
appeal,10.21
appealed,8.56
appeals,8.56
appear,6.67
appearance,8.83
appearances,7.27
appeared,6.57
appearing,6.57
appears,6.57
appease,11.78
appeasement,13.11
appeaser,13.07
appellant,14.2
appellate,13.5
appellation,16.2
append,13.29
appendage,11.58
appendectomy,11.93
appendicitis,12.0
appendix,10.56
apperception,13.8
appetite,8.83
appetizer,9.06
appetizing,10.74
applaud,7.1
applauded,7.57
applauding,7.57
applauds,7.57
applause,6.2
apple,4.15
applecart,8.75
applejack,7.41
apples,4.41
applesauce,4.32
appliance,8.78
appliances,9.61
applicability,14.63
applicable,13.37
applicant,11.78
application,9.39
applicator,10.74
applied,8.7
applies,8.7
apply,9.21
applying,8.7
appoint,10.29
appointed,10.13
appointee,13.53
appointing,10.13
appointment,7.53
appointments,8.45
appoints,10.13
appraisal,12.94
appraise,14.52
appraiser,13.05
appreciable,10.17
appreciate,8.8
appreciated,8.82
appreciates,8.82
appreciating,8.82
appreciation,8.5
appreciations,9.27
appreciative,9.94
appreciator,11.78
apprehend,11.47
apprehensibility,14.16
apprehension,11.25
apprehensive,11.45
apprentice,10.58
apprenticeship,14.4
apprise,14.31
approach,8.5
approachable,10.0
approached,8.81
approaches,8.81
approaching,8.81
approbation,15.23
appropriate,9.16
appropriateness,10.44
appropriation,12.94
approval,7.95
approvals,9.28
approve,7.89
approved,8.26
approves,8.26
approving,8.26
approximate,10.7
approximation,12.56
apricot,6.15
apricots,7.71
apriority,14.33
apron,6.75
aprons,5.35
apse,12.74
apt,12.5
aptitude,12.39
aqualung,14.79
aquamarine,9.94
aquaplane,13.54
aquarium,6.84
aquatic,9.44
aquatics,9.39
aquavit,14.8
aqueduct,11.61
aqueous,11.75
aquifer,13.33
arabesque,13.0
arable,13.0
arachnid,11.88
arachnophobia,12.35
aragonite,14.71
arbiter,16.42
arbiters,12.96
arbitrage,17.1
arbitrary,14.06
arbitrate,14.74
arbitration,14.25
arbitrator,14.37
arbor,11.03
arboreal,14.42
arboretum,13.56
arborist,13.5
arbors,9.49
arc,9.42
arcade,7.79
arcades,8.6
arcane,14.93
arced,9.31
arch,8.26
archaeological,9.44
archaeologist,9.68
archaeologists,10.84
archaeology,10.0
archaeopteryx,14.0
archaic,14.5
archaism,15.42
archangel,11.53
archbishop,10.45
archdeacon,15.23
archdiocese,11.94
archduchess,13.09
archduke,11.59
arched,9.89
archenemy,11.28
archeologist,10.84
archeologists,10.84
archeology,10.99
archer,9.23
archers,9.09
archery,9.06
arches,6.46
archetypal,16.29
archetype,13.87
archiepiscopal,16.0
archimandrite,18.33
archipelago,13.18
architect,10.12
architectonic,14.14
architects,9.95
architectural,12.25
architecture,10.06
architrave,21.0
archival,11.2
archive,12.95
archived,10.6
archives,10.88
archiving,10.6
archivist,13.79
archon,18.17
archway,10.06
arcing,9.31
arcs,9.31
arcsine,13.9
arctic,7.79
ardency,16.6
ardent,13.27
ardor,13.82
arduous,13.92
are,5.53
area,6.58
areal,14.2
areas,7.83
arena,9.57
areola,13.31
argent,13.7
argentine,13.31
argillaceous,15.0
argon,15.19
argosy,13.33
argot,15.8
argue,4.61
argued,5.87
argues,5.87
arguing,5.87
argument,7.55
argumentative,11.5
aria,13.75
arid,11.38
aridity,12.87
arioso,15.14
arise,6.89
arisen,10.19
arises,10.19
arising,10.19
aristocracy,11.0
aristocrat,11.88
aristocratic,12.06
arithmetic,7.16
arithmetical,11.0
ark,7.17
arks,5.93
arm,3.26
armada,13.53
armadillo,8.61
armageddon,11.83
armament,13.73
armature,14.3
armband,10.0
armchair,6.56
armed,8.72
armful,9.61
armies,6.41
arming,4.05
armistice,14.0
armless,8.68
armload,9.0
armoire,12.37
armor,7.17
armored,9.5
armorial,15.25
armory,11.0
armpit,6.0
armrest,6.56
arms,3.74
army,7.15
aroma,9.47
aromatherapy,15.09
aromatic,11.05
arose,10.19
around,5.94
arousal,12.94
arouse,12.63
aroused,12.85
arouses,12.85
arousing,12.85
arpeggio,13.85
arraign,12.38
arraignment,16.44
arrange,8.28
arranged,6.57
arrangement,9.89
arrangements,9.66
arranger,12.44
arranges,6.57
arranging,6.57
arrant,11.5
array,10.79
arrayed,10.99
arrays,10.99
arrears,16.62
arrest,7.47
arrested,7.49
arrestee,12.06
arresting,7.49
arrestment,10.94
arrests,7.49
arrhythmia,16.27
arrhythmic,13.81
arrival,8.06
arrivals,7.86
arrive,6.26
arrived,5.92
arrives,5.92
arriving,5.92
arrogance,11.72
arrogant,9.95
arrow,6.07
arrowroot,12.0
arrows,6.41
arsenal,11.79
arsenic,11.83
arsenical,14.64
arsine,14.17
arson,11.2
arsonist,11.45
art,6.21
arterial,14.5
arteriogram,17.12
arteriosclerosis,16.6
artery,13.06
artful,9.56
arthritic,12.3
arthritis,11.67
arthropod,12.93
arthroscopic,15.14
artichoke,10.0
article,8.61
articles,7.41
articular,13.44
articulate,13.0
articulation,12.63
artifact,10.33
artifice,12.75
artifices,12.45
artificial,10.16
artificiality,11.84
artillery,10.68
artilleryman,13.0
artisan,12.95
artist,6.78
artiste,12.29
artistic,9.17
artistry,10.58
artists,6.32
artless,13.82
arts,5.97
artsy,10.76
artwork,7.32
artworks,8.46
arty,9.57
arugula,16.75
as,6.1
asbestos,13.95
ascend,10.67
ascendancy,16.0
ascendant,13.69
ascended,8.29
ascending,10.84
ascends,8.29
ascension,12.71
ascent,10.74
ascents,11.19
ascertain,12.68
ascertainable,15.6
ascetic,14.43
ascorbic,12.57
ascribe,15.28
aseptic,14.07
asexual,16.0
ash,6.63
ashamed,7.11
ashcan,10.67
ashen,12.5
ashes,7.06
ashore,9.07
ashram,16.64
ashtray,5.95
ashy,8.61
aside,7.89
asides,9.05
asinine,12.71
asininity,16.43
ask,2.89
asked,4.02
asker,7.94
askew,11.0
asking,4.02
asks,4.02
asleep,4.47
asp,10.69
asparagus,6.79
aspect,10.35
aspects,10.75
aspen,10.04
aspens,10.6
asperse,14.22
aspersion,14.4
asphalt,8.89
asphyxia,14.07
asphyxiate,13.06
asphyxiation,15.12
aspic,16.33
aspidistra,18.0
aspirant,12.81
aspirate,14.41
aspiration,11.47
aspire,11.83
aspired,10.8
aspires,10.8
aspirin,7.95
aspiring,11.0
ass,7.84
assail,12.24
assailable,13.21
assailant,12.44
assassin,11.28
assassinate,10.11
assassination,9.05
assassinator,11.05
assault,10.21
assaulted,9.25
assaulting,9.25
assaultive,14.94
assaults,9.25
assay,15.0
assegai,18.25
assemblage,14.29
assemble,8.72
assembled,8.3
assembles,8.3
assembling,8.3
assembly,6.94
assemblyman,12.89
assent,11.29
assert,10.83
asserted,10.58
asserting,10.58
assertion,12.24
assertive,10.44
assertiveness,11.35
asserts,10.58
asses,5.64
assess,11.37
assessed,10.58
assesses,10.58
assessing,10.58
assessment,11.95
assessor,14.79
asset,11.79
assets,11.19
asshole,9.52
assiduity,16.5
assiduous,13.21
assign,8.56
assignation,12.93
assigned,7.88
assigning,7.88
assignment,7.0
assigns,7.88
assimilate,12.95
assimilated,12.58
assimilating,12.58
assimilation,15.07
assist,8.75
assistance,8.84
assistances,9.19
assistant,8.61
assistants,7.37
assisted,8.15
assisting,8.15
assists,8.15
associate,10.83
association,10.76
associative,13.95
assorted,9.32
assortment,8.72
assuage,15.18
assume,8.21
assumed,9.23
assumes,9.23
assuming,9.23
assumption,10.2
assurance,12.33
assure,12.06
assured,10.37
assuredness,12.94
assures,10.37
assuring,10.37
aster,13.0
asterisk,11.94
asteroid,8.6
asthma,10.39
asthmatic,8.72
astigmatism,13.53
astonish,12.21
astonished,10.58
astonishing,9.11
astonishment,10.11
astound,12.41
astounded,11.4
astraddle,12.62
astral,13.2
astray,10.3
astringent,13.89
astrobiology,16.38
astrodome,12.69
astrolabe,13.51
astrologer,11.06
astrological,10.0
astrologist,11.41
astrology,9.53
astronaut,6.28
astronautics,12.07
astronomer,9.85
astronomic,12.47
astronomical,12.5
astronomy,9.0
astrophysical,14.16
astrophysicist,13.06
astrophysics,13.3
astute,14.69
astuteness,13.0
asylum,13.1
asymmetric,12.28
asymmetrical,12.11
asymmetry,11.68
asymptomatic,13.73
at,4.04
atavism,16.15
atavistic,17.4
ate,3.67
atelier,15.0
atheism,12.69
atheist,12.18
atheistic,15.4
atheneum,14.33
athlete,7.11
athletes,8.51
athletic,8.55
athleticism,10.05
athletics,8.35
atilt,12.25
atlas,7.9
atlases,8.53
atmosphere,9.79
atmospheres,10.19
atmospheric,10.11
atoll,14.65
atom,9.68
atomic,10.16
atomize,13.24
atomizer,12.81
atoms,13.49
atonal,12.82
atonality,16.5
atone,12.12
atonement,11.79
atones,12.43
atoning,12.43
atrabilious,17.5
atremble,11.0
atrium,12.0
atrocious,11.95
atrocities,11.55
atrocity,13.39
atrophy,15.5
atropine,15.78
attach,6.39
attache,14.31
attached,7.34
attaches,7.34
attaching,7.34
attachment,10.11
attack,6.58
attacked,7.05
attacker,6.5
attacking,7.05
attacks,7.05
attain,10.84
attainability,13.7
attainable,9.45
attained,10.22
attaining,10.22
attainment,13.8
attains,10.22
attar,17.0
attempt,7.7
attempted,8.7
attempting,6.95
attempts,6.95
attend,7.72
attendance,7.11
attendant,9.79
attended,6.57
attendee,11.42
attending,6.57
attends,6.57
attention,6.78
attentive,9.37
attentiveness,12.1
attenuate,16.12
attenuation,14.5
attest,14.0
attested,11.98
attesting,11.98
attests,11.98
attic,5.15
attics,6.13
attire,11.22
attired,10.22
attitude,6.78
attitudes,9.51
attitudinal,14.75
attorney,10.95
attract,8.78
attracted,7.47
attracting,7.47
attraction,9.61
attractive,8.58
attractiveness,10.05
attractor,10.87
attracts,7.47
attributable,14.69
attribute,12.67
attribution,11.14
attributive,13.94
attrition,14.07
attune,11.44
attunement,15.0
atypical,12.94
auburn,10.68
auction,10.67
auctioned,10.47
auctioneer,9.16
auctioning,10.47
auctions,10.47
audacious,14.33
audacity,13.0
audible,11.05
audience,7.0
audiences,8.45
audio,9.32
audiologist,13.74
audiology,16.0
audiophile,15.06
audiotape,9.94
audiovisual,11.44
audit,13.5
audited,12.55
auditing,12.55
audition,8.36
auditor,14.74
auditorium,6.94
auditory,12.79
audits,12.55
auger,13.64
augment,14.0
augmentation,14.17
augur,15.27
augury,16.22
august,5.65
aunt,3.8
auntie,4.74
aunts,4.82
aura,11.67
aural,15.41
auras,12.01
aureole,14.31
auricle,15.64
auricular,13.67
auriferous,17.0
aurora,12.7
auscultation,16.22
auspices,14.89
auspicious,13.93
austere,13.77
austerity,16.79
austral,14.09
australopithecine,12.83
auteur,15.0
authentic,8.42
authenticate,12.42
authentication,12.56
authenticator,13.72
authenticity,12.11
author,7.1
authored,8.24
authoress,13.19
authorial,15.5
authoritarian,12.95
authoritarianism,13.44
authoritative,11.72
authority,7.5
authorization,11.11
authorize,9.84
authors,8.24
authorship,10.59
autism,14.21
autistic,14.35
auto,7.22
autobiographer,9.95
autobiographical,9.33
autobiography,9.83
autobus,11.29
autoclave,15.64
autocracy,13.29
autocrat,13.67
autocratic,14.35
autodidactic,15.69
autoerotic,15.36
autogenesis,14.29
autogiro,15.86
autograph,6.89
autographed,6.94
autohypnosis,16.7
autoimmune,13.05
autolysis,14.7
automaker,11.41
automat,10.75
automate,11.76
automated,11.11
automatic,9.0
automation,12.06
automatism,14.0
automaton,14.4
automobile,7.11
automobiles,9.54
automotive,7.89
autonomic,13.47
autonomous,12.59
autonomy,13.82
autopilot,10.39
autopsy,11.71
autos,6.82
autosuggestion,16.73
autumn,6.0
autumnal,13.06
autumns,5.67
auxiliary,14.0
avail,12.11
availability,9.0
available,8.5
availed,11.71
availing,11.71
avails,11.71
avalanche,9.6
avarice,13.55
avaricious,16.0
avariciousness,15.42
avast,13.5
avatar,13.46
ave,10.27
avenge,10.68
avenged,11.19
avenger,10.62
avenges,11.19
avenging,11.32
avenue,7.0
avenues,7.45
aver,12.0
average,8.9
averse,13.74
aversion,11.94
avert,10.71
averted,10.99
averting,10.99
avian,12.36
aviary,12.0
aviation,10.32
aviator,8.95
aviators,11.28
aviatrix,12.67
avid,11.11
avionics,14.31
avocado,9.29
avocation,15.88
avoid,8.5
avoidable,9.22
avoidance,11.68
avoidant,12.43
avoided,7.76
avoider,10.33
avoiding,7.76
avoids,7.76
avouch,16.12
avow,13.67
avowal,13.17
avulsion,15.88
avuncular,15.0
await,9.0
awaited,8.25
awaiting,8.25
awaits,8.25
awake,4.67
awaked,5.99
awaken,7.17
awakener,11.76
awakening,10.89
awakes,5.99
award,7.5
awarded,7.37
awarding,7.37
awards,7.37
aware,6.75
awareness,9.3
awash,11.4
away,5.07
awe,9.06
awed,10.41
aweigh,13.36
aweless,10.38
awesome,7.33
awesomeness,10.95
awestruck,10.28
awful,6.26
awfulness,9.67
awhile,7.12
awkward,8.58
awkwardness,9.89
awl,10.75
awn,10.86
awning,11.06
awoke,5.99
awoken,5.99
awry,11.6
ax,6.32
axe,6.11
axed,6.3
axial,11.62
axiom,16.25
axiomatic,12.5
axis,12.1
axle,10.85
axles,11.13
axon,14.07
axonal,13.83
ayatollah,15.47
aye,9.69
azalea,13.0
azimuth,15.67
azure,12.54
babble,7.17
babbled,8.87
babbles,8.87
babbling,8.87
babe,6.61
babes,6.15
babied,3.54
babies,3.54
baboon,9.11
baboons,8.21
babushka,13.09
baby,3.84
babycarriage,5.52
babyhood,7.85
babying,3.54
babyish,6.84
babysat,8.73
babysit,5.89
babysits,8.73
babysitter,5.86
babysitting,8.73
baccalaureate,15.15
baccarat,13.75
bacchanal,17.18
bacchanalia,15.4
bachelor,12.0
bachelorette,13.26
bachelorhood,13.37
bacillary,18.0
bacillus,13.33
back,5.31
backache,7.89
backbeat,12.58
backbencher,15.0
backbend,9.44
backbiter,11.5
backbiting,13.28
backboard,8.63
backbone,6.95
backbreaker,11.55
backchat,10.38
backcountry,9.29
backcourt,11.5
backdoor,6.11
backdrop,9.78
backed,4.38
backer,13.1
backfield,11.47
backfire,10.47
backflow,14.0
backgammon,10.0
background,8.67
backgrounder,11.07
backgrounds,7.98
backhand,8.67
backhanded,10.0
backhoe,8.68
backing,4.38
backlash,10.44
backless,11.78
backlit,13.17
backlog,12.43
backpack,5.38
backpacker,10.37
backpedal,11.0
backplane,12.0
backrest,8.35
backroom,9.95
backs,4.38
backscatter,15.58
backscratcher,6.63
backseat,5.11
backside,5.61
backslapper,10.9
backslash,12.59
backslid,11.26
backslide,13.05
backspin,11.87
backstab,10.47
backstabber,10.44
backstage,9.24
backstairs,9.17
backstop,9.57
backstreet,11.11
backstretch,11.28
backstroke,8.65
backswing,11.67
backtalk,7.89
backtrack,11.75
backup,11.11
backward,5.76
backwardness,7.47
backwards,5.98
backwash,9.26
backwater,12.78
backwoods,10.26
backyard,3.38
bacon,5.0
bacons,5.18
bacteria,9.28
bacterial,10.55
bacteriological,13.94
bacterium,12.62
bad,2.79
badass,12.14
baddie,8.62
baddy,9.0
bade,8.45
badge,6.11
badger,8.74
badgered,6.57
badgering,6.57
badgers,6.57
badges,5.48
badinage,14.5
badly,6.58
badminton,10.94
badmouth,8.25
badness,5.61
baffle,10.28
baffling,11.26
bag,4.28
bagatelle,13.43
bagel,8.9
bagels,5.93
bagful,5.75
baggage,7.52
bagged,4.52
baggie,7.06
bagging,4.52
baggy,6.83
bagman,11.93
bagpipe,9.33
bagpiper,8.95
bagpipes,7.54
bags,4.52
baguette,13.75
bail,10.16
bailed,10.09
bailer,12.11
bailiff,11.94
bailiffs,11.9
bailing,10.09
bailiwick,14.33
bails,10.09
bairn,12.0
bait,7.11
baited,8.54
baiting,8.54
baits,7.78
bake,5.5
baker,6.04
bakers,4.81
bakery,7.16
bakes,4.7
bakeshop,8.74
baking,4.7
baklava,15.69
balaclava,14.8
balalaika,16.25
balance,9.89
balanced,8.08
balancer,8.47
balances,7.35
balancing,7.35
balcony,8.1
bald,7.26
baldachin,17.5
balder,6.28
baldhead,6.17
balding,8.39
baldness,6.55
baldy,8.5
bale,8.2
baleen,14.8
baleful,13.29
baler,11.5
bales,10.35
baling,10.35
balk,12.93
balked,11.85
balking,11.85
balks,11.85
ball,2.9
ballad,11.21
ballade,13.91
balladeer,15.75
ballads,10.22
ballast,15.24
ballasts,12.43
balled,3.26
ballerina,5.26
ballet,7.21
balletic,11.93
ballets,6.77
ballgame,5.56
balling,3.26
ballista,17.0
ballistic,15.58
ballistics,13.0
balloon,4.37
ballooned,3.91
ballooning,3.91
balloonist,9.94
balloons,3.91
ballot,8.83
balloting,11.71
ballots,10.6
ballpark,5.24
ballplayer,7.42
ballpoint,8.38
ballroom,7.37
balls,3.26
ballsy,10.59
ballyhoo,11.4
balm,10.28
balms,9.74
balmy,10.89
balsa,12.0
balsam,14.43
balsamic,14.94
balsawood,12.5
bam,5.5
bamboo,9.28
bamboos,7.52
bamboozle,14.38
bamboozled,11.17
ban,10.11
banal,16.54
banality,11.86
banana,3.78
bananas,3.99
band,6.16
bandage,5.94
bandaged,4.98
bandages,4.98
bandaid,4.6
bandanna,8.59
bandbox,11.45
banded,4.88
bandicoot,13.42
banding,4.88
bandit,8.15
banditry,13.53
bandits,8.7
banditti,16.5
bandleader,10.28
bandmaster,11.95
bandoleer,13.67
bands,4.88
bandstand,9.0
bandwagon,11.05
bandwidth,14.94
bandy,12.45
bane,9.6
baneful,13.3
banes,12.55
bang,5.74
banged,4.07
banger,11.07
bangers,7.6
banging,4.07
bangle,8.65
bangs,4.07
bangtail,9.67
banish,9.89
banished,10.32
banishes,10.32
banishing,10.32
banishment,10.5
banister,10.0
banjo,8.44
banjoes,7.49
banjos,7.49
bank,6.44
bankable,12.81
bankbook,11.47
banked,6.13
banker,6.89
bankers,7.83
banking,9.0
banknote,12.18
bankroll,11.06
bankrupt,11.33
bankruptcy,11.11
bankrupted,10.51
bankrupting,10.51
bankrupts,10.51
banks,6.13
banned,8.73
banner,9.17
banners,7.37
banning,8.73
bannister,8.44
bannock,17.43
banns,12.15
banquet,8.35
banquets,9.4
banquette,10.06
bans,8.73
banshee,12.06
banshees,11.8
bantam,14.22
bantamweight,15.89
banter,11.25
banters,12.22
bantling,2.0
banyan,10.75
banzai,12.85
baobab,15.33
bap,11.75
baptism,6.58
baptismal,9.19
baptize,6.67
baptized,7.11
baptizer,9.67
bar,6.9
barb,9.88
barbarian,9.76
barbaric,11.84
barbarism,11.61
barbarity,13.06
barbarous,12.71
barbecue,7.83
barbed,10.0
barbedwire,8.4
barbell,11.17
barber,6.68
barbers,6.97
barbershop,6.89
barbet,13.17
barbican,13.12
barbiturate,14.5
barbs,10.39
barbwire,7.21
bard,12.86
bare,5.78
barebacked,12.12
bared,6.04
barefaced,10.89
barefoot,5.25
barefooted,5.37
barely,7.22
barer,6.04
bares,6.04
barest,6.04
barf,7.78
bargain,8.72
bargained,7.86
bargainer,11.79
bargaining,10.33
bargains,7.86
barge,9.28
barged,9.09
barges,9.09
barging,9.09
baring,6.04
barista,17.4
barite,14.0
baritone,11.21
barium,14.33
bark,5.17
barked,5.35
barkeep,14.37
barkeeper,11.29
barking,5.35
barks,5.35
barley,9.8
barleycorn,12.57
barmaid,12.47
barmaids,9.68
barman,13.33
barmen,9.9
barmy,12.75
barn,4.5
barnacle,11.6
barns,5.88
barnstorm,12.75
barnstormer,12.33
barnyard,5.38
barometer,11.89
barometric,12.18
baron,11.59
baroness,12.28
baronet,11.47
baronial,12.25
barons,9.34
barony,13.82
baroque,13.54
barouche,14.89
barrack,10.83
barracuda,9.89
barrage,10.19
barrages,10.83
barratry,17.17
barred,6.53
barrel,7.72
barrelful,11.39
barrelhead,12.21
barrelhouse,15.6
barreling,6.45
barrels,6.45
barren,11.12
barrenness,11.72
barrens,10.8
barrette,6.71
barricade,11.18
barrier,9.11
barrister,15.0
barristers,11.71
barroom,13.0
bars,6.53
barstool,8.05
bartend,11.37
bartender,8.9
barter,10.72
bartered,11.59
bartering,11.59
bas,9.0
basal,11.42
basalt,13.2
base,6.42
baseball,4.83
baseballs,4.86
baseboard,10.71
based,7.39
baseless,13.0
baseline,11.61
baseman,8.75
basement,6.74
basements,4.97
baseness,12.29
baser,7.39
bases,7.39
basest,7.39
bash,8.84
bashed,7.98
basher,11.94
bashes,7.98
bashful,6.94
bashfulness,9.0
bashing,7.98
basic,9.14
basics,6.47
basil,10.13
basilar,16.0
basilica,13.93
basilisk,14.09
basin,10.0
basing,7.39
basins,5.15
basis,11.05
bask,10.95
basked,10.75
basket,5.67
basketball,5.3
basketful,8.59
baskets,5.68
basking,10.75
basophilic,17.86
bass,8.63
basses,9.73
basset,11.0
bassinet,9.18
bassist,11.67
basso,16.8
bassoon,10.38
bastard,10.45
bastardize,12.67
bastards,11.0
baste,11.0
basted,9.9
bastinado,16.0
bastion,15.35
bat,4.85
batboy,8.58
batch,6.74
batches,7.7
batching,7.7
bated,9.27
bath,3.23
bathe,5.0
bathed,4.98
bather,7.67
bathes,4.98
bathhouse,11.67
bathing,3.84
bathmat,5.83
bathrobe,7.9
bathroom,3.0
bathrooms,3.95
baths,3.97
bathtub,3.22
bathwater,4.83
bathysphere,15.0
batik,17.0
baton,7.94
batons,10.13
bats,4.78
batsman,11.07
battalion,11.95
batted,4.78
batten,12.92
batter,7.05
battered,10.06
battering,10.37
battery,5.58
batting,4.78
battle,6.95
battleaxe,10.69
battled,5.87
battledress,13.1
battlefield,8.25
battlefront,9.95
battleground,8.42
battlement,13.0
battlements,12.47
battler,9.55
battles,5.87
battleship,7.58
battlewagon,10.28
battling,5.87
batty,9.69
batwing,9.0
bauble,10.94
baud,13.78
bauxite,13.0
bawd,15.0
bawdy,14.38
bawl,10.62
bawled,6.95
bawling,6.95
bawls,6.95
bay,8.67
bayberry,11.64
baying,6.77
bayonet,11.0
bayoneted,9.87
bayonets,9.87
bayou,11.53
bayous,13.62
bays,6.77
bazaar,9.89
bazaars,10.32
bazooka,10.53
be,5.11
beach,4.8
beachball,4.95
beachcomber,11.56
beached,4.81
beaches,4.81
beachfront,9.25
beachhead,12.45
beachside,9.33
beachwear,7.74
beacon,11.37
beacons,10.6
bead,5.63
beaded,8.37
beads,5.96
beadwork,8.28
beady,10.39
beagle,7.39
beagles,11.64
beak,5.42
beaked,5.39
beaker,11.25
beakers,6.05
beaks,5.39
beam,8.78
beamed,7.86
beamer,13.26
beamish,13.31
beams,7.86
bean,3.42
beanbag,6.11
beanery,14.29
beanie,10.72
beanies,8.04
beanpole,7.0
beans,4.67
beanstalk,6.05
bear,3.58
bearable,8.58
beard,4.84
bearded,7.2
bearding,5.33
beardless,8.0
beards,5.33
beardy,7.23
bearer,8.67
bearing,4.36
bearings,10.15
bearish,11.59
bearlike,6.53
bears,4.36
bearskin,8.89
beast,5.74
beastliness,11.94
beastly,9.37
beasts,6.45
beat,6.15
beatable,8.83
beaten,5.77
beater,7.95
beatific,14.75
beatnik,11.71
beatniks,12.75
beats,5.77
beau,12.23
beaus,11.96
beauteous,10.58
beautician,10.11
beauties,6.92
beautification,11.2
beautiful,5.72
beautify,9.68
beauty,5.05
beaux,11.96
beaver,5.21
beaverboard,11.75
beavers,7.12
bebop,12.0
becalmed,12.78
became,6.16
because,4.44
beck,11.75
beckon,11.11
becloud,12.67
become,5.85
becomes,6.16
becoming,6.16
bed,2.89
bedbug,6.78
bedchamber,11.72
bedclothes,9.0
bedded,3.62
bedding,6.67
bedfellow,11.94
bedim,14.67
bedlam,12.83
bedlamite,14.33
bedmate,11.0
bedpan,11.18
bedpost,6.62
bedridden,11.11
bedrock,10.67
bedroll,8.67
bedroom,3.9
bedrooms,4.31
beds,3.62
bedside,7.71
bedsit,11.5
bedsore,10.74
bedspread,7.72
bedspring,9.16
bedstead,11.92
bedtime,3.95
bee,5.0
beech,11.69
beef,6.58
beefalo,15.33
beefed,5.64
beefing,5.64
beefs,5.64
beefsteak,10.26
beefy,8.53
beehive,7.47
beehives,6.92
beekeeper,8.94
beekeeping,9.16
beeline,12.59
been,5.53
beep,5.32
beeper,10.61
beer,6.11
beerhouse,12.53
beers,7.24
bees,3.99
beeswax,8.5
beet,6.56
beetle,5.32
beetles,5.25
beetroot,10.69
beets,7.98
beeves,5.64
befall,10.59
befallen,12.51
befalling,12.51
befalls,12.51
befell,12.51
before,5.45
befoul,12.79
befriend,8.5
befriended,8.41
befriending,8.41
befriends,8.41
befuddled,11.5
beg,5.78
began,5.1
beget,14.2
beggar,7.63
beggared,7.3
beggars,7.3
beggary,11.67
begged,5.53
begging,5.53
begin,4.84
beginner,6.7
beginning,5.4
beginnings,6.09
begins,5.1
begonia,11.33
begrudge,12.94
begs,5.53
beguile,12.88
beguilement,15.57
beguiling,13.62
beguine,14.18
begun,5.1
behalf,9.2
behave,4.28
behaved,4.45
behaves,4.45
behaving,4.45
behavior,7.05
behavioral,11.89
behaviorist,15.17
behead,11.74
beheld,9.22
behemoth,12.22
behest,13.94
behind,4.9
behinds,4.45
behold,10.58
beholden,12.86
beholder,11.11
beholding,9.22
beholds,9.22
behoove,14.71
behooved,14.59
beige,7.74
beiges,8.37
being,5.99
beings,8.46
belabor,13.82
belated,11.45
belay,13.0
belch,6.22
belched,8.63
belches,8.63
belching,8.63
beldame,10.5
beleaguer,14.89
beleaguered,13.75
belfry,11.33
belie,11.62
belief,7.3
beliefs,8.86
believability,10.85
believable,8.5
believe,5.78
believed,6.16
believer,6.56
believes,6.16
believeth,6.16
believing,6.16
belike,13.45
belittle,12.88
bell,3.89
belladonna,14.71
bellboy,7.95
belle,10.37
belled,4.98
belles,9.95
bellhop,11.21
bellicose,15.0
bellies,5.24
belligerence,12.47
belligerency,14.25
belligerent,12.89
bellman,10.11
bellow,11.11
bellows,13.19
bells,4.98
belly,4.05
bellyache,6.58
bellyband,13.31
bellybutton,3.78
bellyful,5.67
bellying,5.24
belong,6.47
belonged,6.09
belonging,6.09
belongings,9.17
belongs,6.09
beloved,9.94
beloveds,8.98
below,5.84
belt,4.62
belted,5.48
belter,10.64
belting,5.48
beltless,9.65
beltline,11.88
belts,5.48
beltway,12.19
beluga,10.8
bemoan,13.8
bemused,14.71
bemusement,13.39
bench,4.21
benches,6.3
benching,6.3
benchmark,12.28
benchmarking,13.55
benchwarmer,10.22
bend,5.56
bended,9.67
bending,4.73
bends,4.73
bendy,7.69
beneath,5.67
benediction,14.11
benefaction,14.43
benefactor,11.25
benefactors,11.75
benefactress,14.94
beneficent,15.06
beneficial,10.84
beneficiary,15.06
benefit,9.17
benefited,9.32
benefits,9.32
benefitted,9.32
benevolence,14.76
benevolent,14.0
bengaline,11.83
benighted,13.56
benign,10.88
benison,18.0
bent,4.73
benthic,12.78
bentwood,12.0
benzene,14.16
benzenes,13.17
benzoate,15.46
bequeath,13.71
bequeathed,13.51
bequeathing,13.51
bequeaths,13.51
bequest,14.82
bequests,11.75
berate,14.0
bereaved,12.05
bereavement,14.47
bereft,14.69
beret,10.33
berets,10.22
beriberi,15.11
berkelium,19.67
berretta,13.0
berries,5.88
berry,5.21
berserk,10.89
berserker,12.83
berth,11.2
berthed,12.45
berths,12.45
beryllium,15.2
beseech,12.93
beseeching,12.85
beset,13.61
beside,7.22
besiege,13.44
besieger,12.88
besmirch,14.13
besom,14.0
bespeak,13.57
bespectacled,11.27
best,4.09
bested,4.65
bestial,13.94
bestiality,15.28
bestow,13.53
bestowed,11.9
bestowing,11.9
bestowment,15.5
bestows,11.9
bestride,12.92
bests,4.65
bestseller,10.0
bestselling,9.37
bet,7.0
beta,13.94
betake,13.09
bethink,13.07
betide,11.29
betoken,15.6
betray,9.39
betrayal,9.78
betrayals,9.71
betrayed,9.13
betrayer,9.17
betraying,9.13
betrays,9.13
betroth,12.17
betrothal,13.73
bets,7.3
betted,7.3
better,5.02
bettered,4.57
bettering,4.57
betterment,11.58
betterness,9.74
betters,4.57
betting,7.3
bettor,11.55
between,5.47
betweens,8.71
beverage,6.63
bevy,13.5
beware,8.05
bewilder,10.29
bewildered,11.63
bewildering,12.35
bewilderment,13.06
bewitch,10.61
bewitcher,13.2
bewitchment,10.0
beyond,6.32
bezant,15.83
bezel,15.6
bezique,16.5
biannual,9.47
bias,10.71
biased,10.95
biases,12.11
biathlon,13.33
bib,4.53
bible,4.95
bibles,5.56
biblical,6.9
bibliography,10.95
bibliomania,13.29
bibs,4.6
bibulous,17.29
bicarbonate,15.79
bicentennial,11.22
bicep,8.67
biceps,9.42
bicker,8.94
biconvex,14.67
bicultural,13.89
bicuspid,12.5
bicycle,4.26
bid,9.84
bidden,8.45
bidder,9.32
bidding,9.58
biddy,12.08
bide,13.56
bides,9.79
bidet,12.92
biding,9.79
bids,8.45
biennial,13.64
bier,11.22
biff,11.74
bifocal,11.39
bifocals,10.72
bifurcate,16.83
bifurcation,16.0
big,2.89
bigamist,14.38
bigamous,14.88
bigamy,13.24
bigger,3.52
biggest,3.52
biggie,7.28
biggish,7.33
bigheaded,10.33
bighearted,9.37
bighorn,11.0
bight,14.11
bigmouth,7.0
bigness,8.32
bigot,12.17
bigoted,12.75
bigotry,13.35
bigots,12.11
bigwig,8.95
bijou,14.36
bike,4.79
biked,4.18
biker,7.26
bikes,4.18
biking,4.18
bikini,8.26
bilateral,13.72
bilberry,14.0
bile,11.67
bilge,12.53
bilged,12.82
bilges,12.82
bilingual,11.74
bilious,14.33
bilk,13.88
bill,6.42
billable,13.05
billabong,15.06
billboard,7.72
billed,8.09
billet,13.2
billeting,16.0
billfold,9.38
billiard,11.11
billiards,10.63
billing,10.89
billion,8.37
billionaire,9.68
billions,8.51
billionth,8.89
billon,10.07
billow,10.38
billowy,10.93
bills,8.09
bimanual,13.82
bimbo,12.22
bimbos,10.99
bimodal,16.4
bin,4.68
binary,13.39
bind,10.24
binder,10.42
binding,11.0
bindle,14.78
binds,8.82
binge,15.22
binged,11.63
bingeing,11.63
binges,11.63
bingo,6.95
bingos,5.81
binman,13.53
binnacle,14.0
binocular,7.32
binoculars,6.79
binomial,13.75
bins,4.05
bio,9.75
bioassay,14.88
biochemical,11.94
biochemist,12.68
biochemistry,13.94
biodegradable,12.33
biodiversity,14.47
bioelectric,15.07
bioelectrical,14.06
bioelectricity,14.18
biofeedback,15.25
biogenetic,13.65
biogenetics,16.74
biogenic,15.62
biographer,10.37
biographical,10.05
biography,9.47
biohazard,11.71
biologic,11.75
biological,10.95
biologist,10.9
biologists,11.53
biology,9.35
bioluminescence,15.93
bioluminescent,15.67
biomass,16.43
biomechanical,14.76
biomedical,13.15
biometric,13.81
biometrics,15.29
biomorphic,15.53
bionic,14.05
biophysical,14.06
biophysicist,16.79
biophysics,15.11
biopic,14.62
biopsy,15.06
biorhythm,13.5
biosphere,13.11
biosynthesis,15.56
biotech,14.12
biotechnology,14.17
biparental,13.5
bipartisan,16.2
biped,12.62
bipedal,12.44
biplane,14.94
bipolar,15.05
biracial,9.83
birch,10.84
birches,10.9
bird,3.52
birdbath,5.95
birdbrain,8.22
birdcage,5.63
birdhouse,5.43
birdie,6.56
birdman,9.6
birds,4.31
birdseed,6.7
birdshot,11.82
birdsong,9.58
birefringence,14.6
biretta,15.0
birth,5.21
birthday,2.85
birthdays,3.49
birthed,5.84
birthing,10.94
birthmark,6.85
birthplace,6.9
birthrate,10.61
birthright,13.37
births,5.84
birthstone,9.22
biscuit,4.63
biscuits,6.0
bisect,11.72
bisection,14.11
bisexual,12.78
bisexuality,14.47
bishop,10.5
bishops,8.26
bison,8.11
bisque,14.0
bistro,11.79
bistros,11.49
bit,6.47
bitch,10.11
bitched,10.2
bitchery,13.94
bitches,10.2
bitchiness,12.55
bitching,10.2
bitchy,11.44
bite,3.58
biter,6.0
bites,4.47
biting,4.47
bits,4.36
bitsy,6.1
bitten,4.47
bitter,8.81
bitterest,7.98
bittern,14.5
bitterness,9.74
bitters,7.98
bittersweet,11.78
bitty,7.44
bitumen,16.8
bituminous,13.0
bivouac,14.8
biz,9.93
bizarre,8.53
blab,7.95
blabbed,8.29
blabber,10.41
blabbermouth,7.5
blabbing,8.29
blabs,8.29
black,3.56
blackball,10.87
blackberry,8.95
blackbird,6.11
blackboard,5.42
blackcurrant,13.19
blacked,4.19
blacken,9.05
blackened,9.83
blacker,4.19
blackest,4.19
blackface,13.0
blackfish,11.27
blackguard,13.56
blackhead,10.83
blacking,4.19
blackjack,10.39
blacklist,11.76
blackmail,10.05
blackmailer,11.84
blackness,7.0
blackout,9.68
blacks,4.19
blacksmith,9.84
blacksnake,9.31
blacktop,7.72
bladder,10.78
bladders,7.65
blade,6.72
bladed,9.41
blades,6.92
blah,8.98
blain,13.62
blame,6.48
blamed,5.99
blameful,10.12
blameless,9.67
blamer,10.94
blames,5.99
blaming,5.99
blanch,13.12
blanched,12.52
blancmange,13.5
bland,8.35
blander,9.62
blandish,13.31
blandishments,14.77
blandness,11.84
blank,6.05
blanked,7.11
blanket,3.61
blanketed,4.41
blanketing,4.41
blankets,4.41
blanking,7.11
blankness,9.15
blanks,7.11
blare,10.22
blared,9.53
blares,9.53
blaring,9.53
blarney,13.54
blase,12.65
blaspheme,10.8
blasphemer,13.59
blasphemous,11.25
blasphemy,10.72
blast,7.06
blaster,8.89
blasting,6.75
blastoff,6.58
blasts,6.75
blat,13.2
blatant,12.28
blather,12.8
blaze,7.47
blazed,8.24
blazer,9.6
blazers,9.3
blazes,8.24
blazing,8.24
blazon,14.5
bleach,8.0
bleaches,8.05
bleak,10.94
bleaker,9.9
bleakest,9.9
bleakness,12.68
bleary,11.94
bleat,12.92
bleats,12.0
bled,5.79
bleed,4.28
bleeder,9.76
bleeds,5.79
bleep,9.47
blemish,10.95
blemished,10.7
blemishes,10.7
blench,14.5
blend,10.17
blended,7.35
blender,6.84
blending,7.35
blends,7.35
bless,5.33
blessed,6.11
blessedness,10.18
blesses,7.34
blessing,7.63
blessings,7.06
blest,7.34
bleu,13.38
blew,5.31
blight,11.73
blighted,12.9
blighter,13.75
blighting,12.9
blights,12.9
blimp,6.63
blimps,7.84
blind,7.0
blinded,5.62
blinder,5.62
blindest,5.62
blindfold,8.11
blinding,7.21
blindness,7.21
blinds,5.62
blindside,13.11
blindworm,10.5
blink,5.63
blinked,5.19
blinker,8.89
blinking,5.19
blinks,5.19
blintz,12.8
blip,11.31
bliss,10.16
blissful,10.05
blister,6.74
blistered,7.88
blistering,9.83
blisters,7.88
blithe,16.13
blithering,11.87
blitz,10.4
blitzed,10.95
blitzes,10.95
blitzing,10.95
blitzkrieg,15.6
blizzard,7.94
blizzards,6.82
bloat,11.56
bloated,10.72
bloater,11.0
bloating,10.1
bloats,10.1
blob,6.16
blobby,7.79
blobs,6.87
block,4.79
blockade,10.55
blockaded,11.59
blockades,11.59
blockading,11.59
blockage,8.89
blockbuster,11.7
blocked,5.03
blocker,9.11
blockhead,8.8
blockheaded,10.28
blockhouse,10.58
blocking,5.03
blocks,5.03
blocky,11.42
blog,16.55
bloke,13.88
blokes,9.09
blond,6.72
blonde,6.06
blondeness,10.39
blonder,6.15
blondes,5.88
blondest,6.15
blondish,10.5
blondness,10.41
blonds,6.15
blood,4.89
bloodbath,11.2
bloodcurdling,12.74
bloodhound,11.32
bloodier,6.88
bloodiest,6.88
blooding,5.2
bloodless,10.78
bloodline,10.44
bloodlust,14.29
bloodmobile,13.0
bloodroot,13.82
bloods,5.2
bloodshed,11.44
bloodshot,11.29
bloodstain,7.0
bloodstained,7.63
bloodstream,9.05
bloodsucker,9.56
bloodthirsty,9.61
bloodworm,13.0
bloody,5.83
bloom,6.84
bloomed,8.03
bloomer,10.61
bloomers,9.24
blooming,7.17
blooms,8.03
blooper,8.94
blossom,6.61
blossomed,7.65
blossoming,7.65
blossoms,7.65
blot,8.38
blotch,9.28
blotches,10.03
blotchy,11.06
blots,8.61
blotted,8.61
blotter,11.5
blotting,8.61
blotto,13.0
blouse,6.65
blouses,6.33
blouson,16.82
blow,4.0
blowback,13.73
blower,8.32
blowfish,9.19
blowgun,10.89
blowhard,13.32
blowhole,9.32
blowing,5.31
blowjob,11.83
blown,5.31
blowout,9.42
blowpipe,11.82
blows,5.31
blowtorch,9.94
blowup,7.11
blowzy,14.14
blub,8.08
blubber,7.84
blubbered,9.49
blubbering,9.49
blubbers,9.49
blubbery,9.82
bludgeon,13.5
blue,3.53
bluebeard,9.73
bluebell,9.31
bluebells,6.15
blueberry,6.22
bluebird,5.37
blueblood,12.38
bluebonnet,10.57
bluebook,13.29
bluebottle,15.11
bluefish,8.76
bluegrass,10.33
bluejacket,11.56
bluejay,5.84
blueness,9.15
bluenose,14.18
bluepoint,12.1
blueprint,9.39
bluer,4.17
blues,9.81
bluesman,13.36
bluesy,12.08
bluff,8.82
bluffed,9.73
bluffer,12.06
bluffing,9.73
bluffs,9.73
bluing,4.17
bluish,8.25
blunder,10.61
blunderbuss,12.11
blundered,11.51
blunderer,10.75
blundering,11.51
blunders,11.51
blunt,11.05
blunted,11.72
bluntness,11.06
blunts,7.84
blur,8.95
blurb,11.56
blurred,7.52
blurriness,9.33
blurring,7.52
blurry,7.28
blurs,7.52
blurt,8.76
blurted,8.89
blurting,8.89
blurts,8.89
blush,7.95
blushed,7.05
blusher,9.44
blushes,7.05
blushing,7.05
bluster,11.79
blustery,9.39
boa,9.56
boar,9.83
board,6.37
boarded,6.07
boarder,9.35
boarding,9.0
boardinghouse,10.95
boardroom,10.81
boards,6.07
boardwalk,8.94
boars,8.82
boas,9.13
boast,8.22
boasted,7.56
boaster,11.12
boastful,9.0
boastfulness,10.55
boasting,7.56
boasts,7.56
boat,3.84
boater,7.06
boathouse,10.21
boating,8.45
boatload,11.0
boatman,8.72
boats,8.17
boatswain,14.64
boatyard,8.63
bob,6.16
bobbed,7.08
bobbin,9.88
bobbing,7.08
bobble,10.06
bobcat,7.06
bobolink,17.5
bobs,7.08
bobsled,9.38
bobsledder,7.58
bobsleigh,8.69
bobtail,9.59
bobwhite,11.4
bocce,12.82
bodacious,14.0
bode,10.93
bodega,13.67
bodes,12.62
bodice,14.5
bodied,5.47
bodies,5.47
bodiless,11.19
bodily,8.17
bodkin,10.75
body,4.28
bodybuilder,10.75
bodybuilding,10.56
bodyguard,10.0
bodysurf,9.33
bodywork,12.26
bog,9.37
bogey,10.73
bogeyman,6.21
bogged,10.17
bogging,10.17
boggle,12.0
boggy,11.0
bogs,10.17
bogus,9.94
bogyman,5.57
bohemian,15.37
boil,6.6
boiled,5.46
boiler,8.89
boilermaker,13.0
boilerplate,13.57
boilers,8.11
boils,5.46
boisterous,11.62
bold,9.21
bolder,7.73
boldest,7.73
boldface,11.74
boldfaced,10.9
boldness,9.8
bolero,13.92
boliviano,16.75
bollix,13.3
bollocks,14.94
bolo,12.67
bolshevism,14.4
bolster,12.5
bolt,7.28
bolted,7.39
bolting,7.39
bolts,7.39
bolus,15.6
bomb,8.0
bombard,11.95
bombardier,13.14
bombardment,11.37
bombast,12.31
bombastic,15.59
bombazine,19.0
bombed,7.31
bomber,8.84
bombers,10.3
bombing,7.74
bombproof,10.65
bombs,7.31
bombshell,11.22
bombsight,11.75
bona,14.67
bonanza,9.79
bonbon,9.28
bond,10.21
bondage,15.06
bondages,13.17
bonded,9.7
bonder,11.12
bonding,11.44
bondmaid,13.67
bondman,13.53
bonds,9.7
bondservant,13.7
bondsman,13.83
bone,5.53
boned,5.35
bonehead,9.44
boneless,7.89
boner,11.89
bones,5.35
boneshaker,12.77
boney,8.79
bonfire,8.8
bonfires,7.88
bong,14.16
bongo,8.4
bonhomie,15.25
boning,5.35
bonk,5.56
bonkers,8.28
bonnet,6.83
bonnets,8.87
bonny,10.14
bonsai,11.22
bonus,8.17
bonuses,10.27
bony,9.53
boo,3.78
boob,8.16
booby,7.33
boodle,13.12
booed,6.01
booger,4.63
boogeyman,4.26
boogie,9.72
boogied,6.97
boogieing,6.97
boogieman,5.11
boogies,6.97
boohoo,4.29
booing,6.01
book,3.68
bookcase,5.63
booked,3.75
bookend,8.88
bookie,13.65
bookies,10.9
bookish,10.89
bookkeeper,9.15
bookkeepers,9.5
bookkeeping,11.0
bookless,10.13
booklet,7.32
bookmaker,9.95
bookmark,8.26
bookmarker,6.75
bookmobile,10.29
books,3.75
bookseller,7.37
bookshelf,7.68
bookshop,6.89
bookstore,6.45
bookwork,8.35
bookworm,5.78
boom,5.56
boomed,6.37
boomer,12.12
boomerang,9.79
booms,6.37
boomtown,13.22
boon,12.94
boondoggle,14.33
boor,12.14
boorish,13.19
boorishness,16.4
boos,6.01
boost,7.89
boosted,8.09
booster,8.95
boosting,8.09
boosts,8.09
boot,3.89
bootblack,12.5
booted,5.16
booth,7.16
booths,10.02
bootie,6.89
booting,5.16
bootlace,10.18
bootleg,13.11
bootlegger,13.0
bootless,8.06
bootlicker,14.06
boots,4.86
bootstrap,9.94
booty,9.68
booze,10.42
boozed,10.97
boozer,12.06
boozes,10.97
boozing,10.97
boozy,13.25
bop,6.31
bopper,9.86
borax,14.23
bordelaise,13.0
bordello,16.21
border,6.85
bordereau,15.2
bordered,8.3
bordering,8.3
borderland,14.94
borderline,10.24
borders,8.3
bore,8.91
borealis,13.24
bored,6.25
boredom,7.68
borehole,13.91
borer,13.5
bores,8.51
boric,15.08
boring,5.26
boringness,9.11
borings,5.62
born,4.68
borne,4.36
borough,11.35
boroughs,11.7
borrow,6.95
borrowed,5.76
borrower,8.75
borrowing,5.76
borrows,5.76
borscht,15.23
borzoi,12.0
bosh,11.87
bosom,12.5
bosoms,9.66
bosomy,13.0
boss,6.16
bossed,7.6
bosses,7.6
bossing,7.6
bossy,7.06
botanic,11.82
botanical,10.78
botanist,10.63
botanists,11.04
botany,12.68
botch,10.53
botches,11.63
botching,11.63
both,4.77
bother,6.5
botheration,15.25
bothered,6.16
bothering,6.16
bothers,6.16
bothersome,10.67
bottle,3.56
bottleneck,11.81
bottlenose,10.47
bottler,10.29
bottles,4.33
bottling,9.58
bottom,5.28
bottomed,3.89
bottoming,3.89
bottomland,11.92
bottomless,8.33
bottoms,3.89
botulism,13.56
boudoir,13.0
bouffant,13.71
bougainvillea,16.88
bough,11.79
boughs,10.9
bought,4.6
bouillabaisse,15.8
bouillon,13.41
boulder,7.92
boulders,8.2
boulevard,9.19
boulevardier,15.5
bounce,6.17
bounced,5.45
bouncer,12.67
bounces,5.45
bouncier,5.35
bounciest,5.35
bounciness,7.22
bouncing,5.45
bouncy,4.61
bound,9.0
boundaries,9.34
boundary,8.35
bounded,8.6
bounden,17.14
bounder,10.2
bounding,10.21
boundless,12.05
bounds,8.6
bounteous,13.62
bounties,10.32
bountiful,10.47
bounty,9.35
bouquet,8.72
bouquets,9.22
bourbon,11.05
bourbons,13.96
bourgeois,16.36
bourgeoisie,14.64
bourn,14.43
bout,11.83
boutique,9.78
boutiques,10.13
boutonniere,13.0
bouts,12.98
bovine,12.41
bow,4.95
bowed,5.54
bowel,9.72
bowels,9.78
bower,12.77
bowery,12.42
bowing,5.54
bowl,4.26
bowled,4.47
bowlegged,9.59
bowler,10.58
bowlful,7.06
bowline,11.35
bowling,7.0
bowls,4.47
bows,5.54
bowtie,7.94
bowwow,4.29
box,4.3
boxcar,8.5
boxed,6.23
boxer,7.95
boxers,7.49
boxes,6.23
boxful,8.44
boxing,7.16
boxingglove,7.83
boxy,10.21
boy,3.67
boycott,12.79
boycotted,11.75
boycotting,11.75
boycotts,11.75
boyfriend,6.89
boyhood,8.61
boyish,10.17
boys,3.46
boysenberry,9.39
bozo,6.21
bozos,9.05
bra,8.21
brace,7.89
braced,7.29
bracelet,5.68
bracelets,5.14
bracer,11.82
braces,8.56
brachial,14.87
brachiosaurus,9.61
bracken,14.83
bracket,8.56
bracketed,9.49
brackets,9.49
brackish,15.23
brae,11.89
brag,7.79
braggadocio,15.11
braggart,12.57
bragged,6.94
bragger,7.0
bragging,6.94
brags,6.94
braid,7.22
braided,5.63
braiding,5.63
braids,5.63
braille,9.0
brain,5.76
brainchild,13.76
brained,5.99
brainer,11.0
braining,5.99
brainless,8.45
brainpan,10.31
brainpower,8.95
brains,5.99
brainstem,14.28
brainstorm,9.61
brainwash,11.53
brainwasher,13.05
brainwave,10.25
brainwork,10.65
brainy,7.86
braise,13.61
braised,13.83
braises,10.58
braising,10.58
brake,5.95
braked,6.44
brakeman,12.2
brakes,6.44
braless,10.06
bran,9.95
branch,5.11
branched,6.15
branches,6.15
branching,6.15
branchy,11.47
brand,7.72
branded,9.43
brandied,14.69
brandies,11.8
branding,9.43
brandish,12.39
brands,9.43
brandy,12.1
brandying,11.8
bras,8.51
brash,11.47
brasher,12.3
brashness,11.0
brass,9.05
brasserie,13.75
brasses,8.24
brassiere,11.0
brassieres,13.4
brassy,11.82
brat,6.21
brats,6.03
brattle,16.0
bratty,6.32
bratwurst,9.68
bravado,12.88
brave,6.0
braved,4.98
braveness,8.26
braver,4.98
bravery,8.32
braves,4.98
bravest,4.98
braving,4.98
braw,12.12
brawl,9.2
brawler,11.78
brawls,9.75
brawn,10.06
brawny,12.32
braze,10.62
brazen,12.19
brazier,13.21
braziers,12.19
breach,11.72
breached,11.56
breaches,11.56
breaching,11.56
bread,3.58
breadbasket,8.61
breadbin,9.67
breadboard,10.75
breadbox,6.8
breaded,9.11
breadfruit,13.29
breadline,12.54
breads,3.88
breadth,11.38
breadwinner,11.5
break,5.3
breakable,8.21
breakage,11.18
breakaway,11.79
breakdown,10.11
breaker,9.84
breakfast,3.47
breakfasted,3.67
breakfasting,3.67
breakfasts,3.67
breaking,6.88
breakneck,13.21
breakout,9.0
breaks,6.88
breakthrough,11.53
breakup,9.2
breakwater,12.27
breast,6.6
breastbone,10.75
breastfeed,10.74
breastfeeding,10.28
breastplate,12.39
breasts,8.03
breaststroke,9.95
breath,5.81
breathable,11.17
breathalyzer,14.85
breathe,4.11
breathed,4.52
breather,8.11
breathes,4.52
breathless,9.56
breathlessness,9.5
breaths,6.67
breathtaking,11.0
breathy,12.79
bred,8.65
breech,11.79
breeched,11.48
breeches,12.1
breed,9.0
breeder,11.53
breeding,9.3
breeds,8.65
breeze,6.22
breezed,7.05
breezes,7.05
breezeway,11.24
breezing,7.05
breezy,6.39
brethren,10.0
breviary,15.0
brevity,13.47
brew,9.06
brewed,9.02
brewer,11.01
brewers,11.19
brewery,10.72
brewing,10.44
brews,9.02
briar,9.62
bribable,13.0
bribe,9.74
bribed,10.45
bribery,10.65
bribes,10.45
bribing,10.45
brick,6.43
brickbat,11.71
bricked,5.35
bricking,5.35
bricklayer,9.5
bricklayers,8.06
bricklaying,9.28
bricks,5.35
brickwork,11.18
brickyard,10.4
bridal,8.47
bride,5.1
bridegroom,11.33
brides,6.66
bridesmaid,8.47
bridge,5.58
bridged,5.3
bridgehead,13.3
bridgeless,10.82
bridges,5.3
bridgework,10.33
bridging,5.3
bridle,10.35
brie,12.69
brief,8.44
briefcase,6.37
briefed,8.11
briefest,8.11
briefing,12.59
briefs,8.11
brier,11.64
brig,12.82
brigade,11.58
brigaded,12.01
brigades,12.01
brigadier,15.0
brigand,13.36
brigandage,13.5
brigands,11.55
brigantine,13.12
bright,6.58
brighten,7.06
brightened,6.81
brightening,6.81
brightens,6.81
brighter,5.43
brightest,5.43
brightness,7.24
brilliance,10.5
brilliancy,11.82
brilliant,7.95
brilliantine,13.79
brim,10.68
brimming,7.86
brims,7.86
brimstone,11.19
brindle,12.73
brine,14.25
bring,4.42
bringer,9.38
bringing,4.74
brings,4.74
brink,10.47
brinks,10.3
brinksmanship,14.07
briny,12.18
brio,13.57
brioche,15.45
briquette,13.73
brisk,10.17
brisket,12.11
bristle,10.58
bristles,7.66
bristling,7.66
bristly,12.13
brittle,9.78
bro,9.17
broach,10.72
broached,11.41
broaches,11.41
broaching,11.41
broad,10.5
broadband,13.83
broadbill,11.44
broadcast,9.3
broadcaster,9.16
broadcasting,9.53
broadcloth,12.73
broaden,9.56
broadened,8.23
broadening,8.23
broadens,8.23
broader,6.88
broadest,6.88
broadloom,13.67
broadminded,13.11
broads,6.88
broadside,11.88
broadsword,13.21
brocade,14.42
brocades,11.6
broccoli,5.2
broche,12.77
brochure,9.58
brochures,9.49
brogue,10.44
broil,8.65
broiled,8.87
broiler,9.63
broiling,8.87
broils,8.87
broke,6.88
broken,6.88
brokenhearted,10.53
broker,10.94
brokerage,15.8
brokered,11.39
brokering,11.39
brokers,11.39
bromeliad,16.29
bromide,14.0
bronchial,13.0
bronchitis,12.0
bronchodilator,14.33
bronchus,13.25
bronco,9.0
broncobuster,13.08
brontosaurus,8.17
bronze,10.0
bronzed,10.0
bronzer,13.5
bronzes,8.29
bronzing,8.29
bronzy,10.67
brooch,10.71
brooches,11.56
brood,10.47
brooded,10.02
brooder,11.71
broodiness,13.44
brooding,12.67
broods,10.02
broody,11.53
brook,8.42
brooking,7.5
broom,5.5
brooms,6.33
broomstick,6.11
broth,9.0
brothel,14.94
brothels,12.53
brother,3.63
brotherhood,9.44
brotherly,7.78
brothers,4.56
broths,8.75
brought,4.74
brouhaha,11.73
brow,9.82
browbeat,13.44
brown,4.2
browned,4.68
browner,4.68
brownie,4.8
brownies,7.62
brownish,7.71
brownnose,12.25
brownnoser,11.74
brownout,14.85
browns,4.68
brownstone,12.73
brows,9.36
browse,9.89
browser,14.0
browsing,9.1
bruise,5.45
bruises,6.6
bruising,9.44
brumby,15.8
brummagem,13.2
brunch,8.68
brunches,8.26
brunching,8.26
brunet,7.57
brunette,8.61
brunettes,7.57
brunt,12.52
brush,3.78
brushed,4.06
brushes,4.06
brushfire,9.56
brushing,4.06
brushless,10.5
brushstroke,9.26
brushwood,12.8
brushwork,11.17
brusque,14.77
brut,13.09
brutal,10.17
brutalities,10.41
brutality,12.0
brutalize,11.82
brute,10.85
brutes,9.7
brutish,13.11
bubble,3.79
bubbled,5.56
bubblegum,5.83
bubbles,5.56
bubbling,5.56
bubbly,8.17
bubby,8.56
bubo,13.5
buboes,18.5
bubonic,10.63
buccaneer,8.76
buccaneering,14.47
buck,7.68
buckaroo,9.06
buckboard,12.58
bucked,10.32
bucket,5.61
bucketful,7.05
bucketing,4.97
buckets,4.97
buckeye,12.47
buckhorn,14.0
bucking,10.32
buckle,6.42
buckled,6.82
buckles,6.82
buckling,6.82
bucko,7.79
buckram,16.5
bucks,10.32
bucksaw,13.57
buckshot,9.6
buckskin,10.06
bucktooth,9.82
bucktoothed,8.71
buckwheat,8.69
bucolic,12.0
bud,7.01
budded,6.67
buddhist,10.44
buddies,4.91
budding,10.47
buddle,12.7
buddy,5.37
budge,9.25
budged,7.79
budgerigar,8.98
budget,10.05
budgetary,14.53
budgeted,9.81
budgets,9.81
budgie,12.62
budging,7.79
buds,6.67
buff,11.74
buffalo,6.7
buffaloed,7.55
buffaloes,7.55
buffalos,7.55
buffed,10.03
buffer,12.37
buffers,10.87
buffet,7.58
buffeted,7.11
buffets,7.11
buffing,10.03
buffo,15.86
buffoon,9.16
buffoonery,13.44
buffoons,11.7
buffs,10.03
bug,3.79
bugaboo,11.06
bugged,7.01
bugger,10.53
buggery,13.06
buggies,8.37
bugging,7.01
buggy,6.95
bughouse,10.06
bugle,8.88
bugler,10.12
bugles,10.7
bugling,10.7
bugs,7.01
build,4.45
builder,5.95
builders,6.28
building,6.16
buildings,6.09
builds,4.8
buildup,9.63
built,4.8
bulb,6.56
bulbar,15.43
bulbous,13.44
bulbs,5.96
bulbul,17.2
bulge,8.1
bulged,8.81
bulges,8.81
bulging,8.81
bulgur,12.62
bulgy,11.62
bulimia,12.94
bulimic,13.32
bulk,10.21
bulked,8.11
bulkhead,13.07
bulking,8.11
bulks,8.11
bulky,10.47
bull,4.53
bulldog,7.28
bulldogs,7.86
bulldoze,8.06
bulldozer,5.61
bulled,5.33
bullet,6.7
bulletin,10.28
bulletproof,9.42
bullets,7.52
bullfight,9.11
bullfighter,8.78
bullfighting,9.32
bullfrog,6.33
bullheaded,12.0
bullheadedness,12.06
bullhorn,10.62
bullied,6.39
bullies,6.39
bullion,12.94
bullish,12.94
bullpen,9.94
bullring,10.69
bulls,5.33
bullshit,10.0
bullwhip,11.0
bully,6.05
bullyboy,10.92
bullying,6.39
bullyrag,13.0
bulwark,15.4
bum,8.11
bumbershoot,14.0
bumble,7.27
bumblebee,4.11
bumbler,11.64
bumbling,7.84
bummed,6.74
bummer,7.3
bummers,7.04
bumming,6.74
bump,4.35
bumped,4.6
bumper,7.32
bumpiness,8.89
bumping,4.6
bumpkin,10.37
bumps,4.6
bumptious,16.22
bumpy,5.11
bums,6.74
bun,5.79
bunch,4.89
bunched,6.41
bunches,6.41
bund,15.36
bundle,7.06
bundled,6.71
bundler,11.25
bundles,6.71
bung,11.6
bungalow,12.58
bungalows,6.95
bungee,11.16
bunghole,11.07
bungle,9.07
bungler,13.45
bungling,11.08
bunion,10.37
bunions,12.11
bunk,5.62
bunkbed,6.48
bunked,6.15
bunker,9.5
bunkered,10.99
bunkers,10.99
bunkhouse,10.2
bunking,6.15
bunkmate,10.74
bunko,16.5
bunks,6.15
bunkum,12.89
bunny,4.5
buns,6.23
bunt,8.66
bunted,7.43
bunter,12.45
bunting,11.22
bunts,7.43
buoy,9.76
buoyancy,11.84
buoyant,12.58
buoyed,10.9
buoys,10.9
burble,13.0
burden,9.11
burdened,9.37
burdens,9.37
burdensome,10.78
bureau,11.95
bureaucracy,11.95
bureaucrat,12.74
bureaucratic,14.05
bureaus,9.13
burg,12.18
burgee,15.0
burgeoning,13.65
burger,5.17
burgers,4.91
burgh,12.79
burglar,7.0
burglarize,10.89
burglars,5.75
burglary,9.06
burgle,10.08
burgomaster,17.25
burial,9.22
burials,8.85
buried,5.77
buries,5.77
burl,11.97
burlap,10.28
burled,12.55
burlesque,14.69
burliness,12.94
burly,10.47
burn,4.72
burned,4.52
burner,8.0
burners,8.6
burnout,12.11
burnt,4.52
burp,4.67
burped,5.21
burping,5.21
burps,5.21
burr,9.33
burrito,9.37
burro,10.72
burros,11.09
burrow,8.45
burrowed,9.05
burrower,11.28
burrowing,9.05
burrs,8.61
bursa,15.78
bursar,16.31
burse,12.0
bursitis,16.0
burst,7.72
bursting,5.46
bursts,5.46
burthen,14.6
bury,6.28
burying,5.77
bus,3.85
busboy,10.21
busby,14.0
bused,4.38
buses,4.38
bush,4.9
bushed,5.26
bushel,7.6
bushels,11.59
bushes,5.26
bushman,11.38
bushmaster,12.0
bushwhack,12.21
bushwhacker,11.18
bushy,7.33
busier,5.75
busies,5.75
busiest,5.75
business,7.47
businesses,8.66
businesslike,10.55
businessman,9.38
businessmen,9.01
businessperson,9.84
businesswoman,11.11
busing,4.38
buskin,16.25
busload,7.47
busman,11.93
buss,4.38
bussed,4.38
busses,4.38
bussing,4.38
bust,9.23
bustard,15.75
buster,8.38
busting,8.39
bustle,12.0
bustled,11.29
bustles,11.29
bustling,10.89
busts,8.39
busty,11.45
busy,5.95
busybody,9.53
busyness,8.88
busywork,9.06
but,4.6
butane,14.41
butch,11.33
butcher,7.9
butcherbird,15.43
butchered,8.62
butchering,8.62
butchers,8.62
butchery,11.26
butches,11.75
butler,7.5
butlers,8.24
buts,4.54
butt,3.73
butted,9.22
butter,5.78
butterball,8.89
buttercup,6.9
buttered,4.57
butterfat,11.78
butterfly,3.67
buttering,4.57
buttermilk,7.6
butternut,10.47
butters,4.57
butterscotch,6.78
buttery,6.16
buttes,9.22
butting,9.22
buttock,10.44
buttocks,7.72
button,4.78
buttoned,4.05
buttonhole,6.84
buttonhook,10.67
buttoning,4.05
buttons,4.05
buttress,12.8
butts,9.22
buxom,12.39
buy,5.56
buyable,9.37
buyer,6.94
buying,4.6
buyout,11.11
buys,4.6
buzz,7.1
buzzard,9.83
buzzards,8.79
buzzed,4.67
buzzer,5.72
buzzes,4.67
buzzing,4.67
buzzword,14.62
by,5.41
bye,3.28
byes,2.86
bygone,12.41
bylaw,13.89
byline,12.44
bypass,9.89
bypassed,11.7
bypasses,11.7
bypassing,11.7
byproduct,13.31
bystander,11.06
byte,13.57
byway,12.2
byword,14.2
byzantine,14.59
cab,6.94
cabal,15.75
cabala,18.0
cabalism,13.0
cabalist,15.71
cabalistic,15.7
caballero,13.18
cabana,13.12
cabaret,12.63
cabbage,5.78
cabbages,6.75
cabbie,9.38
cabdriver,8.57
caber,13.0
cabernet,15.33
cabin,6.39
cabinet,6.06
cabinets,7.66
cabins,6.82
cable,9.2
cabled,7.26
cablegram,13.27
cables,7.26
cabling,12.44
cabman,8.83
caboodle,10.5
caboose,6.44
cabooses,8.62
cabriole,15.25
cabriolet,16.29
cabs,6.74
cabstand,10.67
cacciatore,17.55
cache,15.05
caches,12.02
cachet,15.12
caching,12.02
cackle,8.56
cacophonous,15.38
cacophony,17.0
cacti,6.61
cactus,6.72
cactuses,6.61
cadastre,16.17
cadaver,13.0
cadaveric,16.6
cadaverous,15.47
caddie,9.83
caddied,10.7
caddies,10.7
caddy,10.7
caddying,10.7
cadence,13.06
cadenza,14.57
cadet,9.68
cadets,10.41
cadge,15.2
cadmium,14.92
cadre,15.45
caduceus,18.5
caesarean,13.53
cafe,8.75
cafes,7.34
cafeteria,7.15
caffeine,9.16
caftan,14.5
cage,5.06
cages,6.09
cagey,13.86
caging,6.09
cahoots,12.19
cairn,15.27
caisson,17.17
cajole,12.64
cake,3.26
caked,4.47
cakes,4.47
cakewalk,9.61
cakey,9.81
calabash,16.75
calaboose,12.67
calamari,13.16
calamine,8.19
calamite,16.25
calamitous,13.73
calamity,11.05
calceolaria,21.0
calcification,14.94
calcify,15.44
calcite,14.27
calcium,9.89
calculate,9.26
calculated,8.82
calculates,8.82
calculating,8.82
calculation,8.78
calculative,10.28
calculator,8.22
calculus,14.0
caldera,14.8
calendar,5.89
calendula,15.25
calf,6.63
calfskin,12.67
caliber,11.06
calibrate,12.89
calibration,12.44
calico,10.75
calif,13.67
californium,14.1
caliginous,16.0
caliph,14.75
calk,14.08
call,4.74
callback,10.89
called,4.84
caller,6.78
calligrapher,11.07
calligraphic,11.38
calligraphy,12.94
calling,4.84
calliope,12.45
callous,10.84
callousness,11.19
callow,13.25
calls,4.84
callus,9.88
calm,6.26
calmed,7.24
calmer,7.24
calmest,7.24
calmness,8.21
calms,7.24
calomel,13.6
caloric,12.8
calorie,11.42
calorific,14.64
calorimeter,15.38
calumnious,13.67
calve,8.84
calves,5.46
calving,10.42
calypso,14.59
calzone,12.72
cam,9.23
camaraderie,12.22
cambric,16.0
camcorder,11.65
came,4.7
camel,5.11
camelback,10.43
camellia,13.1
camels,5.61
camembert,15.71
cameo,11.06
camera,6.0
cameraman,10.28
camerawork,11.06
camion,11.4
camisole,13.72
camouflage,7.53
camp,5.78
campaign,12.55
campaigned,9.05
campaigner,13.37
campaigning,9.05
campaigns,9.05
campanile,14.4
camped,6.24
camper,6.67
campers,8.47
campfire,5.11
campground,7.83
camphor,13.44
camping,5.33
camporee,10.25
campout,6.27
camps,6.24
campsite,7.11
campstool,13.6
campus,10.84
campuses,12.39
campy,11.94
cams,11.1
camshaft,14.22
can,4.32
canal,7.61
canalization,12.83
canals,7.03
canape,16.38
canard,15.25
canaries,5.99
canary,7.32
canasta,13.17
cancan,12.33
cancel,7.89
canceled,7.04
canceling,7.04
cancellation,10.05
cancelled,7.04
canceller,13.43
cancelling,7.04
cancels,7.04
cancer,8.39
cancerous,11.78
cancers,9.87
candelabrum,12.18
candid,10.79
candidacy,12.29
candidate,10.39
candidates,11.34
candidness,14.29
candies,4.88
candle,5.37
candleholder,7.78
candlelight,7.0
candlelit,9.05
candlepower,8.62
candles,5.56
candlestick,5.61
candor,11.93
candy,4.0
cane,5.74
canebrake,11.67
caned,7.0
canes,7.0
canine,8.45
canines,9.49
canister,8.83
canker,10.44
cannabis,13.33
canned,7.56
cannelloni,13.44
cannery,11.15
cannibal,9.11
cannibalism,12.26
cannibalistic,12.63
cannibalize,11.11
canning,8.39
cannon,7.9
cannonade,15.0
cannonball,6.39
cannons,6.71
cannot,4.83
canny,13.88
canoe,6.63
canoeing,7.43
canoes,7.86
canola,12.68
canon,9.78
canoness,14.0
canonical,14.62
canonize,15.0
canons,8.62
canoodle,13.59
canopener,6.96
canopy,9.82
cans,4.05
canst,4.05
cantabile,11.67
cantaloupe,7.22
cantankerous,13.82
cantata,14.33
cantatrice,16.0
canteen,9.04
canteens,8.66
cantilever,15.2
cantina,13.53
cantle,15.29
canto,13.64
cantonal,16.0
canvas,8.15
canvasback,13.92
canvases,9.31
canvass,11.33
canvassed,10.04
canvasses,10.04
canvassing,10.04
canyon,8.39
canyons,10.24
cap,5.53
capability,9.4
capable,9.16
capacious,14.0
capacitance,15.0
capacitor,12.07
capacity,9.83
cape,6.9
caped,8.24
caper,12.41
capers,12.22
capes,6.45
capful,7.47
capillarity,14.92
capillary,13.17
capital,8.1
capitalism,11.42
capitalist,12.65
capitalistic,14.42
capitalization,8.53
capitalize,7.84
capitals,7.6
capitulate,14.36
capitulated,12.64
capitulating,12.64
capitulation,12.93
caplet,10.5
capo,13.7
capon,11.89
caporal,13.0
capped,4.8
capper,12.41
cappuccino,12.42
capricious,15.46
capricorn,10.81
caps,4.8
capsaicin,16.33
capsicum,15.89
capsize,10.24
capstan,11.0
capstone,13.47
capsular,13.33
capsule,10.44
capsules,9.05
captain,6.06
captaincy,15.5
captained,5.81
captaining,5.81
captains,5.81
captainship,10.27
caption,8.94
captivate,10.44
captivating,10.68
captivation,10.58
captive,9.44
captives,9.24
captivity,9.06
captor,9.06
capture,6.39
captured,7.34
captures,7.34
capturing,7.34
capuchin,14.62
car,3.37
carabao,17.0
caracal,15.0
carafe,11.23
caramel,6.58
caramelize,13.65
carapace,15.75
carat,13.25
carats,11.47
caravan,9.28
caravansary,15.0
caravel,14.44
caraway,14.33
carbide,14.36
carbine,13.47
carbohydrate,10.83
carbohydrates,11.96
carbolic,15.0
carbon,10.55
carbonaceous,16.31
carbonate,11.7
carbonation,12.25
carbonic,11.79
carboniferous,15.6
carbons,12.81
carboxylic,16.6
carboy,12.33
carbuncle,18.22
carburetion,13.83
carcass,12.25
carcasses,10.9
carcinogen,14.44
carcinogenic,14.0
carcinoma,15.25
card,6.2
cardamom,14.89
cardboard,5.4
carded,5.05
cardholder,11.16
cardiac,11.74
cardigan,10.11
cardinal,8.0
carding,5.05
cardiogram,14.89
cardiograph,13.47
cardiologist,13.42
cardiology,13.58
cardiopulmonary,15.5
cardiovascular,13.32
cards,5.05
cardsharp,12.58
care,5.65
cared,6.2
careen,11.56
career,9.95
careering,10.13
careers,10.13
carefree,9.89
careful,5.09
caregiver,8.83
careless,8.37
carelessness,6.61
carer,10.11
cares,6.2
caress,10.89
caressed,10.6
caresses,10.6
caressing,10.6
caretaker,9.75
caretaking,10.17
careworn,12.36
carfare,11.06
carful,7.56
cargo,9.48
cargoes,9.67
cargos,9.67
carhop,11.33
caribou,12.06
caricature,12.26
caricaturist,13.64
carillon,16.86
caring,6.2
carjack,12.33
carjacker,11.83
carless,10.94
carload,7.78
carmagnole,13.33
carmaker,9.06
carmine,15.62
carnage,12.5
carnal,12.29
carnality,14.06
carnation,10.21
carnauba,14.0
carnelian,15.11
carnival,6.95
carnivora,14.55
carnivore,11.0
carnivorous,9.67
carob,15.36
carol,7.28
caroled,5.88
caroling,5.88
carols,5.88
carom,16.5
carotene,15.06
carotid,17.08
carousal,8.06
carouse,13.22
carousel,6.68
carp,11.42
carpal,13.93
carpel,14.53
carpenter,7.39
carpenters,7.08
carpentry,9.83
carpet,6.05
carpetbag,11.44
carpetbagger,13.06
carpeting,6.37
carpets,4.7
carping,10.87
carpool,9.95
carport,11.19
carps,10.87
carriage,5.84
carriages,7.35
carried,5.11
carrier,8.26
carries,5.11
carrion,13.0
carronade,15.2
carrot,2.74
carrots,4.14
carry,5.16
carryall,11.83
carrying,5.11
carryon,9.38
cars,4.14
carsick,5.63
carsickness,9.33
cart,6.16
cartage,14.09
carte,11.93
carted,5.3
cartel,14.06
cartels,11.9
cartilage,10.94
cartilaginous,14.14
carting,5.3
cartload,7.72
cartographer,12.5
cartographic,14.0
cartographical,14.82
cartography,12.75
carton,7.0
cartons,6.4
cartoon,3.11
cartooned,4.0
cartooning,4.0
cartoonist,7.56
cartoons,4.0
cartouche,14.83
cartridge,10.95
cartridges,11.39
carts,5.3
cartwheel,5.94
carve,6.35
carved,6.62
carves,6.62
carwash,6.78
casaba,15.62
cascade,12.3
cascaded,10.13
cascades,10.13
cascading,10.13
cascara,14.14
case,6.74
casebook,10.22
cased,6.3
casein,13.5
caseload,12.89
casement,12.32
cases,6.3
casework,13.25
caseworker,10.22
cash,4.84
cashbook,12.18
cashbox,9.47
cashed,6.88
casher,9.75
cashes,6.88
cashew,8.68
cashier,6.74
cashiered,8.64
cashiers,8.64
cashing,6.88
cashmere,13.05
casing,11.53
casino,9.58
cask,13.12
casket,8.26
caskets,8.7
casks,11.93
casque,11.87
cassava,17.44
casserole,7.32
cassette,6.37
cassettes,8.45
cassis,12.29
cassock,14.88
cast,7.24
castanet,11.22
castaway,9.06
caste,13.07
castellated,15.5
caster,12.27
castigate,16.41
castle,5.8
castled,9.36
castles,4.86
castoff,10.25
castrate,12.43
castrated,13.18
castrati,14.25
castrating,13.18
castration,11.94
casts,8.77
casual,9.83
casualness,11.05
casuals,8.47
casualty,12.84
casuistic,16.83
casuistry,17.1
cat,3.68
cataclysm,13.32
cataclysmic,12.33
catacomb,11.75
catalepsy,14.56
cataleptic,16.2
catalog,8.55
cataloger,11.62
catalogue,7.84
cataloguer,14.54
catalpa,15.0
catalyst,12.56
catalytic,13.95
catalyze,14.28
catamaran,15.55
catamite,15.71
catamount,14.0
cataplexy,16.0
catapult,10.56
cataract,14.9
catarrh,17.0
catarrhal,17.0
catastasis,15.7
catastrophe,11.15
catastrophes,10.34
catastrophic,12.11
catatonia,15.07
catatonic,13.62
catbird,11.45
catch,4.61
catchable,9.56
catcher,7.63
catches,5.26
catching,5.26
catchment,12.0
catchphrase,11.22
catchy,8.74
catechism,11.0
categorical,11.72
categorization,10.44
categorize,9.47
category,8.15
cater,10.85
caterer,12.19
cateress,12.0
caterpillar,5.17
caterwauling,15.77
catfight,9.47
catfish,6.61
catgut,14.5
catharsis,14.4
cathartic,15.06
cathedral,10.58
catheter,14.37
catheterization,14.84
cathode,14.6
cathodes,13.64
cathodic,15.5
catholic,7.84
catholicism,9.77
cathouse,11.32
catlike,9.42
catnap,7.17
catnip,6.89
cats,2.78
catsup,6.65
cattery,12.83
cattiness,11.18
cattle,6.53
cattleman,8.38
catty,11.16
catwalk,10.32
caucus,14.88
caudate,13.33
caught,5.26
cauldron,9.61
cauliflower,6.18
causable,12.94
causal,9.59
causality,12.06
causation,13.89
causative,13.62
cause,5.84
caused,7.64
causer,12.38
causes,7.64
causeway,11.78
causing,7.64
caustic,15.0
cauterization,15.14
cauterize,14.76
caution,6.22
cautionary,9.71
cautioned,8.47
cautions,8.47
cautious,8.25
cautiousness,10.0
cava,14.56
cavalcade,12.9
cavalier,12.47
cavalry,9.16
cavalryman,9.5
cave,6.74
caveat,16.13
caved,5.92
caveman,6.28
cavern,8.84
cavernous,10.56
caverns,8.6
caves,5.92
caviar,12.83
caving,10.11
cavity,7.5
cavort,12.06
cavy,14.5
cay,14.7
cayenne,12.81
cease,9.26
ceased,11.04
ceasefire,11.57
ceaseless,12.11
ceases,11.04
ceasing,11.04
cecum,17.25
cedar,9.86
cedars,8.45
cede,15.5
ceiling,4.75
ceilings,6.24
celadon,14.5
celandine,19.0
celeb,11.22
celebrant,12.25
celebrate,6.21
celebration,7.05
celebratory,10.06
celebrity,8.11
celeriac,16.67
celerity,15.4
celery,5.78
celeste,13.96
celestial,11.0
celiac,17.92
celibacy,12.37
celibate,11.94
cell,10.0
cellar,8.94
cellars,7.24
cellblock,12.47
cellist,11.55
cellmate,10.75
cello,9.89
cellophane,11.47
cellphone,14.67
cells,9.87
cellular,11.53
cellulite,13.65
celluloid,14.07
cellulose,13.22
cellulosic,15.3
cement,6.89
cemented,7.84
cements,7.84
cemetery,7.78
cenobite,16.33
censor,9.74
censorable,12.05
censored,10.13
censoring,10.13
censors,10.13
censorship,13.05
censure,13.0
census,11.14
cent,6.0
centaur,9.39
centavo,13.0
centenary,13.11
centennial,10.18
center,6.57
centerboard,12.29
centered,5.74
centerfold,10.8
centering,5.74
centerline,10.67
centerpiece,8.89
centerpieces,9.55
centers,5.74
centigrade,10.47
centigram,11.89
centime,13.17
centimeter,8.56
centipede,7.39
central,8.0
centralization,14.65
centralize,11.79
centralized,11.72
centralizer,12.25
centre,5.74
centrifugal,13.14
centrifugation,14.56
centrifuge,15.17
centripetal,14.47
centrist,16.38
cents,8.6
centuries,8.24
centurion,13.0
century,7.0
cephalic,15.33
cephalopod,13.6
ceramic,8.37
ceramics,9.5
cereal,4.44
cereals,5.05
cerebellum,14.45
cerebral,12.47
cerebrate,10.42
cerebration,16.2
cerebrospinal,15.5
cerebrum,12.82
ceremonial,10.89
ceremonies,8.34
ceremonious,11.59
ceremony,7.11
cerise,16.55
cerium,15.57
cert,13.0
certain,8.2
certainly,7.24
certainty,10.11
certifiable,11.11
certificate,8.42
certificates,8.71
certification,11.6
certified,10.58
certify,11.1
certiorari,14.67
certitude,14.08
cerulean,13.0
cervical,13.95
cervix,14.67
cesarean,11.63
cesium,14.36
cessation,15.38
cesspit,15.58
cesspool,13.65
cetacean,13.0
chafe,11.68
chafed,12.22
chafes,12.22
chaff,10.25
chaffed,12.52
chaffer,16.17
chaffinch,8.0
chaffing,12.52
chaffs,12.52
chagrin,13.38
chagrined,13.94
chain,5.22
chained,6.3
chaining,6.3
chains,6.3
chainsaw,7.0
chair,3.43
chaired,4.36
chairing,4.36
chairlady,12.18
chairlift,12.09
chairman,10.84
chairmanship,12.21
chairperson,11.0
chairs,4.36
chairwoman,12.95
chaise,13.33
chalet,13.8
chalice,11.35
chalices,12.19
chalk,4.47
chalkboard,5.78
chalked,5.33
chalking,5.33
chalks,5.33
chalky,8.05
challenge,7.55
challenged,9.03
challenger,8.37
challenges,9.03
chalybeate,13.75
chamber,9.3
chambered,13.67
chambering,9.05
chambermaid,11.72
chambers,9.05
chameleon,10.18
chamois,14.5
champ,7.53
champagne,10.26
champing,7.56
champion,8.61
championed,7.24
championing,7.24
champions,7.24
championship,9.37
champs,7.56
chance,7.78
chanced,6.73
chancellery,13.64
chancellor,11.45
chancery,12.12
chances,6.73
chanciness,13.09
chancre,12.54
chancy,11.77
chandelier,8.63
chandelle,10.0
chandlery,16.2
change,4.26
changeable,10.37
changed,6.2
changefulness,12.41
changeless,11.58
changelessness,12.19
changeling,12.29
changeover,10.26
changer,11.2
changes,6.2
changing,6.2
channel,5.79
channeling,8.18
channels,8.18
chanson,15.5
chant,6.88
chanted,8.89
chanter,12.36
chanterelle,16.33
chanteuse,15.43
chantey,11.5
chanticleer,13.0
chanting,8.89
chantry,13.38
chants,8.89
chaos,10.05
chaotic,8.5
chap,10.0
chaparral,16.0
chapbook,11.38
chapeau,14.92
chapel,6.95
chapels,7.24
chaperon,9.16
chaplain,12.19
chaplains,12.32
chaplet,15.09
chapped,7.22
chapping,7.22
chaps,7.22
chapter,6.42
chapters,6.26
char,9.34
character,6.47
characteristic,10.47
characteristics,9.93
characterization,11.16
characterize,10.61
characters,9.19
charade,9.56
charades,11.29
charbroil,12.16
charcoal,8.0
charcoals,8.96
chard,14.0
chardonnay,16.25
charge,7.5
charged,7.34
charger,10.63
charges,7.34
charging,7.34
chariot,9.11
charioteer,12.57
charisma,11.82
charismatic,12.47
charitable,10.5
charities,8.6
charity,7.63
charlady,13.0
charlatan,12.36
charlatanism,14.88
charm,8.09
charmer,10.79
charming,6.26
charmless,10.89
charms,9.03
charnel,13.33
charred,10.2
chart,7.59
charted,7.58
charter,10.33
chartered,10.6
chartering,10.6
charters,10.6
charting,7.58
chartreuse,14.0
charts,7.58
charwoman,11.45
chase,5.53
chased,5.27
chaser,11.22
chases,5.27
chasing,5.27
chasm,14.33
chasms,10.49
chasse,12.0
chassis,12.2
chaste,13.11
chasten,14.62
chastened,12.28
chastise,12.5
chastised,9.9
chastisement,11.64
chastises,9.9
chastity,11.78
chat,7.33
chateau,13.22
chateaubriand,16.0
chateaus,12.85
chateaux,12.85
chats,6.37
chatted,6.37
chattel,14.64
chatter,7.56
chatterbox,9.33
chatterboxes,6.35
chattered,6.57
chatters,6.57
chatting,6.37
chatty,8.22
chauffer,10.24
chauffeur,9.84
chauffeured,10.99
chauffeuring,10.99
chauffeurs,10.99
chauvinism,13.35
chauvinist,12.71
chauvinistic,13.28
chaw,12.11
cheap,7.11
cheapen,9.35
cheaper,6.5
cheapest,6.5
cheapie,9.71
cheapish,10.82
cheapjack,10.6
cheapness,9.84
cheapo,9.67
cheapskate,8.79
cheat,5.11
cheated,6.14
cheater,6.06
cheating,6.14
cheats,6.14
check,5.53
checkbook,8.67
checked,7.01
checker,6.89
checkerboard,6.74
checkered,9.28
checkers,6.11
checking,7.01
checklist,7.78
checkmark,9.28
checkmate,9.0
checkout,6.44
checkpoint,13.0
checkroom,12.36
checks,7.01
checksum,14.17
checkup,6.06
cheddar,7.14
cheek,5.06
cheekbone,7.17
cheeked,5.47
cheekiness,11.24
cheeks,5.47
cheeky,10.63
cheep,6.64
cheeping,8.8
cheer,5.0
cheered,5.69
cheerful,7.68
cheerfulness,8.15
cheering,5.69
cheerleader,6.0
cheerless,9.22
cheers,8.59
cheery,7.19
cheese,4.33
cheeseboard,9.75
cheeseburger,4.78
cheesecake,8.11
cheesecloth,13.2
cheesed,4.41
cheeses,4.41
cheesing,4.41
cheesy,6.21
cheetah,8.16
cheetahs,8.46
chef,8.3
chefs,8.73
chela,15.0
chemical,9.5
chemicals,9.7
chemise,12.91
chemist,8.94
chemistries,8.92
chemistry,9.94
chemists,7.29
chemo,14.24
chemosynthesis,15.78
chemotherapeutic,16.07
chemotherapy,12.53
chenille,14.67
cheongsam,17.5
cherish,8.9
cherishes,9.31
cheroot,14.5
cherries,6.41
cherry,5.58
chert,13.5
cherub,12.18
cherubic,11.93
cherubim,12.01
cherubs,12.01
chervil,14.57
chess,5.37
chessboard,8.37
chessman,10.79
chest,5.05
chestnut,6.55
chests,6.13
chesty,12.32
chevalier,14.33
cheviot,17.0
chevron,10.79
chew,4.05
chewable,6.39
chewed,4.4
chewer,7.0
chews,4.4
chewy,6.74
chiaroscuro,14.67
chiasm,14.45
chic,9.53
chicane,13.57
chicanery,12.75
chicest,10.84
chichi,12.9
chick,5.53
chickadee,9.79
chicken,3.26
chickened,5.15
chickening,5.15
chickenpox,5.95
chickens,5.15
chicks,5.73
chickweed,13.43
chicory,12.5
chid,10.22
chide,12.33
chided,12.67
chief,7.53
chiefs,6.71
chieftain,10.75
chiffon,13.78
chigger,10.78
child,5.15
childbearing,10.37
childbed,8.0
childbirth,9.25
childhood,7.94
childhoods,7.45
childish,6.33
childishness,8.78
childless,9.38
childlike,8.11
childproof,7.95
children,4.1
chili,6.61
chiliastic,13.33
chilidog,7.58
chilies,5.31
chill,6.4
chiller,9.94
chilliness,6.5
chilling,8.65
chills,6.88
chilly,6.39
chime,7.83
chimed,8.12
chimes,8.12
chiming,8.12
chimney,6.58
chimneys,6.06
chimp,7.17
chimpanzee,7.26
chimpanzees,6.88
chimps,6.26
chin,4.22
chinaware,10.05
chinchilla,12.67
chinchillas,11.04
chine,10.33
chink,10.47
chinked,9.07
chinks,9.07
chinless,8.17
chinning,4.9
chins,4.9
chintz,12.54
chintzy,13.07
chinwag,12.2
chip,5.89
chipmunk,4.7
chipmunks,10.89
chipper,8.2
chippie,14.31
chipping,5.09
chips,5.09
chirography,16.0
chiropodist,17.57
chiropody,14.86
chiropractic,14.05
chiropractor,12.67
chirp,4.63
chirping,5.96
chirps,5.96
chirpy,9.12
chirrup,14.08
chisel,10.53
chiseled,10.9
chiseler,9.22
chiseling,10.9
chisels,10.9
chit,11.45
chitchat,9.59
chitin,11.71
chitlins,12.21
chivalric,15.33
chivalrous,11.95
chivalry,13.89
chive,11.07
chives,10.75
chloral,14.67
chlorate,13.21
chlordane,18.71
chloride,12.22
chlorinate,11.71
chlorine,8.57
chloroform,14.0
chloromethane,17.0
chlorophyll,11.75
chlorpromazine,16.5
chock,10.69
chockablock,13.14
chocked,11.17
chocking,11.17
chocks,11.17
chocoholic,13.47
chocolate,3.33
chocolaty,7.05
choice,5.17
choices,6.93
choicest,6.93
choir,6.53
choirboy,7.83
choirs,7.01
choke,6.11
chokecherry,13.5
choked,5.86
choker,11.0
chokes,5.86
choking,5.86
choky,8.6
choler,17.25
cholera,12.69
choleric,13.88
cholesterol,13.15
cholinesterase,16.43
chomp,6.11
chon,17.6
choose,4.74
chooser,6.56
chooses,6.33
choosing,6.33
choosy,8.37
chop,6.74
chophouse,11.47
chopped,6.11
chopper,8.21
choppers,10.6
chopping,6.11
choppy,9.16
chops,6.11
chopstick,8.5
chopsticks,7.85
choral,8.07
chorale,11.5
chord,9.71
chords,9.16
chore,5.79
choreograph,13.16
choreographer,12.25
choreography,12.14
chores,6.17
chorister,12.86
chorizo,13.46
chorography,11.73
chorology,14.75
chortle,13.83
chorus,7.5
choruses,6.93
chose,6.33
chosen,6.33
chow,7.89
chowder,8.0
chowhound,11.08
chowtime,7.95
chrestomathy,18.0
chrism,13.67
christen,8.43
christening,10.56
christmas,4.35
christmastree,4.14
chromatic,12.56
chromatograph,15.22
chromatography,16.92
chrome,8.32
chromed,10.39
chromes,10.39
chromic,13.8
chromium,12.89
chromo,11.0
chromosomal,13.35
chromosome,11.78
chronic,11.25
chronicle,9.45
chronicler,13.4
chronograph,13.4
chronological,11.74
chronologies,12.34
chronologist,14.5
chronology,12.83
chronometer,14.23
chronometric,16.0
chrysalis,11.69
chrysanthemum,8.47
chub,10.6
chubby,7.78
chuck,6.72
chucked,8.4
chucker,10.92
chucking,8.4
chuckle,6.3
chuckled,6.5
chucklehead,12.0
chuckles,6.5
chuckling,6.5
chucks,8.4
chuff,12.57
chug,9.37
chugalug,9.33
chugged,8.96
chugging,8.96
chugs,8.96
chukka,13.67
chum,9.24
chumming,10.1
chummy,9.78
chump,10.95
chumps,9.46
chums,10.1
chunk,8.53
chunking,6.58
chunks,6.58
chunky,7.42
church,5.15
churches,5.67
churchgoer,6.94
churchgoing,9.3
churchman,8.84
churchy,9.47
churchyard,6.42
churl,14.07
churlish,13.14
churn,9.0
churned,9.24
churning,9.24
churns,9.24
chute,7.68
chutes,10.27
chutney,14.75
chutzpah,13.5
cicada,11.54
cicatrices,16.0
cicatrix,15.33
cicerone,16.17
cider,5.83
cig,11.62
cigar,7.67
cigarette,6.39
cigarettes,4.99
cigarillo,15.17
cigars,8.71
cilantro,12.27
cilia,14.79
ciliate,13.75
cinch,10.72
cinched,10.72
cinches,10.72
cinchona,14.5
cincture,14.33
cinder,7.57
cinders,5.97
cine,14.44
cinema,8.85
cinematic,11.26
cinematograph,13.75
cinematographer,13.53
cinematography,13.78
cinnamon,5.37
cipher,13.82
ciphers,13.4
circ,12.5
circa,13.12
circadian,14.25
circle,3.67
circled,6.23
circles,6.23
circling,6.23
circuit,11.78
circuitous,14.56
circuitry,12.62
circuits,9.75
circular,7.68
circularize,13.25
circulate,9.79
circulation,10.05
circulatory,13.17
circum,13.47
circumambulate,17.0
circumcise,12.24
circumcision,12.11
circumference,11.84
circumferential,12.5
circumnavigate,11.28
circumspect,14.15
circumspection,16.67
circumstance,9.84
circumstances,10.22
circumstantial,13.75
circumvent,13.53
circus,4.53
circuses,5.35
cirque,14.36
cirrhosis,13.07
cirrhotic,18.67
cirrus,11.08
cisalpine,15.0
cistern,12.0
citadel,13.13
citation,12.95
cite,13.29
cited,11.41
cites,11.41
cithara,15.5
cities,5.25
citing,11.41
citizen,7.74
citizenry,12.9
citizenship,9.95
citrate,15.8
citric,12.11
citrus,6.63
city,6.56
cityscape,13.42
citywide,10.32
civet,11.33
civic,11.8
civics,11.35
civil,10.89
civilian,9.76
civilisation,9.92
civilisations,9.92
civility,13.38
civilization,10.0
civilizations,9.92
civilize,10.06
civilized,9.89
civilizing,11.05
clabber,10.9
clack,9.38
clacked,9.38
clacker,9.33
clacking,9.38
clacks,9.38
clad,10.17
claim,9.05
claimed,8.3
claimer,13.05
claiming,8.3
claims,8.3
clairaudient,16.12
clairsentience,15.0
clairvoyance,13.06
clairvoyant,12.33
clam,7.37
clambake,12.38
clamber,11.4
clammed,6.47
clamming,6.47
clammy,10.58
clamor,11.63
clamp,10.89
clampdown,13.0
clamped,9.24
clamping,9.24
clamps,9.24
clams,6.47
clamshell,8.11
clan,11.05
clandestine,13.28
clang,9.53
clanged,7.37
clanging,7.37
clangs,7.37
clank,6.95
clanked,8.65
clanking,8.65
clanks,8.65
clannish,13.29
clans,11.07
clansman,12.19
clap,3.4
clapboard,11.39
clapped,4.18
clapper,9.25
clapperboard,12.33
clapping,4.18
claps,4.18
claptrap,12.4
claque,15.78
claret,15.67
clarification,12.06
clarifier,13.57
clarify,11.24
clarinet,9.22
clarion,15.5
clarity,10.55
clash,8.95
clashed,8.39
clashes,8.39
clasp,8.63
clasped,7.83
clasping,7.83
class,4.95
classed,4.87
classes,4.87
classic,8.42
classical,7.68
classicist,13.23
classics,9.04
classification,11.11
classified,11.58
classify,9.65
classis,14.11
classism,15.4
classist,15.8
classless,10.39
classmate,7.15
classroom,5.63
classy,10.32
clatter,8.74
clattering,6.77
clatters,6.77
clause,12.16
clauses,13.64
claustrophobia,10.28
claustrophobic,12.42
clave,11.85
clavichord,12.33
clavicle,13.38
clavier,13.56
claw,4.7
clawed,5.53
clawing,5.53
clawless,8.28
claws,5.53
claxon,12.11
clay,5.32
clays,7.18
clean,3.89
cleaned,4.26
cleaner,5.76
cleaners,6.34
cleanest,4.26
cleanliness,7.63
cleanness,6.56
cleans,4.26
cleanse,8.11
cleansed,8.68
cleanser,8.22
cleanses,8.68
cleansing,9.11
cleanup,5.06
clear,5.8
clearance,8.95
clearances,10.75
cleared,5.63
clearer,5.63
clearest,5.63
clearheaded,11.11
clearing,5.63
clearinghouse,12.5
clearness,8.25
clears,5.63
clearway,13.94
cleat,9.0
cleats,9.6
cleavage,12.95
cleave,13.31
cleaved,11.85
cleaver,8.94
cleavers,11.02
cleaves,11.85
clef,12.56
cleft,11.83
clefts,10.63
clemency,14.12
clench,9.89
clenched,8.92
clenches,8.92
clenching,8.92
clergy,10.15
clergyman,9.72
clergymen,8.19
cleric,11.89
clerical,10.79
clerics,12.53
clerk,6.74
clerked,8.65
clerking,8.65
clerks,8.65
clerkship,14.12
clever,7.5
cleverer,6.71
cleverest,6.71
cleverness,7.75
clevis,13.67
clew,16.2
cliche,12.13
click,6.94
clicked,6.47
clicker,6.89
clicking,6.47
clicks,6.47
client,12.05
clientele,14.12
clients,10.73
cliff,7.28
cliffhanger,9.61
cliffs,6.5
climactic,13.24
climate,7.95
climates,8.98
climatic,10.22
climax,10.79
climaxed,10.83
climaxes,10.83
climaxing,10.83
climb,5.3
climbable,8.35
climbed,4.96
climber,8.05
climbing,4.96
climbs,4.96
clime,13.67
clinch,10.94
clinched,9.75
clincher,10.12
clinches,9.75
clinching,9.75
cling,7.74
clinger,10.47
clinging,7.6
clings,7.6
clingy,7.28
clinic,9.37
clinical,11.84
clinician,13.35
clinics,8.62
clink,9.44
clinked,7.83
clinker,11.43
clinking,7.83
clinks,7.83
clip,6.61
clipboard,7.76
clipped,7.05
clipper,9.56
clipping,8.89
clips,7.05
clique,12.42
cliques,11.04
cliquey,12.5
clitoral,15.2
clitoris,14.0
cloak,6.95
cloaked,6.37
cloaking,9.68
cloakroom,9.35
cloaks,6.37
clobber,8.53
clobbered,9.71
clobbering,9.71
clobbers,9.71
clock,4.42
clocked,4.39
clocking,4.39
clockmaker,8.74
clocks,4.39
clockwork,8.79
clod,10.59
clodhopper,12.94
clodpoll,16.0
clods,10.65
clog,9.39
clogged,8.15
clogging,8.15
cloggy,10.36
clogs,8.15
cloisonne,16.5
cloister,14.71
cloistered,11.67
clone,8.89
clones,10.61
cloning,14.2
clop,9.19
close,4.5
closed,4.71
closeness,7.32
closer,4.71
closes,4.71
closest,4.71
closet,5.0
closeted,5.2
closetful,9.75
closets,5.2
closeup,8.0
closing,4.71
closure,12.11
closures,10.87
clot,11.05
cloth,5.3
clothe,8.83
clothed,7.22
clothes,3.11
clotheshorse,15.33
clothesline,6.67
clothespin,7.83
clothier,14.71
clothing,4.22
cloths,5.24
clots,9.61
clotted,9.61
clotting,9.61
cloud,3.63
cloudburst,14.29
clouded,4.64
cloudiness,8.37
clouding,4.64
cloudless,7.6
cloudlike,9.6
clouds,4.64
cloudy,5.5
clout,16.86
clouted,12.67
clouts,12.67
clove,10.88
cloven,11.56
clover,5.74
cloverleaf,6.35
clovers,6.68
cloves,9.87
clown,3.72
clowned,3.91
clowning,3.91
clownish,8.84
clownishness,9.5
clowns,3.91
cloy,14.5
cloying,14.56
club,5.89
clubbed,6.43
clubby,13.17
clubfoot,11.17
clubhouse,7.44
clubs,6.43
clubwoman,13.62
cluck,5.22
clucked,6.06
clucking,6.06
clucks,6.06
clue,6.06
clued,6.5
clueing,6.5
clueless,7.71
clues,6.5
clump,8.62
clumped,8.75
clumping,8.75
clumps,8.75
clumpy,7.32
clumsier,6.81
clumsiest,6.81
clumsiness,8.22
clumsy,7.26
clung,7.6
clunk,8.22
clunker,9.37
clunky,8.22
cluster,10.0
clustered,9.49
clusters,9.49
clutch,10.24
clutched,10.05
clutches,10.05
clutching,10.05
clutter,8.33
cluttered,8.24
cluttering,8.24
clutters,8.24
coach,6.89
coached,6.34
coaches,6.34
coachman,11.39
coachmen,7.47
coadjutor,17.5
coagulant,14.18
coagulate,13.95
coagulation,14.0
coagulator,16.38
coal,6.65
coaled,5.67
coalesce,16.22
coalescence,16.0
coalition,13.94
coalmine,10.33
coals,5.67
coarse,9.11
coarseness,11.56
coast,6.43
coastal,8.11
coasted,5.74
coaster,7.89
coasters,8.71
coastguard,9.39
coasting,5.74
coastline,9.0
coasts,5.74
coastwise,13.73
coat,3.58
coated,4.14
coathanger,5.36
coating,8.56
coatroom,8.56
coats,4.14
coattail,10.8
coauthor,10.65
coax,11.47
coaxed,10.95
coaxes,10.95
coaxial,14.87
coaxing,10.95
cob,6.52
cobalt,13.47
cobber,10.4
cobble,10.0
cobbler,9.0
cobblers,6.01
cobblestone,10.5
cobra,7.47
cobras,6.97
cobs,7.29
cobweb,7.5
cocaine,12.16
coccyx,14.14
cochineal,13.92
cochlear,15.14
cock,11.32
cockade,13.0
cockalorum,15.17
cockamamie,12.29
cockatiel,10.45
cockatoo,9.44
cockatrice,13.0
cockcrow,10.86
cocker,11.0
cockerel,12.6
cockeyed,10.0
cockfight,12.42
cockhorse,14.14
cockier,9.85
cockiness,11.12
cocking,5.82
cockle,14.15
cockney,15.62
cockneys,12.24
cockpit,8.74
cockroach,6.25
cocks,5.82
cocksucker,12.42
cocksure,13.62
cocktail,9.53
cocktailing,12.01
cocktails,12.01
cocky,10.5
cocoa,6.84
cocoas,6.86
coconspirator,14.0
coconut,6.5
cocoon,8.95
cocooned,7.04
cocoons,7.04
cod,11.5
coda,13.0
coddle,12.89
code,8.11
codebook,11.23
codefendant,14.56
codeine,16.47
codependency,13.42
codependent,14.56
coder,12.61
codes,7.2
codeword,10.28
codex,14.5
codfish,9.71
codger,11.92
codices,14.67
codicil,18.0
codify,16.65
coding,11.84
codling,11.69
codpiece,13.22
cods,6.73
codswallop,13.88
coed,12.1
coeds,10.13
coeducational,13.24
coefficient,13.42
coelacanth,15.33
coenzyme,14.36
coequal,14.91
coequality,15.06
coerce,12.59
coerced,13.64
coerces,13.64
coercing,13.64
coercion,12.12
coercive,14.06
coexist,11.56
coexistence,12.78
coffee,4.94
coffeehouse,10.11
coffeemaker,7.78
coffeepot,5.53
coffees,5.94
coffer,12.08
cofferdam,14.43
coffers,11.81
coffin,7.79
coffins,7.04
coffle,14.09
cofounder,11.3
cog,11.33
cogent,14.08
cogitate,14.86
cogitating,12.68
cogitation,13.92
cogito,17.6
cognac,14.16
cognition,15.22
cognitive,13.63
cognizance,15.29
cognizant,12.18
cognomen,13.2
cogwheel,12.15
cohabitate,14.65
cohabitation,12.82
coherence,11.6
coherency,14.35
coherent,11.95
cohesion,13.71
cohesive,12.25
cohort,15.21
coif,16.0
coiffeur,13.67
coiffure,13.69
coil,9.67
coin,4.17
coinage,10.62
coincide,11.11
coincidence,9.95
coincident,11.17
coincidental,10.94
coined,4.98
coining,4.98
coins,4.98
coital,15.93
coitus,15.35
coke,4.74
coked,5.96
cokes,5.96
cola,4.33
colander,9.0
colas,6.22
cold,3.95
coldblooded,8.95
colder,3.83
coldest,3.83
coldhearted,9.72
coldness,6.89
colds,3.83
coleslaw,6.72
coleus,14.0
colic,13.06
colicky,15.0
coliseum,11.9
colitis,17.0
collaborate,11.84
collaboration,10.61
collaborationist,14.28
collaborative,12.33
collaborator,11.63
collage,8.33
collagen,14.67
collages,9.49
collapse,9.17
collapsed,8.96
collapses,8.96
collapsible,11.26
collapsing,8.96
collar,6.56
collarbone,8.89
collard,12.43
collared,7.72
collarless,11.33
collars,7.72
collate,15.06
collateral,13.63
collating,11.96
collation,13.69
colleague,12.42
collect,5.61
collectable,8.11
collected,6.34
collectible,8.32
collecting,6.34
collection,7.21
collections,8.51
collective,9.81
collector,8.0
collects,6.34
college,8.37
colleges,9.05
collegial,16.33
collegian,14.44
collegiate,13.3
collide,9.79
collided,8.96
collides,8.96
colliding,8.96
collie,7.05
colliery,15.8
collision,9.05
collodion,19.0
colloquial,13.92
colloquialism,14.76
colloquium,14.14
colloquy,13.92
collude,14.33
collusion,11.41
collywobbles,12.17
cologne,8.26
colognes,9.75
colon,10.75
colonel,9.62
colonels,10.7
colonial,8.76
colonialism,12.32
colonialist,10.16
colonic,14.0
colonist,10.74
colonization,9.83
colonize,9.72
colonizer,9.84
colonoscopy,15.76
colons,10.9
colony,8.21
colophon,13.91
color,4.0
colorable,8.06
coloration,11.18
coloratura,14.86
colorblind,9.74
colored,5.95
colorfast,13.33
colorful,4.89
coloring,3.5
colorist,12.65
colorize,11.94
colorless,6.81
colors,3.91
colossal,9.0
colossus,11.5
colostomy,16.94
colporteur,13.5
colt,8.98
coltish,14.31
colts,8.33
column,7.56
columnist,10.85
columns,8.66
com,15.27
coma,10.83
comas,8.79
comatose,14.24
comb,5.5
combat,10.33
combatant,11.89
combating,9.11
combative,11.74
combativeness,12.11
combatted,9.11
combed,4.31
combination,8.42
combinations,9.39
combine,7.47
combined,8.84
combines,8.84
combing,4.31
combining,8.84
combo,8.78
combs,4.31
combust,10.61
combustible,10.89
combustion,11.42
come,3.32
comeback,9.8
comedian,8.89
comedic,10.94
comedienne,11.09
comedown,9.44
comedy,8.11
comely,12.5
comer,9.83
comes,4.7
comestible,15.33
comestibles,12.96
comet,8.16
cometh,4.7
comets,9.71
comeuppance,14.43
comfit,14.8
comfort,7.29
comfortable,7.17
comforted,6.37
comforter,8.61
comforting,8.67
comfortless,9.89
comforts,6.37
comfrey,17.2
comfy,6.06
comic,7.0
comical,9.42
comics,5.89
comida,15.56
coming,4.77
comings,5.74
comma,7.47
command,8.67
commandant,11.72
commanded,8.22
commandeer,11.88
commander,8.19
commanders,9.03
commanding,12.85
commandment,7.58
commando,11.32
commands,8.22
commas,8.52
commemorate,12.0
commemoration,14.0
commemorative,10.24
commence,11.37
commenced,10.32
commencement,11.5
commences,10.32
commencing,10.32
commend,10.81
commendable,10.32
commendation,12.39
commendatory,11.71
commended,10.13
commending,10.13
commends,10.13
commensurate,13.69
comment,8.84
commentary,11.89
commentate,11.94
commentator,10.84
commented,9.49
commenting,9.49
comments,9.49
commerce,13.44
commercial,6.17
commercialism,13.95
commercialization,14.65
commercialize,14.05
commercials,10.34
commie,12.69
commingle,13.6
comminuted,15.86
commiserate,13.0
commissar,13.62
commissariat,17.2
commissary,13.65
commission,14.72
commissioner,13.37
commit,10.06
commitment,9.33
commits,9.13
committable,13.56
committal,12.94
committed,9.13
committee,9.83
committees,10.19
committeewoman,13.75
committing,9.13
commode,10.56
commodious,14.56
commodity,13.53
commodore,11.56
common,6.94
commonality,13.21
commoner,8.56
commonest,7.64
commonness,12.0
commonplace,10.17
commonsense,9.0
commonwealth,11.94
commotion,9.62
communal,12.33
communalist,15.12
commune,12.05
communed,11.49
communes,11.49
communicability,12.59
communicable,12.39
communicate,7.63
communicated,9.25
communicates,9.25
communicating,9.25
communication,8.47
communicational,13.72
communications,9.92
communicative,10.25
communicator,9.68
communing,11.49
communion,8.15
communique,14.3
communism,11.74
communist,13.22
communistic,13.79
communists,12.06
communities,10.28
community,7.28
commutable,12.72
commutation,11.82
commutator,13.6
commute,9.33
commuted,10.51
commuter,12.45
commutes,10.51
commuting,10.51
comp,16.47
compact,10.79
compacted,11.0
compacter,9.13
compactor,11.0
compacts,9.13
companies,8.66
companion,9.58
companionable,12.12
companionship,10.83
companionway,12.58
company,6.84
comparable,9.37
comparative,11.94
compare,8.57
compared,8.0
compares,8.0
comparing,8.0
comparison,9.27
compartment,8.44
compartmentalization,13.11
compartmentalize,14.94
compass,8.44
compasses,8.39
compassion,9.05
compassionate,11.74
compatibility,10.72
compatible,10.16
compatriot,12.44
compatriots,11.22
compel,12.61
compelled,10.51
compelling,9.06
compels,10.51
compendium,12.57
compensate,11.6
compensated,11.41
compensates,11.41
compensating,11.41
compensation,11.8
compensator,13.37
compensatory,14.18
compete,6.94
competed,7.6
competence,12.58
competency,10.95
competent,11.75
competes,7.6
competing,7.6
competition,7.85
competitions,7.62
competitive,9.06
competitiveness,10.37
competitor,9.06
compilation,13.56
compile,10.79
compiled,10.41
compiler,12.56
compiles,10.41
compiling,10.41
complacency,13.5
complacent,14.35
complain,7.28
complainant,13.75
complained,7.37
complainer,7.59
complaining,7.37
complains,7.37
complaint,7.84
complaints,7.96
complaisance,14.91
complement,10.22
complementary,10.56
complete,6.58
completed,6.61
completeness,9.63
completes,6.61
completing,6.61
completion,8.56
complex,11.21
complexes,10.87
complexion,11.42
complexity,12.16
compliance,13.48
compliant,11.94
complicate,9.32
complicated,8.39
complication,9.5
complications,10.39
complicit,13.41
complicity,13.67
complied,11.29
complies,11.29
compliment,7.11
complimentary,10.33
complimented,9.98
complimenting,9.98
compliments,9.98
comply,10.53
complying,11.29
component,10.78
comport,14.38
comportment,15.88
compose,9.16
composed,9.14
composer,9.33
composers,9.13
composes,9.14
composing,9.14
composite,12.15
composition,9.44
compositional,14.5
compost,9.72
composure,12.3
compote,14.0
compound,11.26
compounded,11.51
compounder,12.62
compounding,11.51
compounds,11.51
comprehend,11.16
comprehended,10.53
comprehending,10.53
comprehends,10.53
comprehensible,11.22
comprehension,10.05
comprehensive,12.74
comprehensiveness,12.83
compress,10.33
compressed,10.68
compresses,10.04
compressing,10.04
compression,11.83
compressions,12.28
compressor,12.32
comprise,12.06
compromise,9.1
compromised,11.31
compromiser,11.44
compromises,11.31
compromising,11.31
compulsion,14.05
compulsive,12.79
compulsiveness,11.44
compulsory,12.16
compunction,14.82
compunctious,14.14
computation,12.18
computational,12.29
compute,10.95
computed,10.6
computer,9.7
computerization,13.24
computerize,12.17
computerized,10.11
computes,10.6
computing,10.36
comrade,10.38
comrades,9.71
comradeship,12.56
con,9.64
concatenate,16.67
concatenation,14.88
concave,11.5
conceal,10.81
concealable,11.11
concealing,9.43
concealment,10.62
conceals,9.43
concede,12.0
conceded,11.39
concedes,11.39
conceding,11.39
conceit,12.3
conceited,12.06
conceivable,11.5
conceive,10.39
conceived,9.58
conceives,9.58
conceiving,9.58
concentrate,8.16
concentrates,8.23
concentrating,8.23
concentration,8.35
concentrator,12.55
concentric,12.08
concept,11.44
conception,11.28
concepts,11.58
conceptual,13.28
conceptualize,15.31
concern,7.42
concerned,8.79
concerning,8.45
concerns,8.81
concert,8.95
concerted,14.88
concertina,13.4
concerto,12.89
concerts,7.71
concession,9.33
concessionary,14.43
conch,10.5
conchie,14.0
conchs,13.8
concierge,12.19
conciliation,14.44
conciliatory,14.21
concise,12.6
conclave,12.93
conclude,10.48
concluded,9.22
concludes,9.22
conclusion,9.44
conclusions,10.54
conclusive,11.78
concoct,10.76
concocted,11.24
concocting,11.24
concoction,10.19
concomitant,16.22
concordance,14.54
concourse,13.94
concrete,7.44
concubinage,15.13
concubine,12.6
concur,11.69
concurred,11.29
concurrence,10.67
concurrent,12.72
concurs,11.29
concuss,13.0
concussion,10.8
concussive,13.94
condemn,12.5
condemnation,13.15
condemnations,11.04
condemned,9.97
condemning,9.97
condemns,9.97
condensates,11.06
condensation,12.11
condense,11.3
condensed,12.06
condenser,12.32
condescend,11.8
condescending,11.95
condescension,14.07
condign,19.0
condiment,9.45
condition,8.42
conditional,11.21
conditioned,9.13
conditioner,7.68
conditioning,10.61
conditions,9.13
condo,11.68
condole,14.75
condolence,12.44
condom,12.0
condominium,12.05
condoms,13.4
condone,12.25
condoned,12.32
condones,12.32
condoning,12.32
condor,13.57
condors,13.07
condos,9.85
conducive,13.61
conduct,8.58
conducted,8.29
conducting,8.29
conduction,11.0
conductive,11.61
conductivity,14.15
conductor,7.44
conducts,8.29
conduit,13.11
cone,4.67
coned,11.2
cones,5.62
coney,12.3
confab,16.18
confabulation,14.71
confection,10.14
confectionary,13.0
confectioner,13.13
confectioners,8.92
confectionery,12.74
confederacy,11.0
confederate,10.1
confederation,10.88
confer,13.39
conference,9.39
conferences,10.6
conferencing,13.22
conferral,12.9
conferred,12.02
conferring,12.02
confers,12.02
confess,7.11
confessant,12.5
confessed,8.6
confesses,8.6
confessing,8.6
confession,8.55
confessional,11.05
confessor,11.37
confetti,7.39
confidant,9.61
confide,11.22
confided,11.13
confidence,9.28
confidences,9.51
confident,9.58
confidential,11.78
confidentiality,12.57
confides,11.13
confiding,11.13
configuration,11.68
configure,12.06
confine,9.71
confined,11.19
confinement,10.7
confines,11.19
confining,11.35
confirm,9.33
confirmation,9.05
confirmed,9.05
confirming,9.05
confirms,9.05
confiscate,10.78
confiscation,12.45
confiscatory,13.0
conflagration,15.6
conflict,9.58
conflicted,9.81
conflicting,11.52
conflicts,9.81
confluence,15.88
confluent,15.92
conflux,16.0
conform,10.5
conformable,12.78
conformance,14.81
conformation,11.79
conformational,12.88
conformed,11.39
conforming,11.39
conformism,12.83
conformist,13.41
conformity,14.56
conforms,11.39
confound,12.41
confounded,12.39
confounds,12.22
confrere,14.8
confront,9.89
confrontation,8.58
confrontational,11.56
confronted,9.13
confronting,9.13
confronts,9.13
confuse,6.33
confused,8.02
confuser,9.51
confuses,8.15
confusing,6.95
confusion,9.94
confusions,9.34
confute,15.2
conga,13.65
congas,10.41
congeal,11.5
congee,13.2
congenial,12.59
congenital,14.88
congest,11.81
congested,9.45
congestion,10.2
congestive,11.24
conglomerate,13.28
conglomeration,12.94
congrats,8.26
congratulate,9.57
congratulation,7.89
congratulations,7.25
congratulatory,11.67
congregate,10.29
congregated,9.7
congregates,9.7
congregating,9.7
congregation,9.42
congregational,10.74
congress,9.05
congressional,12.53
congressman,9.35
congresswoman,11.37
congruent,13.89
congruity,11.88
conic,13.0
conical,12.27
conidial,14.43
conjectural,14.21
conjecture,13.11
conjugal,16.87
conjugate,12.5
conjugation,12.17
conjugations,12.38
conjunction,9.67
conjunctivitis,13.94
conjuration,14.86
conjure,11.37
conjured,12.01
conjurer,12.15
conjures,12.01
conjuring,12.01
conk,9.07
conked,9.74
conks,9.74
conman,12.11
connect,7.58
connected,7.76
connectedness,12.0
connectible,9.47
connecting,7.76
connection,8.0
connective,11.78
connectivity,10.44
connector,8.95
connects,7.76
conned,9.68
conning,9.68
conniption,10.42
connivance,14.0
connive,12.2
conniver,13.25
connoisseur,14.28
connotation,11.57
connote,13.75
connubial,16.67
conquer,10.06
conquered,8.35
conquering,10.0
conqueror,10.32
conquers,8.35
conquest,9.33
conquests,10.22
conquistador,11.94
cons,9.68
conscience,9.72
consciences,9.92
conscientious,11.95
conscientiousness,10.94
conscious,10.7
consciousness,9.74
conscript,14.67
conscription,13.08
consecrate,11.88
consecrated,11.12
consecration,12.07
consecutive,10.0
consensual,12.61
consensus,12.32
consent,9.95
consented,10.37
consenting,12.59
consents,10.37
consequence,6.72
consequences,10.13
consequent,10.9
consequential,11.8
conservancy,14.33
conservation,10.78
conservationist,13.78
conservatism,12.29
conservative,13.95
conservatives,10.37
conservatoire,13.67
conservator,14.38
conservatorship,16.5
conservatory,12.11
conserve,8.72
conserved,10.51
conserves,10.51
conserving,10.51
consider,9.33
considerable,10.42
considerate,8.22
consideration,9.5
considerations,9.75
considered,8.02
considers,8.02
consign,13.28
consignee,16.35
consignment,14.53
consignor,15.0
consist,9.11
consistence,10.95
consistency,10.28
consistent,10.0
consistory,14.14
consolation,12.05
consolations,10.22
consolatory,14.53
console,10.68
consoled,9.63
consoles,9.63
consolidate,12.56
consolidated,12.35
consolidation,14.89
consomme,14.33
consonant,8.82
consonantal,15.7
consort,12.79
consorted,11.49
consorting,11.49
consortium,15.55
consorts,11.49
conspectus,14.0
conspicuous,11.7
conspiracy,11.24
conspirator,11.39
conspiratorial,14.06
conspirators,10.92
conspire,11.0
conspired,12.22
conspirer,13.12
conspires,12.22
conspiring,12.22
constable,11.06
constancy,11.95
constant,9.84
constants,10.04
constellation,9.58
consternation,16.87
constipation,9.89
constituencies,11.73
constituency,14.59
constituent,14.94
constitute,12.7
constitution,9.05
constitutional,9.68
constitutionality,12.0
constitutions,11.96
constrain,12.41
constraint,11.05
constrict,9.75
constriction,11.0
constrictive,10.42
constrictor,11.44
construct,8.72
constructed,8.33
constructing,8.33
construction,7.67
constructionist,14.61
constructions,10.19
constructive,9.37
constructor,9.53
constructs,8.33
construe,13.61
consubstantiation,15.0
consul,13.16
consular,15.54
consulate,14.33
consuls,12.01
consult,10.95
consultant,12.26
consultation,9.79
consulted,10.6
consulting,10.6
consults,10.6
consume,11.47
consumed,9.31
consumer,11.21
consumerism,14.05
consumes,9.31
consuming,9.31
consummate,13.78
consummation,13.65
consummations,12.85
consumption,11.95
consumptive,12.47
contact,7.78
contacted,8.11
contacting,8.11
contacts,8.11
contagion,11.62
contagious,8.17
contain,7.88
containable,13.33
contained,7.56
container,6.5
containing,7.56
containment,11.28
contains,7.56
contaminant,12.22
contaminate,10.9
contamination,11.44
contaminative,14.8
contemplate,10.58
contemplated,10.53
contemplates,10.53
contemplating,10.53
contemplation,11.82
contemplative,13.0
contemporary,12.28
contemporize,13.65
contempt,12.44
contemptible,13.33
contemptuous,13.47
contend,12.42
contended,11.19
contender,12.0
contending,12.07
contends,11.19
content,8.37
contention,12.78
contentious,12.94
contentment,10.72
contents,8.5
contest,7.44
contestable,13.06
contestant,8.21
contestation,12.19
contester,11.59
contesting,8.47
contests,8.47
context,10.0
contexts,11.19
contextual,13.19
contiguous,14.06
continent,8.35
continental,11.06
continents,8.98
contingency,14.06
contingent,13.73
continual,10.65
continuance,12.0
continuation,10.05
continuations,9.71
continue,7.53
continuity,13.68
continuous,11.39
continuum,14.35
contort,10.44
contortion,11.53
contortionist,11.76
contour,11.72
contoured,14.39
contra,15.31
contraband,13.11
contraception,13.16
contraceptive,14.06
contract,9.21
contracted,11.04
contracting,11.04
contraction,12.89
contractions,11.6
contractor,10.16
contracts,11.04
contractual,13.12
contracture,13.22
contradict,10.89
contradiction,10.63
contradictory,12.32
contrail,15.62
contraire,12.63
contraption,11.39
contrapuntal,14.4
contrariety,13.22
contrariness,10.53
contrary,10.28
contrast,9.85
contrasted,9.05
contrasts,9.05
contravene,17.33
contravention,13.5
contretemps,14.43
contributable,12.47
contribute,9.37
contribution,11.25
contributor,10.83
contributory,13.71
contrite,13.63
contriteness,13.62
contrition,13.5
contrivance,14.06
contrive,12.81
contriver,15.15
control,7.26
controllable,7.44
controlled,8.46
controller,10.32
controlling,8.46
controls,8.46
controversial,12.16
controversy,11.17
contumacious,18.5
contumely,13.25
contusion,12.84
conundrum,14.56
conurbation,13.0
convalesce,13.69
convalescence,13.93
convalescent,15.06
convection,12.56
convective,11.82
convector,14.56
convene,12.95
convened,12.9
convenes,12.9
convenience,10.17
convenient,9.4
convening,12.9
convent,9.57
convention,12.1
conventional,9.26
conventionality,15.11
convents,10.47
conventual,13.0
converge,12.0
converged,11.49
convergence,11.61
convergent,13.41
converging,11.49
conversable,13.42
conversant,13.43
conversation,7.79
conversational,10.89
conversationalist,11.72
converse,12.0
conversed,10.06
converses,10.06
conversing,10.06
conversion,10.39
convert,10.61
converted,10.73
converter,12.72
convertible,8.53
converting,10.73
converts,10.73
convex,11.31
convey,12.65
conveyance,12.76
conveyances,12.17
conveyed,11.19
conveying,11.19
conveys,11.19
convict,11.0
convicting,10.36
conviction,10.85
convicts,10.36
convince,8.78
convincer,11.28
convinces,9.1
convincing,7.58
convivial,14.91
conviviality,14.8
convocation,14.0
convocations,13.32
convolution,14.0
convoy,12.28
convoys,11.07
convulse,11.0
convulsion,12.0
coo,7.16
cooer,13.33
cook,4.22
cookbook,7.22
cooked,5.37
cooker,6.95
cookery,10.37
cookhouse,10.71
cookie,3.37
cookies,3.82
cooking,5.1
cookout,7.42
cooks,5.37
cookware,9.44
cool,4.58
coolant,11.18
coolants,11.9
cooled,5.22
cooler,6.11
coolest,5.22
coolie,10.27
cooling,5.22
coolness,7.9
cools,5.22
coon,9.11
coonhound,9.94
coons,10.07
coonskin,9.75
coop,8.25
cooped,10.46
cooperage,14.14
cooperate,8.28
cooperation,8.0
cooperative,8.56
cooperator,10.78
coops,10.46
coordinate,10.89
coordination,11.84
coordinator,11.05
coot,12.85
cootie,5.74
coots,11.7
cop,4.94
copacetic,15.36
cope,9.44
coped,8.02
copes,8.02
copied,5.99
copier,8.17
copies,5.99
copilot,8.72
coping,8.02
copious,14.6
copout,10.28
copped,5.53
copper,7.95
copperhead,10.65
copperplate,9.58
coppers,8.51
coppery,11.59
coppice,16.6
copping,5.53
copra,12.4
cops,5.53
copter,11.07
copula,15.43
copulate,13.0
copulation,13.8
copulative,15.38
copy,6.06
copybook,10.38
copycat,6.42
copyhold,13.09
copying,5.99
copyist,13.65
copyright,12.33
copywriter,10.89
coquette,15.8
coquettish,15.73
coral,9.06
corals,8.62
cord,6.0
cordage,14.62
cordial,11.78
cordiality,14.11
cordillera,14.0
cordite,16.88
cordless,10.47
cordon,13.43
cordoned,11.8
cordoning,11.8
cordons,11.8
cordovan,14.67
cords,7.67
corduroy,10.47
cordwood,13.25
core,7.63
cored,6.92
coregent,14.88
cores,6.92
corgi,12.92
coriander,13.88
cork,9.05
corkboard,8.44
corked,7.71
corker,11.67
corks,7.71
corkscrew,7.78
corkscrews,8.34
cormorant,14.22
corn,4.61
cornball,9.0
cornbread,6.4
corncob,5.16
corncrib,13.27
cornea,12.0
corneal,15.21
corned,10.79
cornel,12.5
corner,5.21
cornerback,12.77
cornerstone,11.74
cornfield,6.42
cornflake,5.17
cornflakes,5.32
cornflower,8.05
cornice,13.36
cornices,12.75
corning,6.07
cornmeal,6.84
cornrow,9.11
corns,6.07
cornstalk,6.95
cornstarch,9.47
cornucopia,9.26
corny,8.84
corollary,11.93
coronal,11.36
coronary,12.53
coronation,12.71
coroner,11.39
coronet,13.53
corpora,12.43
corporal,11.11
corporate,10.84
corporation,11.55
corporations,10.28
corporative,14.15
corporeal,15.53
corps,11.56
corpse,10.0
corpsman,12.71
corpulent,16.75
corpus,11.17
corpuscle,13.33
corpuscular,14.44
corpuses,12.43
corral,8.25
corralled,9.4
corralling,9.4
corrals,9.4
correct,5.37
correctable,9.83
corrected,6.54
correcting,6.54
correction,8.7
correctional,11.51
corrective,9.53
correctness,8.72
corrects,6.54
correlate,13.35
correlation,13.42
correlative,13.5
correspond,11.85
correspondence,10.67
correspondent,13.32
correspondents,10.96
corresponding,10.56
corridor,9.11
corridors,7.09
corroborate,11.44
corroboration,14.0
corroborative,14.32
corrode,11.44
corrosion,9.47
corrosive,10.18
corrugated,11.72
corrupt,11.5
corrupted,10.49
corrupter,10.49
corruptible,12.28
corrupting,10.49
corruption,11.17
corruptness,12.5
corruptor,10.56
corrupts,10.49
corsage,11.47
corsages,12.11
corsair,12.64
corset,10.67
corseted,13.33
corsets,11.19
cortege,15.75
cortex,12.39
cortical,16.57
cortices,19.5
cortisone,12.33
corundum,16.4
coruscation,17.0
cosign,14.83
cosine,12.93
cosmetic,10.83
cosmetician,12.0
cosmetologist,11.11
cosmetology,12.05
cosmic,9.22
cosmological,14.16
cosmologies,12.79
cosmologist,12.41
cosmology,11.82
cosmonaut,10.94
cosmopolitan,12.06
cosmos,10.65
cosponsor,13.11
cost,5.67
costal,10.27
costar,9.88
costing,7.88
costly,9.21
costs,7.88
costume,4.17
costumed,8.84
costumer,10.95
costumes,7.83
costumier,11.82
cosy,7.54
cot,7.53
coterie,13.67
cotillion,13.92
cots,8.4
cotta,15.0
cottage,8.5
cottages,8.28
cottar,18.0
cotter,13.57
cotton,6.0
cottonmouth,12.0
cottons,6.2
cottontail,7.71
cottonwood,14.47
cottony,10.5
cotyledon,16.0
couch,3.74
couchant,16.0
couched,6.28
couches,6.28
couching,6.28
cougar,8.11
cougars,11.26
cough,4.32
coughed,4.44
cougher,10.85
coughing,4.44
coughs,4.44
could,4.05
couldst,4.05
coulee,13.29
coulisse,15.14
council,10.63
councilman,11.91
councilor,9.88
councils,10.32
councilwoman,11.65
counsel,9.42
counseled,12.06
counseling,9.95
counselor,9.33
counsels,12.06
count,2.61
countable,8.72
countdown,6.26
counted,4.58
countenance,11.63
counter,7.11
counteract,12.84
counteraction,14.24
counteractive,12.62
counteragent,14.06
counterargument,14.13
counterattack,11.33
counterbalance,12.1
counterculture,13.2
countered,6.18
counterespionage,12.79
counterfeit,10.83
counterfeiter,12.11
counterforce,11.89
countering,6.18
counterinsurgency,16.4
counterintelligence,13.45
counterintuitive,12.47
counterirritant,16.57
countermand,12.93
countermeasure,14.94
countermine,12.67
countermove,12.94
counteroffensive,13.56
counteroffer,13.39
counterpane,13.76
counterpart,11.67
counterpoint,10.61
counterpoise,14.62
counterproductive,11.7
counterproposal,15.19
counterpunch,14.67
counterpuncher,12.2
counterrevolution,14.2
counterrevolutionary,14.67
counters,6.18
countersign,15.2
countersignature,14.25
counterstrike,11.74
countersuit,14.24
countertenor,15.0
counterterrorism,16.5
counterterrorist,16.0
countervail,14.29
counterweight,13.22
countess,11.88
countesses,10.9
counties,8.6
counting,4.58
countless,9.16
countries,5.79
country,7.05
countryman,11.12
countryside,8.0
countrywoman,10.06
counts,4.58
county,8.9
coup,12.06
coupe,13.0
couple,5.75
coupled,6.08
coupler,12.47
couples,6.08
couplet,11.37
coupling,11.78
coupon,7.25
coupons,7.26
coups,13.64
courage,8.42
courageous,9.79
courant,11.33
courier,13.59
course,7.34
coursed,8.15
courses,8.15
coursing,8.15
court,8.39
courted,7.72
courteous,8.65
courtesan,12.87
courtesy,7.72
courthouse,9.0
courtier,12.79
courting,7.72
courtly,13.5
courtroom,9.48
courts,7.72
courtship,12.15
courtside,12.32
courtyard,9.95
couscous,15.0
cousin,4.95
cousinhood,9.42
cousins,5.67
couth,12.13
couture,14.56
couturier,14.82
covalent,14.23
covariance,15.77
covariant,15.73
cove,9.63
coven,12.4
covenant,11.3
covenanter,14.67
covens,11.9
cover,5.42
coverage,10.89
coverall,9.32
covered,5.88
covering,5.88
coverless,11.32
coverlet,14.75
covers,5.88
covert,12.65
coverts,9.94
coves,9.83
covet,12.16
coveted,12.25
coveting,10.18
covetous,12.07
covetousness,15.13
covets,10.18
covey,13.67
cow,3.94
coward,7.62
cowardice,11.06
cowardly,8.84
cowards,8.0
cowbell,7.42
cowboy,4.55
cowed,3.75
cower,10.78
cowered,9.63
cowering,9.63
cowgirl,6.74
cowhand,9.38
cowhide,11.44
cowl,13.53
cowlick,7.56
cowling,12.92
cowman,10.71
coworker,11.84
cowpat,9.38
cowpoke,8.67
cowpox,11.5
cowpuncher,12.88
cows,3.75
cowshed,9.64
cowskin,9.11
cowslip,14.43
coxcomb,16.5
coxswain,17.43
coy,11.67
coyness,11.07
coyote,6.68
coyotes,11.09
cozen,16.0
cozenage,14.75
cozier,6.61
cozies,6.61
coziest,6.61
cozy,9.17
crab,5.28
crabbed,5.94
crabber,14.57
crabbiness,8.0
crabbing,5.94
crabby,9.0
crabgrass,10.83
crabmeat,10.06
crabs,5.94
crack,6.33
crackdown,11.33
cracked,5.64
cracker,4.9
crackerjack,7.26
crackle,7.42
crackled,7.26
crackles,7.26
crackling,7.26
crackpot,11.9
cracks,5.64
crackup,9.35
cradle,5.22
cradled,6.68
cradles,6.68
cradling,6.68
craft,5.83
crafted,7.84
crafter,10.3
crafting,7.84
crafts,7.84
craftsman,8.8
craftsmanship,11.06
crafty,9.45
crag,11.54
craggy,13.37
cram,10.32
crambo,11.0
crammed,8.44
cramming,8.44
cramp,8.5
cramping,8.22
crampon,15.22
cramps,8.22
cranberry,6.45
crane,6.78
craned,7.03
cranes,7.03
cranial,12.06
craning,7.03
craniofacial,15.54
craniotomy,17.0
cranium,10.11
crank,11.25
crankcase,15.5
cranked,8.68
crankiness,9.37
cranking,8.68
cranks,8.68
crankshaft,12.69
cranky,6.21
cranny,11.56
crap,6.5
crape,10.67
crapehanger,14.5
crapped,10.87
crapper,10.87
crapping,10.87
crappy,7.72
craps,10.87
crapshooter,13.31
crapulous,12.83
crash,6.11
crashed,5.48
crasher,9.0
crashes,5.48
crashing,5.48
crashworthiness,13.57
crass,13.69
crassness,13.13
crate,7.06
crated,8.68
crateful,10.14
crater,8.11
craters,9.9
crates,8.68
crave,9.17
craved,8.65
craven,12.48
craves,8.65
craving,9.56
craw,12.62
crawdad,10.73
crawfish,8.74
crawl,3.89
crawled,4.84
crawler,7.47
crawlers,7.47
crawling,4.84
crawls,4.84
crawlspace,8.89
crayfish,9.35
crayon,3.2
craze,9.1
crazed,7.95
crazes,9.84
crazier,6.83
crazies,6.83
craziest,6.83
craziness,8.83
crazy,5.22
creak,8.1
creaked,7.08
creaking,7.74
creaks,7.08
creaky,6.89
cream,5.95
creamed,10.4
creamer,8.72
creamery,11.17
creaming,4.71
creams,4.71
creamy,6.11
crease,7.79
creases,9.16
create,7.1
created,7.88
creates,7.88
creating,7.88
creation,7.79
creationism,12.26
creationist,13.94
creative,8.74
creativity,8.32
creator,6.84
creature,7.32
creatures,7.09
creche,13.29
credence,13.06
credential,12.1
credentials,13.36
credenza,14.8
credibility,12.37
credible,13.11
credit,9.42
creditable,13.19
creditcard,9.73
credited,10.75
crediting,10.75
creditor,12.16
credits,10.75
credo,15.18
credulity,14.71
credulous,13.65
creed,9.17
creeds,10.18
creek,5.89
creeks,8.51
creep,8.0
creeper,11.12
creepers,8.65
creeping,7.86
creeps,7.86
creepy,7.44
cremate,11.8
cremation,11.43
cremator,14.19
crematorium,12.41
crematory,12.0
creosote,15.07
crepe,10.89
crepehanger,13.83
crepes,11.39
crept,7.86
crepuscular,15.14
crepuscule,17.89
crescendo,13.82
crescent,7.84
cress,11.64
crest,10.35
crested,12.06
crestfallen,11.36
cresting,9.7
crests,9.7
cretaceous,12.71
cretin,15.07
cretins,12.85
cretonne,17.67
crevasse,11.43
crevice,11.5
crevices,11.85
crew,7.56
crewed,7.34
crewing,7.34
crewman,10.0
crews,7.34
crib,6.05
cribbage,13.65
cribs,4.4
crick,8.62
cricket,7.72
cricketer,14.8
crickets,6.79
cried,3.57
crier,6.76
cries,3.57
crime,7.67
crimes,7.66
criminal,6.78
criminalist,12.89
criminality,11.56
criminalize,13.53
criminological,14.0
criminologist,14.83
criminology,15.63
crimp,8.78
crimping,11.38
crimson,10.28
cringe,9.11
cringed,9.14
cringing,9.14
cringle,11.17
crinite,15.67
crinkle,8.5
crinkly,8.68
crinoline,14.83
cripple,9.14
crippled,7.95
crippler,8.83
cripples,8.7
crippling,9.33
crises,10.3
crisis,9.0
crisp,7.22
crisper,4.71
crispiness,9.8
crisping,4.71
crispness,8.79
crisps,4.71
crispy,6.39
crisscross,7.33
criterion,14.08
critic,10.21
critical,8.39
criticism,10.2
criticisms,11.02
criticize,9.71
critics,11.79
critique,11.83
critter,7.14
critters,6.13
croak,7.61
croaked,9.17
croaker,10.87
croaking,9.17
croaks,9.17
croaky,11.33
croc,11.19
crochet,9.0
crocheting,8.15
crochets,8.15
crock,9.89
crocked,10.19
crockery,10.64
crocks,10.19
crocodile,5.11
crocodiles,5.82
crocus,11.19
croissant,10.15
crone,10.69
crony,12.8
cronyism,16.0
crook,7.84
crooked,6.33
crookedness,9.95
crooks,7.49
croon,13.33
crooned,12.42
crooner,12.44
crooning,12.42
crop,7.63
cropper,11.13
crops,6.35
croquet,11.06
croquette,9.08
cross,4.74
crossbar,11.1
crossbeam,12.26
crossbones,9.88
crossbow,10.67
crossbreed,12.14
crosscheck,13.22
crosscurrent,13.79
crossed,5.69
crosses,5.69
crossfire,10.16
crosshatch,12.22
crossing,5.69
crossjack,13.62
crosslet,12.71
crossness,12.93
crossover,10.17
crosspatch,12.0
crossroad,8.5
crossroads,11.1
crosstie,12.73
crosswalk,6.61
crossway,10.63
crosswind,11.12
crosswise,10.75
crossword,7.21
crotch,8.94
crotches,9.17
crotchet,9.32
crotchety,11.8
crouch,8.5
crouched,7.98
crouching,7.98
croup,12.79
croupier,17.25
crouton,8.17
crow,5.74
crowbar,8.72
crowd,7.14
crowded,7.63
crowding,6.73
crowds,6.73
crowed,5.22
crowfoot,10.64
crowing,5.22
crown,7.8
crowned,5.05
crowns,5.05
crows,5.22
crucial,10.68
crucible,14.42
cruciferous,16.09
crucifix,9.05
crucifixes,9.39
crucifixion,9.2
cruciform,15.55
crucify,8.94
crud,9.0
cruddy,6.88
crude,11.11
crudeness,11.37
cruder,11.19
crudest,11.19
crudity,13.69
cruel,7.63
crueler,5.61
cruelest,5.61
cruelties,6.6
cruelty,8.89
cruet,17.44
cruise,9.33
cruised,8.47
cruiser,10.26
cruises,8.47
cruising,8.47
cruller,11.62
crumb,5.89
crumble,6.68
crumbled,6.28
crumbles,6.28
crumbling,6.28
crumbly,7.61
crumbs,5.53
crumby,8.53
crummy,6.39
crumpet,11.85
crumple,7.71
crunch,5.63
crunchable,7.85
crunched,6.58
cruncher,8.39
crunches,6.58
crunchier,5.77
crunchiness,8.79
crunching,6.58
crunchy,5.44
crusade,10.45
crusader,12.56
crusades,11.09
crusading,11.09
crush,7.58
crushed,6.83
crusher,8.5
crushes,6.83
crushing,6.83
crust,5.95
crustacean,10.38
crusted,6.05
crusting,6.05
crusts,6.05
crusty,7.63
crutch,7.21
crutches,7.57
crux,12.11
cry,2.78
crybaby,6.35
crying,3.57
cryobiology,16.67
cryogenic,16.12
cryogenics,14.67
cryonic,15.07
cryonics,13.4
crypt,10.68
cryptic,11.78
crypto,14.21
cryptogenic,13.75
cryptogram,14.22
cryptograph,14.43
cryptographer,14.73
cryptography,14.5
cryptologist,15.44
cryptology,14.76
cryptonym,14.0
crypts,10.6
crystal,7.78
crystalline,12.58
crystallization,12.0
crystallize,11.82
crystallography,15.44
crystalloid,14.0
crystals,7.09
cub,5.4
cubage,13.33
cubby,6.06
cubbyhole,6.5
cube,7.32
cubeb,17.0
cubes,10.63
cubic,11.33
cubical,11.2
cubicle,13.11
cubing,10.63
cubism,13.21
cubist,14.23
cubistic,15.14
cubit,13.42
cubs,6.64
cuckold,14.38
cuckoo,6.61
cuckoos,8.53
cucumber,5.72
cud,10.85
cudbear,11.0
cuddle,6.16
cuddled,4.23
cuddles,4.23
cuddling,4.23
cuddy,12.78
cudgel,11.57
cue,10.89
cued,10.88
cues,10.88
cuff,8.44
cuffed,8.73
cuffing,8.73
cufflink,9.84
cuffs,8.73
cuirass,15.86
cuisine,11.67
cuisines,10.22
culinary,10.84
cull,15.79
culled,12.06
culling,12.06
culls,12.06
culminate,13.81
culmination,12.11
culottes,13.5
culpa,13.25
culpability,12.81
culpable,15.61
culprit,10.65
culprits,11.39
cult,10.63
cultish,13.4
cultivar,15.5
cultivate,12.39
cultivation,11.63
cultivator,13.21
cults,11.49
cultural,10.56
culture,9.52
cultured,11.0
cultureless,13.65
cultures,10.99
culvert,10.33
cumbersome,10.53
cumbrous,14.5
cumin,12.85
cummerbund,13.0
cumulative,12.95
cumulonimbus,14.58
cumulus,12.13
cuneiform,14.0
cunnilingus,16.29
cunning,10.84
cunningness,13.06
cunt,13.74
cup,3.57
cupboard,6.39
cupcake,4.11
cupful,6.4
cupidity,12.4
cupped,3.45
cupping,3.45
cupric,17.43
cups,3.45
cur,14.6
curable,10.7
curare,15.67
curate,15.67
curative,13.6
curator,11.68
curatorship,15.0
curb,6.81
curbed,7.67
curbing,7.67
curbs,7.67
curbside,10.72
curbstone,10.82
curculio,13.12
curd,10.17
curdle,11.17
curdled,10.0
curds,10.46
cure,9.58
cured,7.18
cureless,11.24
cures,7.18
curette,17.33
curfew,10.26
curfews,8.96
curia,15.17
curing,7.18
curio,11.46
curiosities,7.77
curiosity,8.33
curious,6.64
curium,16.22
curl,6.39
curled,5.89
curler,7.62
curlew,14.56
curling,9.11
curls,5.89
curmudgeon,12.88
currant,12.31
currency,9.21
current,8.94
currently,8.22
currents,9.22
curricular,10.1
curriculum,10.35
curries,7.24
currish,13.0
curry,13.28
currying,7.24
curse,7.47
cursed,8.92
curses,8.92
cursing,8.92
cursive,7.32
cursor,12.16
cursory,13.56
curst,12.14
curt,13.41
curtail,12.88
curtailment,14.79
curtain,4.95
curtains,6.4
curtsey,9.22
curtseying,9.22
curtsies,9.22
curtsy,8.79
curtsying,9.22
curvaceous,12.73
curvature,13.0
curve,7.52
curveball,9.11
curved,6.67
curves,7.3
curving,7.3
curvy,9.22
cushion,5.53
cushioned,5.48
cushions,5.48
cushy,8.83
cusp,12.69
cuspidor,14.83
cusps,12.22
cuss,6.79
cussedness,12.6
custard,8.5
custards,8.2
custodial,11.47
custodian,8.05
custodianship,12.39
custody,9.5
custom,8.36
customary,11.16
customer,7.21
customers,7.39
customize,12.16
customized,10.56
customizer,12.5
customs,9.22
cut,4.43
cutaneous,14.67
cutaway,12.41
cutback,12.26
cute,4.26
cuteness,7.39
cuter,4.85
cutest,4.85
cutesy,7.39
cuticle,11.82
cutie,4.7
cutlass,11.81
cutlery,9.89
cutlet,11.76
cutoff,8.83
cutout,6.94
cuts,4.65
cutter,7.95
cutters,7.09
cutthroat,10.76
cutting,4.65
cuttle,11.6
cuttlebone,12.5
cuttlefish,12.88
cutup,9.86
cyan,11.44
cyanic,16.0
cyanide,14.0
cyanosis,17.09
cyanotic,16.25
cybernetic,16.08
cybernetics,15.33
cybersex,15.24
cyberspace,14.42
cyclamen,15.25
cycle,7.5
cycled,5.13
cycler,11.06
cycles,5.13
cyclic,12.2
cyclical,13.44
cycling,5.13
cyclist,8.56
cycloid,13.75
cyclone,9.58
cyclopedia,14.29
cyclotron,16.43
cygnet,12.0
cylinder,9.63
cylindrical,10.56
cymbal,9.94
cymbals,8.13
cymbidium,14.62
cynic,13.07
cynical,13.44
cynicism,13.25
cynics,12.11
cynosure,16.14
cyst,11.81
cystic,14.12
cysts,12.28
cytomegalovirus,19.43
cytoplasm,12.69
cytosine,14.5
czar,11.71
czardas,15.67
czarist,15.54
czars,12.32
dab,6.72
dabbed,7.77
dabbing,7.77
dabble,10.21
dabbled,10.04
dabbler,13.73
dabbles,10.04
dabbling,10.04
dabs,7.77
dace,14.25
dacha,14.33
dachshund,9.17
dactyl,14.08
dactylic,16.5
dad,2.58
daddies,3.23
daddy,2.56
dado,13.2
dads,2.79
daffodil,5.63
daffodils,5.1
daft,12.26
dag,11.43
dagger,8.44
daggers,9.58
daguerreotype,16.7
daily,6.0
daimyo,14.0
dainties,6.37
daintiness,10.94
dainty,8.76
daiquiri,15.47
dairies,6.67
dairy,6.85
dairyman,9.3
dairymen,7.41
dais,13.14
daisies,4.88
daisy,5.55
dale,10.34
dales,12.1
dalliance,14.5
dalmatian,6.06
dam,6.58
damage,7.2
damaged,6.3
damages,6.3
damask,14.0
dame,11.79
dames,10.6
dammed,7.7
damn,8.3
damnable,12.24
damnation,8.94
damning,10.53
damns,10.53
damp,7.67
dampen,10.21
damper,9.5
damping,12.53
dampness,8.47
dams,7.7
damsel,7.83
damsels,8.09
damson,16.43
dance,4.63
danceable,10.0
danced,5.48
dancer,6.0
dances,5.48
dancing,4.09
dandelion,5.11
dander,11.5
dandies,11.94
dandiest,11.94
dandler,13.91
dandruff,10.74
dandy,7.94
dandyish,14.93
danger,4.61
dangerous,5.6
dangerousness,9.05
dangers,6.09
dangle,6.89
dangled,8.09
dangler,9.38
dangles,8.09
dangling,8.09
dank,12.37
danseur,15.5
danseuse,18.25
dapper,12.08
dappled,10.84
dare,6.63
dared,6.07
daredevil,8.16
darer,9.14
dares,6.07
daresay,12.33
daring,9.11
dark,3.74
darken,6.85
darkened,6.74
darker,3.95
darkest,3.95
darkie,11.06
darkling,10.82
darkness,4.83
darkroom,11.67
darks,3.95
darksome,12.7
darling,5.79
darlings,5.77
darn,8.0
darnedest,10.5
darnel,18.0
darning,7.42
darns,7.42
dart,7.38
dartboard,8.44
darted,7.83
darter,11.6
darting,7.83
darts,7.03
dash,7.74
dashboard,9.21
dashed,6.11
dashes,6.11
dashiki,12.3
dashing,9.26
dastardly,12.53
data,10.42
databank,15.5
database,14.2
datable,12.47
date,5.84
datebook,11.78
dated,6.35
dateless,13.0
dater,11.35
dates,6.35
dating,6.35
dative,14.8
daub,10.17
daughter,4.95
daughterly,8.62
daughters,4.87
daunt,12.13
daunting,11.56
dauntless,13.8
daunts,11.85
dauphin,14.86
dawdle,10.31
dawdled,11.29
dawdler,11.58
dawdling,11.29
dawn,7.0
dawned,7.03
dawns,7.03
day,3.5
daybed,9.67
daybook,12.43
daybreak,8.1
daycare,6.74
daydream,7.74
daydreamer,7.21
daylight,4.94
daylights,6.3
daylong,9.94
days,4.14
daystar,10.8
daytime,5.1
daze,10.0
dazzle,7.79
dazzled,8.28
dazzler,10.24
dazzles,8.28
dazzling,9.19
deacon,11.28
deaconess,12.08
deacons,11.29
deaconship,11.93
deactivate,11.83
deactivation,11.56
deactivator,12.45
dead,5.17
deadbeat,10.4
deadbolt,10.25
deaden,10.69
deader,5.26
deadest,5.26
deadfall,12.82
deadhead,12.87
deadline,9.56
deadlines,9.22
deadliness,10.8
deadlock,11.89
deadly,6.11
deadpan,15.36
deadweight,11.1
deaf,6.83
deafen,8.55
deafening,10.95
deafer,6.28
deafness,7.47
deal,6.0
dealer,9.39
dealers,9.49
dealership,11.21
dealing,7.58
deals,7.58
dealt,7.58
dean,13.78
deans,13.09
dear,5.55
dearer,5.48
dearest,5.48
dearly,8.41
dears,5.48
dearth,14.27
death,5.37
deathbed,9.47
deathly,9.62
deaths,6.27
deathtrap,10.94
debacle,12.42
debark,12.24
debarkation,14.36
debase,14.0
debased,12.29
debasement,13.93
debasing,12.29
debatable,11.11
debate,9.56
debated,11.07
debater,10.95
debates,11.07
debating,11.07
debauch,15.15
debauched,16.31
debaucher,15.46
debauchery,13.68
debenture,17.33
debilitating,14.17
debit,14.26
debonair,12.25
debone,10.74
debridement,18.0
debrief,13.11
debriefing,14.6
debris,11.22
debt,10.44
debtor,12.29
debts,9.88
debug,13.17
debugger,14.4
debunk,13.78
debut,10.58
debutante,14.26
debuted,11.07
debuting,11.07
debuts,11.07
decade,10.16
decadence,12.17
decadent,12.0
decades,9.4
decaf,10.16
decaffeinated,11.67
decal,9.35
decamp,13.64
decanter,14.53
decapitate,10.33
decapitation,10.68
decathlete,13.09
decathlon,12.87
decay,8.79
decayed,9.09
decaying,9.44
decays,9.09
decease,10.0
deceased,10.83
decedent,9.93
deceit,10.95
deceitful,12.94
deceitfulness,10.5
deceits,10.22
deceive,8.68
deceived,9.68
deceiver,11.06
deceives,9.68
deceiving,9.68
decelerate,13.19
deceleration,11.47
december,5.01
decency,9.0
decent,7.47
decentralization,14.26
deception,10.0
deceptions,10.32
deceptive,10.83
decibel,12.3
decide,7.2
decided,6.64
decider,8.79
decides,6.64
deciding,6.64
deciduous,14.0
decigram,17.0
deciliter,12.6
decimal,9.21
decimate,12.67
decimation,13.41
decimator,12.46
decipher,10.84
decision,7.57
decisions,8.68
decisive,11.44
decisiveness,13.06
deck,6.45
decked,6.98
decking,6.98
decks,6.98
declaim,12.2
declaration,11.4
declaratory,14.0
declare,10.74
declared,8.77
declares,8.77
declaring,8.77
declension,12.5
declination,15.08
decline,9.74
declined,9.22
declines,9.22
deco,13.93
decodable,13.53
decode,10.68
decoder,11.11
decommission,12.78
decommissioning,15.56
decompensate,13.53
decompose,10.48
decomposition,13.75
decompress,12.8
decompression,14.24
decongestant,12.29
deconsecrate,12.91
deconstruct,11.33
deconstruction,13.16
deconstructionist,15.31
decontaminate,11.37
decontamination,13.05
decontrol,12.53
decor,10.89
decorate,7.0
decorated,5.91
decoration,5.94
decorative,10.1
decorator,10.25
decorators,7.92
decorous,13.17
decorticate,13.9
decorum,15.12
decoupage,13.27
decoy,9.44
decoyed,10.32
decoys,10.32
decrease,8.56
decreases,8.41
decreasing,8.41
decree,11.32
decreed,11.43
decrees,11.43
decrepit,11.4
decrepitude,15.18
decrypt,12.06
decryption,14.5
decuple,16.0
dedicate,9.21
dedication,9.56
deduce,13.0
deduced,11.59
deduces,11.59
deducing,11.59
deduct,10.84
deducted,10.9
deductible,13.79
deducting,10.9
deduction,10.89
deductive,12.47
deducts,10.9
deed,9.72
deeds,9.77
deejay,9.21
deem,10.28
deemed,11.26
deeming,11.26
deems,11.26
deep,5.47
deepen,9.21
deepened,8.5
deepening,8.5
deepens,8.5
deeper,5.47
deepest,5.47
deepness,8.0
deeps,5.47
deepwater,10.0
deer,5.17
deerstalker,12.15
deescalate,14.85
deface,12.32
defacement,12.56
defalcation,16.33
defamation,13.73
defamatory,15.94
defame,12.05
defamed,12.04
defames,12.04
default,10.85
defaulted,9.85
defaults,9.85
defeat,8.74
defeated,7.64
defeating,7.64
defeatism,14.06
defeatist,14.36
defeats,7.64
defecate,13.2
defecation,12.72
defect,10.26
defected,9.49
defecting,9.49
defection,13.0
defective,10.11
defector,13.17
defects,9.49
defence,7.84
defend,8.16
defendant,11.42
defended,7.6
defender,9.05
defending,7.6
defends,7.6
defenestration,13.2
defense,8.8
defenseless,9.45
defenseman,12.47
defenses,8.04
defensible,10.8
defensive,9.89
defensiveness,9.78
defer,11.88
deference,12.88
deferens,16.29
deferential,14.4
deferment,13.88
deferred,10.99
deferring,10.99
defiance,12.35
defiant,10.45
defibrillate,14.65
defibrillation,14.32
defibrillator,15.1
deficiency,12.33
deficient,11.61
deficit,12.89
defied,8.31
defies,8.31
defilade,14.0
defile,12.5
defilement,14.4
defiler,14.44
define,8.53
defined,10.27
defines,10.27
definite,8.44
definitely,7.29
definition,8.39
definitions,11.13
definitive,12.61
deflate,8.78
deflation,11.26
deflect,10.06
deflected,10.9
deflecting,10.9
deflection,11.56
deflector,11.58
deflects,10.9
deflower,13.7
defoliant,16.45
defoliate,14.13
deforestation,15.06
deform,11.26
deformation,13.5
deformed,7.65
deformity,10.26
defraud,12.39
defrauded,11.48
defrauder,15.29
defrauding,11.48
defray,14.36
defrock,14.86
defrost,7.8
defrosted,10.02
defroster,10.57
defrosting,10.02
deft,11.13
deftness,11.65
defunct,11.67
defuse,12.1
defused,11.59
defusing,11.59
defy,9.78
defying,8.31
degeneracy,13.81
degenerate,13.45
degeneration,14.56
degenerative,13.35
degradable,11.84
degradation,13.0
degrade,11.5
degraded,10.41
degrades,10.41
degrading,10.41
degree,10.35
degrees,10.02
dehiscence,18.0
dehumanization,13.8
dehumidify,13.0
dehydrate,10.53
dehydration,9.37
deify,13.0
deign,11.58
deinstitutionalization,16.05
deities,12.17
deity,13.0
deject,12.33
dejected,11.5
dejeuner,13.2
delay,8.78
delayed,7.92
delaying,7.92
delays,7.92
dele,15.5
delectable,13.0
delectation,12.71
delegate,12.61
delegation,13.32
delegations,11.96
delete,7.78
deleted,7.41
deleterious,17.0
deleting,7.41
deletion,11.32
delft,14.0
delftware,13.67
deli,8.84
deliberate,11.4
deliberated,11.11
deliberates,11.11
deliberating,11.11
deliberation,13.79
delicacy,10.47
delicate,8.2
delicatessen,12.06
delicious,6.5
deliciousness,8.94
delight,8.68
delighted,8.11
delightful,9.72
delighting,7.96
delights,7.96
delineate,12.73
delineation,16.0
delinquency,13.26
delinquent,11.0
delirious,10.79
delirium,12.61
deliver,6.63
deliverable,10.0
deliverance,11.88
deliverer,8.11
delivery,7.68
deliveryman,7.76
dell,8.5
delouse,12.79
delphinium,14.22
delta,11.11
deltas,10.88
delude,13.28
deluded,12.47
deluding,12.47
deluge,13.68
deluged,13.64
delusion,9.95
delusional,12.41
delusionary,12.94
deluxe,9.79
delve,11.5
demagnetize,12.56
demagogue,16.38
demagoguery,14.18
demand,7.83
demanded,7.31
demander,10.78
demanding,7.31
demands,7.31
demarcation,13.92
dematerialize,12.05
demean,13.11
demeaning,11.61
demeanor,12.56
dement,15.25
demented,11.61
dementia,12.32
demerit,11.71
demigod,13.29
demilitarized,15.42
demimonde,16.57
demineralization,12.11
demise,10.67
demitasse,15.09
demiurge,15.62
demo,11.21
demobilization,13.22
democracies,12.09
democracy,10.17
democrat,11.21
democratic,10.22
democratize,12.64
democrats,12.68
demographic,12.65
demolish,9.11
demolished,9.08
demolishes,9.08
demolishing,9.08
demolition,9.05
demon,7.16
demoniac,13.27
demoniacal,13.46
demonic,10.32
demonism,13.62
demonize,13.0
demonologist,14.0
demonology,14.33
demons,8.47
demonstrable,13.75
demonstrandum,13.57
demonstrate,9.05
demonstration,10.11
demonstrations,9.98
demonstrative,11.63
demonstrator,9.3
demoralization,15.0
demoralize,13.88
demoralizer,13.83
demote,12.89
demotic,15.5
demotion,12.56
demount,10.8
demur,14.33
demure,12.78
demurrer,14.92
demystify,13.41
den,5.7
denaturalization,15.31
denatured,13.88
dengue,12.33
deniability,12.55
deniable,10.05
denial,9.45
denials,9.92
denied,7.53
denies,7.53
denigrate,14.17
denigration,13.4
denim,8.22
denims,8.0
denizen,14.36
denomination,10.56
denominational,10.95
denominator,11.17
denote,11.24
denotes,11.33
denouement,15.0
denounce,12.16
denounced,12.01
denounces,12.01
denouncing,12.01
dens,5.82
dense,10.2
denseness,11.78
denser,9.87
densest,9.87
densitometer,16.0
density,10.79
dent,7.33
dental,7.21
dentals,7.19
dentate,15.14
dented,6.9
dentifrice,15.43
dentin,11.33
denting,6.9
dentist,5.22
dentistry,8.81
dentists,5.48
dentition,15.36
dents,6.9
denture,10.16
denudation,15.0
deny,7.8
denying,7.53
deodorant,8.83
deodorize,11.48
deodorizer,12.11
deoxyribonucleic,15.47
depart,9.89
departed,7.43
departing,7.43
department,9.84
departmental,12.61
departments,9.75
departs,7.43
departure,9.78
depend,8.5
dependability,10.05
dependable,8.78
dependant,10.67
dependence,10.68
dependency,11.0
dependent,9.32
depict,11.5
depicted,11.33
depicting,11.33
depiction,11.44
depicts,11.33
depilatory,14.45
deplane,10.92
deplete,12.53
depletion,14.22
deplorable,14.24
deplore,12.4
deploy,12.44
deployable,13.5
deployed,11.59
deploying,11.59
deployment,12.29
deploys,11.59
depolarization,14.54
depopulate,13.27
depopulation,12.33
deport,12.65
deportation,13.95
deported,11.59
deporting,11.59
deportment,14.33
deports,11.59
depose,13.56
deposer,15.28
deposing,11.93
deposit,8.65
deposited,9.54
depositing,9.54
deposition,13.59
depositor,13.65
depository,13.18
deposits,9.54
depot,9.11
depots,10.6
depravation,13.62
deprave,10.88
depravity,13.37
deprecate,13.79
deprecatory,15.0
depreciate,13.37
depreciation,15.19
depredation,15.2
depress,9.75
depressant,12.28
depressed,9.47
depresses,10.51
depressing,11.74
depression,10.71
depressions,10.81
depressive,11.89
depressor,10.25
depressurization,13.68
depressurize,12.29
deprivation,11.17
deprive,9.37
deprived,10.11
deprives,10.11
depriving,10.11
deprogram,16.33
deprogrammer,15.64
dept,8.0
depth,9.72
depths,7.31
deputation,17.64
depute,14.64
deputies,8.6
deputize,12.0
deputy,6.45
deracinate,17.17
derail,10.67
derailment,12.0
derangement,14.32
derbies,10.04
derby,10.45
deregulation,15.0
derelict,14.38
dereliction,14.33
deride,12.5
derision,13.38
derisive,14.06
derivation,14.22
derivative,14.44
derive,12.0
derived,12.22
derives,12.22
derma,13.93
dermal,14.15
dermatitis,14.93
dermatological,13.0
dermatologist,12.62
dermatology,12.3
dermatome,16.75
dermis,13.94
dernier,12.57
derogatory,13.35
derriere,13.12
derringer,12.82
dervish,14.13
desalinization,16.15
descant,13.5
descend,9.19
descendant,9.61
descended,8.5
descending,8.5
descends,8.5
descent,9.84
descents,10.0
describe,7.67
described,7.14
describes,7.14
describing,7.14
description,8.8
descriptions,9.28
descriptive,7.94
descriptor,11.22
desecrate,12.26
desecration,13.85
desecrator,13.88
desegregate,11.95
desegregation,12.29
deselect,11.45
desensitization,15.53
desensitize,13.69
desert,8.35
deserted,6.18
deserter,10.76
deserting,6.18
desertion,12.33
deserts,6.18
deserve,7.94
deserved,7.47
deserves,7.47
deserving,7.67
desiccant,15.33
desiccate,15.14
desiccated,12.69
desiccation,13.64
design,10.05
designate,11.6
designated,11.44
designation,11.82
designator,12.2
designed,8.6
designee,14.88
designer,9.05
designers,9.45
designing,8.6
designs,8.6
desirability,12.1
desirable,11.0
desire,9.95
desired,8.35
desires,8.35
desiring,8.35
desirous,12.94
desist,13.33
desk,5.56
deskbound,11.47
desks,5.41
desktop,8.85
desolate,12.06
desolated,12.06
desolation,12.79
despair,9.56
despairing,12.79
despairs,9.01
desperado,12.79
desperate,9.22
desperately,9.88
desperateness,13.31
desperation,11.28
despicable,10.89
despise,12.38
despised,9.77
despises,9.77
despising,9.77
despite,9.11
despoil,15.62
despondency,13.93
despondent,14.62
despot,13.5
despotism,14.0
despots,12.7
dessert,5.61
desserts,5.37
destabilization,13.94
destabilize,12.33
destination,8.56
destine,12.5
destiny,10.21
destitute,11.43
destitution,13.55
destroy,6.7
destroyed,7.2
destroyer,7.74
destroying,7.2
destroys,7.2
destruct,8.81
destructed,9.76
destructible,10.21
destruction,7.62
destructive,8.05
destructor,10.11
desultory,14.17
detach,9.22
detachable,9.94
detaching,9.85
detachment,12.53
detail,9.79
detailed,7.0
detailer,10.05
detailing,7.96
details,7.96
detain,12.28
detained,10.8
detainee,13.8
detaining,10.8
detainment,13.05
detect,9.53
detectable,11.89
detected,8.62
detecting,8.62
detection,10.33
detective,6.58
detectives,7.54
detector,9.42
detects,8.62
detente,15.44
detention,10.16
deter,12.24
detergent,7.33
deteriorate,11.78
deteriorated,10.68
deteriorates,10.68
deteriorating,10.76
deterioration,12.65
determinate,11.81
determination,8.94
determinations,9.12
determinative,12.87
determine,8.89
determined,10.11
determines,10.11
determining,10.11
determinism,13.71
determinist,13.41
deterministic,13.0
deterrence,14.12
deterrent,11.78
detest,10.47
detestable,13.0
detestation,12.82
detests,11.49
dethrone,10.94
dethronement,14.23
detonate,10.06
detonation,12.74
detonative,15.58
detonator,10.63
detour,9.11
detoured,10.56
detours,9.76
detox,16.34
detoxification,14.67
detoxifier,13.69
detoxify,14.61
detract,12.84
detrain,13.0
detriment,13.41
detrimental,12.16
detritus,13.29
detune,12.86
deuce,10.33
deuces,11.56
deuterium,16.14
devaluate,12.19
devaluation,12.73
devalue,12.67
devastate,9.8
devastating,11.06
devastation,10.83
devastator,11.25
develop,7.28
developer,10.28
development,8.63
developmental,9.63
developments,9.54
deviance,14.59
deviancy,13.94
deviant,14.12
deviants,11.43
deviate,13.11
deviates,12.09
deviating,12.09
deviation,12.53
deviationism,16.5
device,8.06
devices,9.34
devil,5.0
deviled,9.83
devilfish,13.21
deviling,5.74
devilish,8.72
devilishness,10.37
devilled,11.08
devilry,12.38
devils,5.74
deviltry,14.64
devious,9.79
deviousness,11.89
devise,10.75
devised,11.0
devises,11.0
devising,11.0
devoid,12.19
devoir,13.86
devolution,13.36
devolve,13.43
devote,9.58
devoted,9.55
devotee,12.44
devotes,10.41
devoting,10.41
devotion,11.78
devotional,11.33
devour,10.18
devoured,9.94
devourer,10.11
devouring,9.94
devours,9.94
devout,10.44
devoutness,11.24
dew,7.37
dewberry,13.67
dewdrop,8.68
dewlap,12.33
dews,6.67
dewy,10.17
dexterity,11.28
dexterous,14.71
dextral,14.09
dextrose,16.38
dhal,18.33
dhow,17.75
diabetes,10.74
diabetic,11.17
diabolic,12.72
diabolical,11.75
diabolism,16.88
diabolist,16.27
diadem,16.56
diagnosable,11.0
diagnose,10.72
diagnosis,12.33
diagnostic,12.9
diagnostician,16.53
diagonal,8.0
diagram,9.63
dial,6.68
dialect,11.5
dialectic,16.18
dialectical,13.93
dialectician,14.64
dialectics,15.3
dialer,11.15
dialogical,15.5
dialogue,11.0
dialysis,13.0
dialyze,14.7
diamante,14.0
diameter,10.44
diametric,12.9
diamond,6.47
diamondback,10.18
diamonds,6.83
diapason,14.5
diaper,3.4
diapers,4.24
diaphanous,16.27
diaphoresis,15.22
diaphoretic,15.0
diaphragm,12.58
diaphragmatic,15.44
diarist,14.09
diary,7.72
diastole,14.9
diastolic,16.64
diathermy,15.33
diatomaceous,15.33
diatonic,14.18
diatribe,15.27
diazepam,15.67
diazomethane,16.83
dib,10.62
dibber,12.75
dibs,7.56
dice,6.37
diced,10.11
dicer,9.92
dices,10.11
dicey,12.65
dichotomous,16.1
dichotomy,15.23
dichromate,15.47
dicing,10.11
dick,10.89
dicker,15.7
dickhead,10.84
dictate,10.26
dictated,11.8
dictates,11.8
dictating,11.8
dictation,12.11
dictations,9.75
dictator,10.6
dictatorial,12.56
dictatorship,11.72
dictatorships,11.76
diction,13.06
dictionary,7.28
dictograph,13.6
dictum,16.43
did,8.11
didactic,16.9
didacticism,15.33
diddle,9.8
diddlysquat,9.56
didgeridoo,15.2
didst,8.11
die,4.53
died,5.33
diehard,12.0
dielectric,14.23
dies,5.33
diesel,11.67
diesels,9.49
diet,9.25
dietary,11.36
dietetic,12.93
diethyl,16.38
diethylamide,19.5
dietician,12.35
dieting,8.77
diets,8.77
diff,10.62
differ,9.0
differed,8.82
difference,7.35
differences,7.56
different,5.5
differential,12.37
differentiate,11.63
differentiation,12.76
differing,11.1
differs,8.82
difficult,5.85
difficulty,6.83
diffident,13.19
diffraction,14.08
diffuse,11.17
diffused,12.11
diffuser,13.67
diffuses,12.11
diffusion,12.78
diffusive,13.4
dig,4.19
digest,9.0
digested,8.53
digestible,9.47
digesting,8.53
digestion,10.26
digestive,10.44
digests,8.53
digger,8.12
diggers,5.89
digging,4.5
digit,9.26
digital,11.42
digitalization,15.8
digitalize,13.95
digitization,15.76
digitize,14.94
digits,9.02
dignified,10.89
dignify,10.47
dignitary,12.24
dignity,9.58
digress,14.61
digresses,11.96
digressing,11.96
digression,14.89
digs,4.5
dihedral,15.5
dike,12.47
dikes,11.34
diktat,14.33
dilapidated,11.82
dilapidation,12.62
dilatation,14.62
dilate,12.95
dilation,14.47
dilator,14.53
dilatory,15.17
dildo,15.41
dildos,12.85
dilemma,10.72
dilettante,16.08
diligence,11.95
diligent,11.78
dill,8.2
dills,8.73
dilute,12.11
diluted,9.1
dilutes,9.1
diluting,9.1
dilution,12.95
dim,7.06
dime,5.74
dimension,10.26
dimensional,11.89
dimensionality,16.57
dimensions,10.39
dimes,5.33
diminish,10.95
diminishes,11.36
diminishment,13.47
diminuendo,14.5
diminution,14.0
diminutive,15.65
dimity,14.67
dimmed,7.7
dimmer,9.76
dimmest,7.7
dimming,7.7
dimple,7.84
dimpled,10.0
dims,7.7
dimwit,9.69
dimwitted,9.89
dimwittedness,11.82
din,9.0
dinar,15.08
dine,8.95
dined,7.7
diner,6.83
diners,8.81
dines,7.7
dinette,12.62
dingbat,9.41
dingdong,4.26
dinger,10.54
dinghies,12.64
dinghy,10.67
dingle,12.22
dingo,11.29
dingus,11.64
dingy,8.65
dining,6.8
dinkies,8.04
dinky,8.65
dinner,3.99
dinners,3.84
dinnertime,4.05
dinnerware,8.9
dinning,11.2
dinosaur,4.91
dint,9.75
diocesan,14.0
diocese,11.07
diode,11.43
diorama,11.15
dioramic,12.79
dioxide,11.4
dioxin,17.62
dip,7.0
diphtheria,16.15
diphthong,11.0
diphthongization,19.33
diplex,15.33
diploma,9.33
diplomacy,10.89
diplomat,11.05
diplomatic,12.21
diplomatist,14.73
dipped,6.67
dipper,7.72
dipping,6.67
dippy,8.69
dips,6.67
dipsomania,13.62
dipsomaniac,16.1
dipstick,10.78
diptych,17.25
dir,15.88
dire,11.63
direct,9.68
directed,8.11
directing,8.11
direction,6.68
directional,8.5
directionality,12.88
directions,7.62
directive,13.88
directness,11.0
director,8.5
directorate,16.08
directorial,13.81
directorship,12.33
directory,9.57
directress,10.62
directs,8.11
direful,14.25
direness,13.95
direst,12.32
dirge,14.17
dirges,11.87
dirham,12.0
dirigible,14.3
dirt,3.83
dirtied,5.3
dirtier,5.3
dirties,5.3
dirtiest,5.3
dirtiness,5.37
dirty,4.55
dirtying,5.3
disabilities,9.77
disability,9.33
disable,9.05
disabled,7.67
disabuse,13.13
disadvantage,10.39
disadvantaged,10.67
disadvantageous,13.06
disaffected,13.19
disagree,8.37
disagreeable,8.44
disagreed,7.12
disagreeing,7.12
disagreement,8.48
disagreements,9.92
disagrees,7.12
disallow,11.19
disallowed,9.97
disallows,9.97
disappear,5.37
disappearance,9.0
disappeared,6.34
disappears,6.34
disappoint,7.0
disappointed,6.95
disappointing,8.72
disappointment,8.32
disappoints,7.08
disapproval,8.89
disapprove,8.05
disapproved,9.1
disapproves,9.1
disapproving,8.72
disarm,10.11
disarmament,13.31
disarrange,12.38
disarray,12.4
disarticulation,18.0
disassemble,9.79
disassociate,13.67
disaster,8.22
disastrous,9.0
disavow,13.81
disband,11.05
disbanded,13.41
disbanding,13.41
disbar,14.06
disbarment,13.64
disbelief,10.68
disbelieve,9.5
disbeliever,10.06
disbursal,14.14
disburse,11.41
disbursement,13.95
disc,10.0
discard,10.42
discarding,9.67
discards,9.67
discarnate,15.33
discern,12.79
discernable,13.44
discernible,12.56
discerning,11.56
discernment,13.61
discharge,10.74
discharged,10.45
discharges,10.45
discharging,10.45
disciple,8.16
discipleship,11.73
disciplinarian,12.71
disciplinary,9.0
discipline,7.7
disciplined,8.22
disciplines,8.73
disclaim,12.89
disclaimer,13.9
disclose,11.72
disclosed,10.58
discloser,14.47
discloses,10.58
disclosing,10.58
disclosure,12.44
disco,10.53
discoed,7.24
discoing,7.24
discoloration,11.0
discolorations,11.11
discombobulate,13.16
discomfiture,14.0
discomfort,9.53
discomforts,9.1
disconcerting,14.12
disconfirm,13.5
disconnect,7.89
disconnection,10.65
discontent,11.86
discontented,11.32
discontentment,13.08
discontinuation,11.95
discontinue,11.63
discord,12.41
discordance,13.16
discordant,14.21
discords,11.96
discos,7.24
discotheque,14.8
discount,9.5
discounted,8.87
discounting,8.87
discounts,8.87
discourage,9.32
discouragement,10.22
discouraging,9.11
discourse,12.4
discourteous,12.06
discourtesy,11.63
discover,7.61
discovered,6.77
discoverer,8.11
discoveries,8.24
discovering,6.77
discovers,6.77
discovery,7.84
discredit,11.1
discreditable,13.28
discreet,11.89
discrepancy,13.89
discrete,11.61
discretion,12.67
discretionary,13.78
discriminate,10.78
discriminating,11.37
discrimination,10.89
discriminative,11.59
discriminator,9.41
discriminatory,12.68
discs,8.86
discus,9.53
discuss,7.89
discussable,11.53
discussed,8.06
discusses,8.06
discussing,8.06
discussion,7.4
discussions,10.28
disdain,13.44
disdainful,12.89
disdains,13.07
disease,7.55
diseased,9.89
diseases,7.26
disembark,13.05
disembarkation,16.6
disembodied,12.17
disembodiment,13.2
disembody,12.17
disembogue,13.9
disembowel,14.5
disembowelment,13.17
disenchanted,11.61
disenchantment,12.21
disenfranchise,16.12
disenfranchised,15.73
disenfranchisement,16.61
disengage,12.58
disengagement,12.84
disentangle,12.44
disentwine,14.25
disequilibrium,13.69
disfavor,13.94
disfigure,11.28
disfigurement,12.6
disgorgement,14.1
disgrace,8.22
disgraceful,9.1
disgraces,8.39
disgracing,8.39
disgruntled,11.06
disguise,8.67
disguiser,9.06
disgust,7.68
disgusted,7.8
disgusting,6.06
disgustingness,10.37
disgusts,8.73
dish,4.89
dishabille,14.5
disharmony,11.63
dishearten,11.22
dished,4.6
dishes,4.6
dishevelment,14.0
dishing,4.6
dishonest,5.68
dishonesty,6.85
dishonor,11.53
dishonorable,10.47
dishpan,9.5
dishrag,6.33
dishtowel,5.86
dishware,9.45
dishwasher,7.16
dishwashing,6.37
dishwater,6.39
disillusion,13.79
disillusioned,11.58
disillusionment,13.95
disillusions,11.58
disinclination,15.76
disinclined,12.71
disinfect,10.63
disinfectant,10.74
disinfection,10.84
disinformation,12.82
disingenuous,15.38
disinherit,12.11
disinheritance,13.39
disintegrate,11.42
disintegrated,11.16
disintegrates,11.16
disintegrating,11.16
disintegration,11.56
disintegrator,11.12
disinter,13.33
disinterest,9.0
disinterested,12.4
disinterestedness,13.56
disinterment,15.43
disinvite,12.84
disjoin,13.16
disjoint,11.67
disjointed,11.72
disk,7.47
diskette,11.82
dislike,5.42
disliked,6.46
dislikes,6.46
disliking,6.46
dislocate,10.95
dislocation,10.05
dislocations,11.02
dislodge,11.05
disloyal,10.58
disloyalty,10.95
dismal,10.56
dismantle,10.89
dismay,10.9
dismember,13.0
dismemberment,11.63
dismiss,8.15
dismissal,10.0
dismissed,9.24
dismisses,9.24
dismissible,13.33
dismissing,9.24
dismissive,12.1
dismissiveness,12.13
dismount,9.79
disobedience,7.84
disobedient,6.63
disobey,6.61
disobeyed,6.43
disobeying,6.43
disobeys,6.43
disodium,15.78
disorder,8.78
disordered,9.56
disorderly,9.63
disorganization,11.11
disorganize,10.89
disorient,12.21
disorientate,13.22
disorientated,11.11
disorientation,10.78
disoriented,9.89
disown,11.61
disparage,14.88
disparagement,13.69
disparaging,13.35
disparate,16.0
disparity,12.5
dispassion,14.07
dispassionate,13.39
dispatch,11.0
dispatched,11.39
dispatcher,12.67
dispatches,11.39
dispatching,11.39
dispel,11.39
dispensable,11.89
dispensary,13.5
dispensation,11.93
dispense,9.5
dispensed,10.32
dispenser,7.94
dispenses,10.32
dispensing,10.32
dispersal,10.84
disperse,12.11
dispersed,10.49
disperses,10.49
dispersion,13.0
dispirit,15.23
dispiritedness,14.67
displace,11.1
displacement,12.65
display,7.72
displayed,7.82
displaying,7.82
displays,7.82
displease,8.06
displeasure,8.95
disposable,10.11
disposal,10.75
dispose,8.5
disposed,9.71
disposer,12.12
disposes,9.71
disposing,9.71
disposition,12.24
dispositional,13.8
dispositive,13.25
dispossess,13.56
dispraise,13.7
disproportionate,14.06
disprove,10.21
disputatious,15.08
dispute,12.05
disputes,10.28
disputing,10.28
disqualification,9.72
disqualify,8.83
disquiet,13.64
disquieting,13.5
disquietude,15.58
disregard,10.35
disregarded,11.16
disregarding,11.16
disregards,11.16
disremember,13.57
disrepair,11.95
disreputable,13.95
disrepute,12.62
disrespect,8.78
disrespectful,7.06
disrobe,12.61
disrobement,14.47
disrupt,9.17
disrupted,9.22
disrupter,9.22
disrupting,9.22
disruption,9.44
disruptive,8.79
disruptor,10.95
disrupts,9.22
dissatisfaction,11.11
dissatisfied,9.95
dissatisfy,9.41
disseat,11.75
dissect,10.11
dissected,10.8
dissecting,10.8
dissection,11.56
dissections,11.87
dissector,12.0
dissects,10.8
dissemble,11.53
dissembler,13.44
disseminate,13.33
dissemination,15.64
disseminator,13.57
dissension,15.75
dissent,11.44
dissenter,14.47
dissertation,14.73
disservice,13.72
disseverance,16.64
dissident,13.29
dissimilar,12.3
dissimilarity,13.33
dissimulate,13.8
dissimulation,15.42
dissipate,13.22
dissipation,13.5
dissociate,13.56
dissociation,12.88
dissociative,14.76
dissolute,13.4
dissolution,13.1
dissolve,9.2
dissolved,7.96
dissolves,7.96
dissolving,7.96
dissonance,12.82
dissonant,14.69
dissuade,13.18
dissuaded,12.32
distain,13.0
distal,15.1
distance,6.81
distanced,6.92
distances,6.92
distancing,6.92
distant,8.95
distaste,12.39
distasteful,10.11
distemper,13.83
distempered,11.12
distend,12.88
distension,12.86
distention,13.93
distil,13.92
distillate,13.18
distillation,14.59
distilled,9.61
distiller,12.75
distillery,14.61
distinct,10.5
distinction,10.35
distinctions,10.07
distinctive,10.39
distinctiveness,11.24
distinguish,11.28
distinguishable,11.7
distinguished,10.78
distinguishing,11.58
distort,11.22
distorted,10.32
distortion,11.47
distract,8.72
distracted,8.37
distracter,11.35
distracting,8.37
distraction,9.58
distracts,8.37
distraught,11.0
distress,11.16
distresses,8.39
distressing,10.32
distributable,12.43
distribute,10.32
distributer,11.42
distribution,11.0
distributor,11.56
distributorship,13.26
district,9.79
districts,10.22
distrust,10.1
distrustful,11.62
distrusts,10.02
disturb,8.22
disturbance,9.33
disturbed,7.26
disturber,9.72
disturbing,8.63
disturbs,7.26
disulphide,13.88
disunite,12.55
disunited,12.17
disuse,10.95
disused,12.2
ditch,6.22
ditched,5.94
ditches,5.94
ditching,5.94
dither,14.2
ditherance,13.53
ditsy,10.88
ditties,11.7
ditto,9.3
ditty,10.27
ditz,7.88
ditzy,9.21
diuretic,14.88
diurnal,15.5
diva,13.58
divan,11.44
dive,7.21
dived,6.34
diver,6.89
diverge,12.59
divergence,14.79
divergent,13.71
divers,6.37
diverse,12.0
diversification,13.11
diversify,13.1
diversion,12.58
diversionary,15.07
diversity,10.79
divert,11.33
diverted,11.04
diverter,14.22
diverticulitis,16.1
diverting,11.04
divertissement,16.7
divertive,13.86
diverts,11.04
dives,6.34
divest,14.0
divestiture,14.25
divide,7.16
divided,6.28
dividend,12.79
dividends,11.38
divider,9.72
dividers,8.44
divides,6.28
dividing,6.28
divination,12.23
divine,10.16
divined,10.22
diving,6.34
divining,11.12
divinity,10.41
divisibility,10.58
divisible,8.72
division,7.45
divisional,10.44
divisions,8.3
divisive,13.18
divisiveness,15.12
divorce,8.9
divorcee,11.63
divorcement,10.53
divorcer,10.07
divorces,8.53
divorcing,8.53
divulge,12.65
divulged,12.53
divulger,12.64
divulges,12.53
divulging,12.53
divvy,10.35
dizzies,5.48
dizziness,8.06
dizzy,5.5
dizzying,8.68
do,3.6
doable,9.67
dobbin,12.0
doc,8.53
docent,15.4
docile,12.39
docility,14.82
dock,8.22
dockage,12.64
docked,7.35
docket,13.0
dockhand,12.19
docking,8.67
docks,7.35
dockside,8.37
dockworker,11.38
dockyard,12.0
doctor,4.6
doctoral,13.28
doctorate,13.78
doctored,4.65
doctors,4.65
doctrinaire,16.38
doctrinal,15.56
doctrine,11.89
doctrines,12.01
docudrama,16.28
document,9.86
documentarian,13.0
documentary,11.56
documentation,11.9
dodder,11.9
doddering,14.17
doddle,8.75
dodecahedron,11.91
dodge,7.75
dodged,7.15
dodger,9.89
dodges,7.15
dodging,7.15
dodgy,13.93
dodo,8.12
doe,7.6
doer,12.29
does,8.11
doeth,8.11
doff,14.5
dog,2.8
dogcatcher,6.05
doge,13.0
dogface,8.62
dogfight,8.94
dogfish,9.5
dogged,3.62
doggerel,12.43
dogging,3.62
doggy,3.68
doghouse,6.74
dogleg,8.38
dogma,12.89
dogmas,13.64
dogmatic,13.87
dogs,3.62
dogsled,7.71
dogtrot,11.44
dogwatch,9.08
dogwood,11.38
doing,5.89
doings,5.02
dojo,12.94
doldrums,11.93
dole,9.35
doled,12.64
doles,12.64
doling,12.64
doll,3.68
dollar,5.06
dollars,4.97
dolled,3.46
dollhouse,4.86
dolling,3.46
dollop,9.8
dolls,3.46
dolomite,14.53
dolor,13.67
dolphin,6.05
dolphins,8.17
dolt,11.23
dolts,11.9
domain,11.72
domains,10.7
dome,8.44
domes,7.67
domestic,10.55
domesticate,11.39
domesticated,12.81
domesticity,13.0
domestics,9.74
domicile,13.27
domiciliary,15.86
dominance,10.11
dominant,11.11
dominate,8.89
domination,11.79
dominator,10.33
dominatrix,16.0
domineer,10.31
dominion,12.44
domino,6.17
dominoes,7.7
don,11.65
donate,8.2
donated,9.34
donates,9.34
donating,9.34
donation,9.33
done,8.11
donkey,6.0
donkeys,4.57
donned,12.16
donning,12.16
donnybrook,14.22
donor,10.06
donors,9.13
dons,12.16
donut,4.75
donuts,4.75
doodad,9.47
doodah,6.12
doodle,8.14
doodlebug,10.4
doodled,6.54
doodler,8.65
doodles,6.54
doodling,6.54
doohickey,7.58
doom,9.42
doomed,8.54
dooms,8.54
doomsayer,12.78
doomsday,11.11
door,3.05
doorbell,5.05
doorframe,8.39
doorjamb,8.06
doorkeeper,10.3
doorknob,4.7
doorknocker,7.06
doorman,9.32
doormat,7.21
doornail,8.14
doorpost,7.56
doors,4.47
doorstep,6.11
doorstop,6.61
doorway,6.55
doorways,7.09
doozy,9.27
dopamine,15.47
dope,9.44
doped,9.89
doper,14.12
dopes,9.89
dopey,8.82
doping,9.89
doppelganger,15.67
dork,6.58
dorky,6.9
dorm,9.89
dormancy,12.38
dormant,10.17
dormer,14.08
dormitories,9.22
dormitory,11.22
dormouse,7.75
dorms,10.46
dorsal,13.0
dos,8.11
dosage,8.05
dosages,11.29
dose,10.1
dosed,8.26
doses,8.26
dosimeter,15.0
doss,14.38
dossier,14.0
dost,8.11
dot,4.33
dotage,12.57
dotard,14.3
dote,11.47
doted,11.93
dotes,11.93
doth,8.11
doting,11.6
dots,4.56
dotted,6.0
dotter,11.78
dotting,4.56
dottle,14.4
dotty,8.07
double,5.58
doubled,5.96
doubleheader,11.06
doubles,5.96
doublespeak,13.0
doublet,13.24
doubletree,12.86
doubling,5.96
doubloon,11.77
doubt,8.79
doubted,7.57
doubter,9.44
doubtful,8.33
doubting,7.57
doubts,7.57
douche,13.39
douches,12.9
dough,6.63
doughboy,8.47
doughnut,5.42
doughnuts,4.75
dour,13.14
dourine,16.75
douse,12.56
doused,10.9
douser,14.21
douses,10.9
dove,6.63
doves,6.23
dovetail,12.21
dowager,15.0
dowagers,12.34
dowdy,11.93
dowel,10.24
dower,11.0
dowerless,13.43
down,4.93
downbeat,11.79
downcast,10.61
downdraught,16.44
downer,11.35
downfall,11.47
downfield,9.06
downgrade,11.61
downhill,5.86
downlink,16.29
download,13.56
downloadable,13.67
downplay,9.89
downpour,7.33
downrange,11.39
downriver,8.41
downs,4.14
downshift,12.74
downside,9.37
downsize,12.33
downstairs,3.91
downstate,10.92
downswing,12.0
downtime,12.7
downtown,6.42
downtrodden,12.25
downturn,8.5
downward,7.84
downwash,11.19
downy,9.74
dowries,10.92
dowry,14.59
dowse,11.0
dowsed,11.78
dowser,12.8
doxology,16.33
doxy,14.56
doyen,14.33
doze,8.0
dozed,7.79
dozen,6.89
dozens,6.45
dozer,9.06
dozes,7.79
dozing,7.79
dozy,11.6
drab,11.11
drabble,12.09
drabs,10.24
dracaena,12.0
drachma,16.5
draconian,14.5
draft,7.58
drafted,9.28
draftee,11.22
drafting,9.28
drafts,9.28
draftsman,13.78
drafty,8.83
drag,8.84
dragged,5.88
dragger,9.82
dragging,5.88
dragnet,12.45
dragoman,10.5
dragon,5.58
dragonfly,6.8
dragonroot,12.0
dragons,5.01
dragoon,12.0
drags,5.88
drain,6.26
drainage,10.84
drained,6.15
drainer,7.0
draining,6.15
drainpipe,9.11
drains,6.15
drake,12.07
dram,13.13
drama,7.39
dramas,8.2
dramatic,8.72
dramatics,8.67
dramatist,11.89
dramatization,9.74
dramatize,11.39
drank,3.65
drape,9.11
draped,9.28
drapery,12.0
drapes,9.28
draping,9.28
drastic,10.78
drat,8.6
draught,12.53
draughts,9.36
draughtsman,14.55
draughty,13.8
draw,4.11
drawback,9.63
drawbridge,9.06
drawer,5.37
drawers,6.05
drawing,4.83
drawings,5.02
drawl,11.17
drawls,10.68
drawn,4.38
draws,4.38
drawstring,9.72
dray,14.6
dread,9.44
dreaded,10.5
dreadful,6.78
dreading,9.24
dreadnought,17.2
dreads,9.24
dream,4.88
dreamboat,10.25
dreamed,5.16
dreamer,7.25
dreamers,7.03
dreaming,5.16
dreamland,7.29
dreamless,10.8
dreamlike,7.59
dreams,5.16
dreamt,5.16
dreamworld,9.0
dreamy,8.75
drear,11.92
dreariest,10.9
dreary,8.42
dredge,12.5
dredged,12.16
dredges,12.16
dredging,14.2
dreg,13.59
dregs,13.48
drench,9.35
drenched,9.1
dress,4.05
dressed,4.51
dresser,4.28
dressers,8.11
dresses,4.51
dressing,5.68
dressmaker,9.3
dressmakers,7.53
dressmaking,8.79
dressy,7.61
drew,5.41
drib,11.14
dribble,6.5
dribbled,7.11
dribbler,8.24
dribbles,7.11
dribbling,7.11
drier,4.8
driers,6.2
dries,4.8
driest,4.8
drift,8.89
drifted,8.35
drifter,10.33
drifters,11.39
drifting,8.35
drifts,8.35
driftwood,9.53
drill,7.14
drilled,7.47
driller,10.67
drilling,7.47
drillmaster,14.0
drills,7.47
drink,3.47
drinkable,7.64
drinker,8.53
drinking,3.65
drinks,3.65
drip,5.89
dripped,6.65
dripper,10.86
dripping,6.65
drippy,6.78
drips,6.65
drivable,11.78
drive,5.26
drivel,12.8
driveling,12.11
driven,6.06
driver,4.95
drivers,5.77
drives,6.06
driveway,5.78
driving,6.06
drizzle,7.56
drogue,14.12
droll,13.08
drollery,16.5
drollest,12.22
dromedary,12.33
drone,10.11
drones,12.01
droning,12.01
drool,6.11
drooled,5.68
drooling,5.68
drools,5.68
droop,10.12
drooped,9.24
drooping,8.21
droops,9.24
droopy,6.94
drop,3.26
dropkick,9.06
droplet,9.33
dropout,10.05
dropped,4.51
dropper,8.56
dropping,4.51
drops,4.51
dropsy,13.0
drosophila,18.5
dross,17.25
drought,7.94
droughts,9.17
drove,6.32
drover,13.67
droves,8.09
drown,7.0
drowned,6.33
drowning,6.33
drowns,6.33
drowse,11.5
drowses,10.69
drowsier,8.53
drowsiness,9.5
drowsy,8.0
drudge,10.65
drudgery,15.12
drug,8.11
druggie,11.9
drugging,10.13
druggist,13.0
drugs,10.13
drugstore,7.53
druid,12.93
druidic,16.5
druidism,14.0
drum,4.63
drumbeat,8.2
drummed,5.87
drummer,6.05
drumming,5.87
drums,5.87
drumstick,7.79
drunk,9.26
drunkard,10.72
drunken,9.42
drunkenness,11.94
drunker,9.22
drunkest,9.22
drunks,9.22
druthers,11.6
dry,4.11
dryad,13.64
dryer,6.16
dryers,6.2
drying,4.8
dryness,8.94
drywall,12.06
dual,8.63
dualism,13.57
dualistic,12.69
duality,12.87
dub,11.06
dubbed,11.16
dubbing,11.16
dubious,12.19
dubs,11.16
ducal,11.83
ducat,14.36
duchess,9.85
duchy,12.9
duck,3.5
ducked,3.52
ducker,8.27
ducking,3.52
duckling,4.95
ducks,3.52
ducktail,10.71
duckweed,13.2
ducky,7.44
duct,10.74
ductile,14.22
ductless,14.69
ducts,9.84
ductwork,12.6
dud,8.55
dude,7.89
dudes,7.86
dudgeon,11.55
duds,9.1
due,7.53
duel,9.45
dueler,10.81
dueling,8.13
duels,8.13
duenna,16.14
dues,7.91
duet,8.82
duets,8.9
duffel,10.11
duffels,10.8
duffer,11.0
duffle,10.8
dug,4.5
dugout,8.68
duh,8.58
duke,7.89
dukedom,11.08
dukes,8.0
dulcet,15.17
dulcimer,14.0
dull,8.05
dullard,12.77
dulled,10.13
duller,10.13
dullest,10.13
dullness,8.9
dulls,10.13
duly,11.4
duma,14.5
dumb,4.5
dumbbell,7.56
dumber,6.2
dumbest,6.2
dumbfound,10.47
dumbness,7.58
dumbstruck,11.26
dumbwaiter,11.47
dummied,5.37
dummies,5.37
dummy,5.17
dump,6.58
dumped,6.71
dumper,9.56
dumping,6.71
dumpling,8.5
dumps,6.71
dumpster,9.06
dumpsters,7.49
dumpy,8.28
dun,13.0
dunce,9.21
dunces,10.03
dunderhead,11.91
dune,9.65
dunes,8.78
dung,11.05
dungaree,12.47
dungeon,7.55
dunghill,12.25
dungy,10.5
dunk,6.58
dunked,7.15
dunking,7.15
dunks,7.15
duo,7.94
duodenal,13.86
duodenum,14.5
dup,14.4
dupe,11.81
duped,11.55
dupes,11.55
duping,11.55
duplex,11.05
duplicate,8.95
duplication,12.11
duplicator,9.68
duplicitous,13.83
duplicity,12.42
durability,10.05
durable,11.79
duration,10.32
durbar,17.0
duress,14.0
durian,15.5
during,6.8
durst,6.07
dusk,8.74
dusky,8.88
dust,5.06
dustbin,9.28
dusted,5.4
duster,8.11
dusters,6.71
dustier,6.83
dusting,5.4
dustman,10.93
dustpan,6.47
dustpans,6.6
dusts,5.4
dustup,11.58
dusty,4.74
dutiable,13.27
duties,8.85
dutiful,10.84
duty,7.15
duvet,15.0
dwarf,7.65
dwarfish,13.25
dwarfism,11.06
dwarfs,5.64
dwarves,5.64
dweeb,9.0
dwell,10.78
dwelled,10.35
dweller,9.84
dwelling,9.05
dwellings,8.81
dwells,10.35
dwelt,10.35
dwindle,11.25
dwindling,11.83
dybbuk,16.0
dye,7.56
dyed,7.86
dyeing,7.86
dyes,7.86
dying,5.33
dyke,13.67
dynamic,12.0
dynamism,14.94
dynamite,7.11
dynamiter,10.91
dynamo,12.32
dynamotor,14.09
dynastic,13.93
dynasty,10.5
dysentery,13.63
dysfunction,11.21
dysfunctional,11.47
dysgenics,18.4
dyslexia,12.32
dyslexic,13.26
dyslogistic,13.12
dyspeptic,17.45
dysphasia,16.4
dysplasia,16.2
dysprosium,12.33
dystopia,16.81
dystrophy,12.8
each,4.95
eager,8.5
eagerness,10.94
eagle,5.83
eagles,6.33
ear,3.63
earache,6.06
eardrop,9.24
eardrum,7.95
earful,8.32
earl,10.59
earldom,12.3
earless,9.33
earlier,5.37
earliest,5.37
earlobe,6.0
earls,9.19
early,5.31
earmark,11.83
earmuff,7.0
earn,7.57
earned,7.27
earner,10.84
earnest,10.22
earnestness,11.94
earning,7.27
earnings,8.06
earns,7.27
earphone,9.45
earpiece,10.28
earplug,7.58
earring,7.17
earrings,6.33
ears,3.47
earshot,10.48
earth,5.37
earthbound,11.94
earthen,12.82
earthlight,14.17
earthling,11.63
earthly,9.38
earthman,9.06
earthquake,7.53
earths,6.41
earthworm,5.35
earthy,9.11
earwax,6.39
earwig,10.71
ease,9.11
eased,7.98
easeful,12.56
easel,7.0
easement,11.69
easer,9.6
eases,7.98
easier,5.04
easiest,5.04
easiness,8.44
easing,7.98
east,6.94
eastbound,9.72
easterly,13.25
eastern,8.61
easternmost,11.5
easting,10.33
easy,5.43
easygoing,9.4
eat,2.78
eatable,8.93
eaten,3.67
eater,5.94
eatery,10.61
eating,3.67
eats,3.67
eau,14.71
eaves,12.4
eavesdrop,8.86
eavesdropper,9.45
ebb,11.12
ebbed,12.82
ebbing,12.82
ebbs,12.82
ebonite,11.38
ebony,11.18
ebullient,16.5
ebullition,16.67
eccentric,12.6
eccentricity,13.74
ecclesiastical,13.79
echelon,13.5
echo,8.0
echocardiogram,17.5
echoed,6.57
echoes,6.57
echogram,16.19
echoing,6.57
echolocate,14.57
echolocation,10.15
eclair,10.76
eclectic,12.83
eclipse,10.21
eclipsed,10.22
eclipses,10.22
ecological,13.39
ecologist,12.65
ecology,12.72
economic,12.0
economical,11.56
economics,12.3
economist,12.32
economize,14.55
economy,12.56
ecosystem,11.06
ecru,12.17
ecstasies,11.66
ecstasy,13.47
ecstatic,13.26
ectoderm,15.5
ectopic,15.06
ectoplasm,13.15
ecumenical,14.56
eczema,13.05
eczematous,16.5
edam,16.0
edelweiss,13.44
edema,15.07
edematous,19.2
edge,6.17
edges,6.24
edgeways,12.29
edgewise,10.53
edginess,12.78
edging,6.24
edgy,9.22
edibility,11.0
edible,8.68
edibles,11.17
edict,14.53
edicts,12.28
edification,14.44
edifice,14.07
edify,12.87
edifying,13.44
edit,9.57
edited,9.71
editing,10.21
edition,8.42
editor,10.11
editorial,13.7
editorialize,12.94
editors,10.58
editorship,12.47
edits,9.71
educable,16.33
educate,7.84
educates,7.78
educating,7.78
education,6.7
educational,8.26
educations,8.13
educator,8.55
educators,10.66
educe,15.33
eel,6.47
eels,6.65
eerie,9.37
eeriest,9.76
effable,16.69
efface,13.2
effacement,15.56
effect,9.26
effected,8.24
effecting,8.24
effective,10.83
effectively,10.12
effectiveness,12.3
effects,8.24
effectual,11.89
effeminacy,15.5
effeminate,13.47
effendi,15.86
effervesce,14.0
effervescence,13.5
effervescent,14.63
effete,15.67
efficacious,16.36
efficacy,14.94
efficiency,9.67
efficient,11.53
effigy,13.76
effleurage,18.5
effluent,15.73
effluvium,16.0
effort,8.16
effortless,9.78
efforts,8.18
effrontery,12.86
effulgence,13.62
effulgent,13.5
effusion,14.29
effusive,13.27
egalitarian,15.58
egg,3.89
eggbeater,9.05
eggcup,7.69
egged,3.94
egghead,8.63
egging,3.94
eggless,11.61
eggnog,7.45
eggplant,8.3
eggroll,8.47
eggs,3.94
eggshell,7.11
eglantine,18.0
ego,10.89
egocentric,14.27
egoism,15.62
egoist,13.5
egoistic,13.75
egomania,15.0
egomaniac,11.95
egomaniacal,14.12
egotism,13.68
egotist,13.38
egotistic,13.0
egotistical,14.18
egregious,14.55
egress,17.46
egret,13.75
eider,14.38
eiderdown,13.0
eidetic,16.75
eight,5.36
eightfold,12.71
eighth,6.05
eighths,7.2
eighties,6.07
eights,4.41
eighty,5.87
einsteinium,14.33
eisteddfod,25.0
either,6.28
ejaculate,13.32
ejaculation,13.18
ejaculator,14.32
ejaculatory,14.05
eject,8.05
ejected,10.0
ejecting,10.0
ejection,10.53
ejector,9.86
ejects,10.0
eke,13.5
eking,11.78
elaborate,11.53
elaboration,13.63
elaborations,11.34
eland,16.2
elastic,8.85
elasticity,11.61
elated,11.89
elation,11.41
elbow,4.78
elbowed,4.9
elbowing,4.9
elbows,4.9
elder,7.67
elderberry,11.28
elderly,8.17
eldest,4.93
eldritch,13.0
elect,7.28
electability,14.53
elected,9.4
electing,9.4
election,9.17
elections,10.39
elective,12.11
electoral,12.0
electorate,13.8
electric,6.36
electrical,8.1
electrician,8.75
electricians,8.6
electricity,6.6
electrics,7.95
electrification,10.89
electrify,9.8
electro,12.5
electrocardiogram,13.29
electrochemical,13.0
electrochemist,12.43
electrochemistry,14.53
electroconvulsive,12.15
electrocute,8.94
electrocution,9.24
electrode,13.11
electroencephalograph,15.85
electrolysis,14.94
electrolyte,13.63
electromagnet,12.94
electromagnetic,13.4
electromagnetism,13.89
electrometer,15.12
electromyography,16.38
electron,12.4
electronic,7.3
electronics,9.21
electrophoresis,17.38
electroplate,12.75
electroshock,12.16
electrostatic,12.78
electrostatics,14.54
electrotherapy,15.2
elects,9.4
elegance,9.61
elegant,9.72
elegy,12.62
element,10.5
elemental,12.12
elementary,6.11
elephant,4.8
elephantine,14.27
elephants,4.62
elevate,9.11
elevation,9.95
elevator,5.47
eleven,5.78
elevens,5.4
elf,4.32
elfin,12.57
elicit,14.26
eligibility,11.39
eligible,10.84
eliminate,10.21
elimination,11.44
eliminations,10.75
eliminator,11.17
elite,12.39
elites,12.36
elitism,13.87
elitist,13.86
elixir,11.53
elk,7.05
elks,9.61
ell,12.5
ellipsis,14.41
elliptical,11.81
elm,9.06
elms,7.35
elocution,13.85
elocutionary,16.17
elongate,11.79
elongated,10.67
elongation,12.32
elope,11.37
elopement,13.47
elopements,11.75
eloquence,11.71
eloquent,11.74
else,6.53
elucidate,15.57
elucidation,16.15
elude,12.21
eluded,12.6
eludes,12.6
eluding,12.6
elusion,12.06
elusive,12.76
elutriation,15.33
elves,5.56
elysian,15.86
email,11.52
emailed,9.4
emails,9.4
emanate,12.19
emanation,16.0
emanations,12.9
emancipate,12.21
emancipation,12.15
emancipationist,13.06
emancipator,13.67
emasculate,14.5
emasculated,16.44
emasculation,14.6
embalm,12.76
embalmer,13.61
embankment,11.53
embarcadero,16.11
embargo,12.95
embark,11.05
embarkation,14.62
embarked,10.9
embarking,10.9
embarks,10.9
embarrass,6.11
embarrassed,7.83
embarrasses,8.86
embarrassing,8.6
embarrassment,6.28
embassy,12.0
embed,12.53
embellish,11.76
embellishment,13.22
embellishments,12.38
ember,10.5
embezzle,12.21
embezzlement,14.74
embezzler,13.24
embitter,16.21
emblem,10.32
emblematic,12.71
embodiment,13.45
embody,10.83
embolden,14.27
embolic,14.56
embolism,14.07
embolus,17.0
emboss,11.33
embouchure,13.0
embrace,7.05
embraceable,12.12
embraced,9.05
embraces,9.05
embracing,9.05
embrangle,15.44
embrasure,13.67
embroider,11.0
embroiders,8.02
embroidery,10.17
embroil,13.19
embryo,11.68
embryologist,17.18
embryology,16.44
embryonic,12.44
emcee,12.94
emend,14.92
emerald,8.26
emeralds,8.37
emerge,9.76
emerged,10.32
emergence,10.47
emergencies,7.62
emergency,5.94
emergent,13.47
emerges,10.32
emeritus,16.22
emersion,12.68
emery,10.86
emesis,17.6
emetic,15.75
emigrate,11.79
emigration,11.42
emigrational,13.36
eminence,14.59
eminency,11.93
eminent,12.53
emir,15.75
emissary,12.64
emission,13.26
emit,10.33
emitter,13.62
emolument,18.11
emote,13.35
emotion,6.37
emotional,9.45
emotionalism,14.88
emotionality,11.26
emotionless,11.68
emotions,9.71
emotive,12.71
empanada,11.36
empathetic,13.32
empathic,14.11
empathize,12.84
empathy,14.32
empennage,16.0
emperor,7.44
emperors,8.73
empery,15.0
emphasis,10.72
emphasize,11.26
emphatic,12.38
emphysema,13.55
empire,8.44
empires,8.37
empiric,15.91
empirical,14.29
empiricism,14.06
empiricist,16.0
emplacement,14.06
employ,11.41
employable,11.53
employed,10.73
employee,7.84
employer,10.15
employing,10.73
employment,9.5
employments,9.71
employs,10.73
emporium,13.78
empower,12.1
empowerment,14.32
empress,9.61
emptied,5.13
emptier,5.13
empties,5.13
emptiest,5.13
emptiness,9.44
emption,9.5
empty,4.79
emptying,5.13
empyrean,15.22
emu,9.0
emulate,12.05
emulation,13.83
emulsification,13.29
emulsifier,14.13
emulsify,13.75
emulsion,15.47
emus,8.6
enable,10.42
enablement,13.32
enabler,14.26
enact,11.5
enacted,10.96
enactment,10.82
enamel,12.9
enamelware,12.44
encamp,13.31
encampment,12.76
encapsulate,13.88
encase,10.37
encasement,12.71
encephalitic,18.0
encephalitis,16.85
encephalogram,15.82
encephalographic,18.55
encephalography,18.4
encephalon,11.04
encephalopathy,14.86
enchant,7.94
enchanted,6.95
enchanter,11.88
enchanting,9.21
enchantment,10.16
enchantress,12.3
enchilada,11.28
encircle,9.78
encirclement,12.69
enclave,14.29
enclose,8.85
enclosure,9.72
encode,13.21
encoder,13.0
encompass,11.89
encore,10.84
encores,10.7
encoring,10.7
encounter,8.63
encountered,10.28
encountering,10.28
encounters,10.28
encourage,8.5
encouraged,7.9
encouragement,7.7
encourager,9.94
encourages,7.9
encouraging,7.89
encroach,13.6
encroachment,13.06
encrust,13.94
encrustation,11.67
encrypt,13.16
encryption,14.0
encumbrance,14.93
encyclopedia,7.17
encyclopedic,9.47
end,4.28
endanger,9.37
endangerment,10.44
endear,11.94
endearing,13.89
endearment,12.16
endeavor,13.41
ended,4.62
endemic,15.5
endgame,10.11
ending,5.25
endings,6.02
endive,15.25
endless,8.89
endlessness,10.79
endocentric,16.54
endocrine,14.44
endocrinologist,16.62
endocrinology,15.88
endogenous,13.67
endometrial,16.64
endomorph,15.18
endoplasmic,14.73
endorphin,15.65
endorse,12.06
endorsed,11.9
endorsement,12.22
endorses,11.9
endorsing,11.9
endoscope,16.06
endoscopic,14.31
endoscopy,15.69
endoskeleton,11.72
endosperm,13.88
endothermic,15.69
endow,13.17
endowment,13.61
endplate,11.73
endpoint,10.68
ends,4.62
endurable,11.06
endurance,10.53
endure,10.7
endured,10.87
endures,10.87
enduring,11.21
enema,13.56
enemies,7.35
enemy,7.26
energetic,6.9
energies,6.95
energize,9.44
energizer,8.95
energumen,15.0
energy,6.52
enfant,14.9
enfilade,15.2
enflame,13.69
enfold,10.35
enforce,9.11
enforceable,11.11
enforced,9.97
enforcement,9.83
enforcer,10.5
enforces,9.97
enforcing,9.97
enfranchisement,16.73
engage,10.42
engaged,9.67
engagement,8.89
engages,9.67
engaging,9.67
engender,16.09
engine,6.28
engineer,9.89
engineered,9.9
engineering,12.06
engineers,9.9
engines,6.54
engorgement,15.0
engraft,14.83
engrave,10.89
engraver,10.11
engraving,10.58
engross,11.56
engulf,9.94
enhance,9.95
enhancement,11.24
enhancer,11.95
enhances,10.51
enhancing,10.51
enigma,14.17
enigmas,12.68
enigmatic,14.0
enigmatical,14.67
enjoin,13.15
enjoy,5.75
enjoyable,8.44
enjoyed,5.3
enjoying,5.3
enjoyment,8.85
enjoyments,6.23
enjoys,5.3
enkindle,15.88
enlarge,8.26
enlarged,8.5
enlargement,9.5
enlarger,11.17
enlarges,8.5
enlarging,8.5
enlighten,12.17
enlightening,12.47
enlightenment,11.33
enlist,11.3
enlisted,10.8
enlisting,10.8
enlistment,11.35
enlists,10.8
enliven,12.21
enmesh,13.38
enmity,15.67
ennoble,15.92
ennui,14.83
enormity,12.81
enormous,6.53
enormousness,8.95
enough,6.96
enplane,12.2
enquire,10.7
enquired,10.7
enquires,10.7
enquiries,9.54
enquiring,10.7
enquiry,9.54
enrage,9.58
enrages,10.87
enrapture,12.12
enraptured,14.82
enrich,10.89
enriched,10.58
enriches,10.58
enrichment,11.14
enroll,10.3
enrolled,8.87
enrolling,8.87
enrolls,7.94
enrolment,9.31
ensconce,14.58
ensconced,14.77
ensemble,12.25
ensembles,11.34
enshrine,12.29
enshrinement,13.97
enshroud,13.71
ensign,13.58
ensigns,12.85
enslave,9.58
enslavement,10.58
enslaver,11.22
ensnare,11.35
ensue,12.11
ensuing,12.72
ensure,11.11
ensured,10.32
ensures,10.32
ensuring,10.32
entail,11.69
entailed,11.39
entails,11.39
entangle,11.0
entanglement,10.79
entendre,14.85
entente,14.0
enter,5.67
entered,6.13
entering,6.13
enteritis,16.2
enterprise,12.89
enterpriser,13.06
enterprises,10.96
enterprising,12.67
enters,6.13
entertain,7.5
entertained,7.2
entertainer,7.85
entertaining,8.84
entertainment,7.39
entertains,7.2
enthralling,13.72
enthronement,14.21
enthusiasm,9.05
enthusiasms,10.28
enthusiast,8.78
enthusiastic,9.17
entice,12.47
enticed,11.49
enticement,11.89
entices,11.49
entire,7.22
entirety,9.9
entitle,12.37
entitlement,12.62
entity,9.5
entomb,12.89
entombment,12.11
entomological,14.12
entomologist,14.86
entomology,12.8
entourage,12.06
entrails,14.06
entrainment,12.17
entrance,6.84
entranced,7.45
entrances,7.45
entranceway,10.37
entrancing,7.45
entrant,12.41
entrap,11.11
entrapment,15.0
entreat,13.25
entreaty,13.6
entrechat,15.0
entree,11.22
entrees,9.49
entrepreneur,12.16
entrepreneurial,13.67
entries,6.66
entropy,15.42
entrust,11.89
entry,7.0
entryway,8.17
entwine,11.18
enucleated,14.7
enumerate,12.72
enumeration,14.53
enunciate,11.64
enunciation,12.24
envelop,9.28
envelope,6.25
enviable,12.53
envied,8.46
envies,8.46
envious,9.26
environment,9.85
environmental,9.83
environmentalism,13.5
environmentalist,12.89
environs,13.87
envisage,12.64
envision,11.72
envoy,13.11
envoys,11.29
envy,8.37
envying,8.46
enzymatic,14.14
enzyme,13.77
enzymes,12.64
eohippus,16.0
eon,14.06
eosin,15.0
eparch,16.75
epaulet,15.45
epaulette,13.75
epergne,18.0
ephedrine,14.82
ephemera,15.36
ephemeral,14.47
epic,10.86
epical,14.17
epicenter,12.35
epics,11.41
epicure,17.17
epicurean,16.25
epicures,12.89
epidemic,11.05
epidemics,10.58
epidemiological,15.33
epidemiologist,15.6
epidemiology,16.2
epidermal,12.12
epidermis,13.44
epidiascope,17.43
epidural,13.0
epiglottis,15.67
epigram,12.67
epilepsy,12.39
epileptic,12.35
epilogue,12.41
epinephrine,14.85
epiphany,13.74
epiphenomenalism,16.4
epiphyte,14.4
episiotomy,18.57
episode,7.83
episodic,12.87
epistemic,16.22
epistemological,17.67
epistle,12.62
epitaph,12.59
epitaphs,12.02
epithalamium,17.25
epithelial,15.0
epithelium,17.0
epithet,14.62
epitome,13.88
epitomize,16.06
epoch,13.13
epochal,15.8
epoxy,12.12
epsilon,15.67
equability,13.79
equal,6.47
equaled,6.75
equality,10.27
equalization,11.0
equalize,10.06
equalizer,11.5
equalizing,12.61
equals,6.75
equanimity,12.67
equate,10.67
equation,8.79
equator,8.59
equatorial,11.5
equerry,14.57
equestrian,12.76
equestrienne,14.67
equidistant,14.67
equilateral,12.72
equilibrator,16.09
equilibrium,12.67
equine,12.28
equinoctial,15.0
equinox,13.17
equip,10.82
equipage,15.4
equipment,7.5
equipments,8.86
equipoise,15.67
equitable,13.84
equitation,15.31
equity,15.53
equivalency,11.06
equivalent,10.26
equivocal,14.24
equivocate,14.62
equivocation,13.79
era,11.14
eradicate,14.75
eradication,13.67
eradicator,14.17
eras,10.9
erasable,8.5
erase,5.68
erased,5.25
eraser,4.95
erases,5.25
erasing,5.25
erasure,11.69
erbium,16.67
erect,12.83
erected,9.32
erectile,14.0
erecting,9.32
erection,13.11
erector,10.89
erg,15.88
ergo,15.38
ergonomic,14.29
ergot,14.23
ermine,13.6
ermines,13.18
erode,10.6
eroded,10.87
erodent,13.8
eroding,10.17
erogenous,13.29
erosion,10.32
erosive,11.76
erotic,12.63
erotica,14.44
eroticism,14.62
eroticize,15.26
err,13.06
errand,6.94
errands,8.12
errant,14.18
errantry,14.57
errata,15.0
erratic,12.7
erratum,15.77
erroneous,13.79
error,6.21
errorless,11.33
errors,8.45
ersatz,17.67
erstwhile,14.85
erudite,13.1
erudition,14.75
erupt,8.26
eruption,7.53
eruptive,11.58
erythromycin,15.25
erythrosine,15.86
escalate,10.94
escalating,11.33
escalation,12.83
escalator,7.11
escapable,9.75
escapade,11.16
escape,6.6
escaped,7.27
escapee,10.58
escaper,10.16
escapes,7.27
escaping,7.27
escapism,13.77
escapist,11.83
escapology,15.6
escargot,11.67
escarole,17.0
escarpment,14.5
eschew,16.0
escort,10.84
escorted,10.24
escorting,10.24
escorts,10.24
escritoire,18.0
escrow,15.38
escudo,17.0
escutcheon,16.62
eskimo,7.12
esophageal,15.85
esophagus,11.06
esoteric,13.67
especial,10.42
espionage,10.6
esplanade,15.0
espouse,14.86
espresso,13.26
esprit,13.45
esquire,12.93
essay,8.39
essays,8.92
essence,11.9
essences,11.49
essential,10.28
establish,10.63
establishment,10.37
establishments,10.36
estate,10.84
estates,9.56
esteem,10.55
esteemed,13.11
esteems,10.04
estimable,14.67
estimate,8.78
estimates,9.92
estimating,9.92
estimation,9.79
estimator,11.51
estrange,11.95
estranged,12.44
estrangement,14.83
estuary,14.13
eta,14.44
etch,8.06
etched,11.18
etcher,12.93
etching,10.58
eternal,8.26
eternity,8.6
ethanol,14.68
ether,13.44
ethereal,14.87
ethers,12.23
ethic,10.21
ethical,10.9
ethics,11.06
ethnic,10.89
ethnicity,10.44
ethnocentric,15.67
ethnographic,15.0
ethos,15.71
ethyl,14.8
ethylene,15.87
etiological,17.58
etiology,17.46
etiquette,9.5
etymological,16.05
etymology,17.43
eucalyptus,10.62
eugenics,15.67
eulogistic,15.73
eulogize,12.67
eulogy,12.47
eunuch,15.25
euphemism,14.38
euphemistic,14.53
euphonious,16.4
euphony,15.9
euphoria,12.11
euphoric,12.82
euro,13.89
euthanasia,14.0
euthanize,13.28
evacuate,8.9
evacuation,9.56
evacuations,10.81
evade,11.11
evaded,11.19
evader,12.28
evades,11.19
evading,11.19
evaluate,9.11
evaluated,11.88
evaluates,11.88
evaluating,11.88
evaluation,11.37
evaluator,11.18
evangelical,12.94
evangelism,12.39
evangelist,10.94
evangelists,12.34
evaporate,10.05
evaporated,9.79
evaporates,9.79
evaporating,9.79
evaporation,10.39
evaporator,11.81
evasion,12.0
evasive,12.5
evasiveness,13.12
eve,5.6
even,6.37
evened,6.32
evenhanded,11.94
evening,5.84
evenings,6.15
evens,7.76
event,7.81
eventful,9.32
eventide,17.38
events,7.41
eventual,9.58
eventuality,12.74
eventually,7.03
eventuate,12.92
ever,6.26
everblooming,13.23
evergreen,8.95
evergreens,8.39
everlasting,8.2
every,4.2
everybody,4.88
everyday,5.05
everyman,10.64
everyone,4.83
everyplace,7.61
everything,4.44
everyway,8.05
everywhere,5.61
everywoman,10.65
evict,10.74
evicted,11.49
evicting,11.49
eviction,12.61
evicts,11.49
evidence,10.58
evidenced,9.49
evidences,9.49
evident,12.55
evidential,14.0
evidentiary,14.13
evil,6.71
evildoer,8.33
evildoing,10.17
eviler,6.81
evilest,6.81
evilness,8.5
evils,6.81
eviscerate,15.0
evisceration,14.4
evitable,10.58
evocation,14.85
evocative,15.75
evoke,13.05
evoked,12.64
evokes,12.64
evoking,12.64
evolution,10.0
evolutional,12.89
evolutionary,10.5
evolutionist,13.33
evolve,10.63
evolved,10.84
evolvement,13.32
evolves,10.84
evolving,10.84
ewe,9.31
ewes,7.56
ex,8.74
exacerbate,13.93
exacerbation,16.65
exact,8.16
exacta,11.33
exacted,7.9
exacting,11.86
exaction,15.25
exactitude,14.72
exactly,7.49
exactness,11.0
exacts,7.9
exaggerate,9.53
exaggeration,9.84
exaggerator,9.7
exalt,12.62
exaltation,12.86
exam,8.21
examination,8.0
examinations,9.07
examine,8.85
examiner,11.95
example,7.39
exams,8.11
exasperate,10.17
exasperated,12.83
exasperating,11.81
exasperation,11.78
excavate,10.8
excavation,10.89
excavator,13.0
exceed,9.95
exceeded,9.4
exceeding,9.4
exceeds,9.4
excel,11.56
excelled,11.19
excellence,8.24
excellent,7.37
excelling,11.19
excels,11.19
excelsior,13.44
except,6.48
excepted,8.04
exception,9.39
exceptional,9.5
exceptions,9.34
excepts,8.04
excerpt,11.0
excess,9.58
excesses,10.0
excessive,10.0
exchange,8.35
exchanged,8.79
exchanger,9.95
exchanges,8.79
exchanging,8.79
exchequer,16.75
excise,13.25
excision,13.33
excitability,11.5
excitable,9.79
excitation,11.12
excitatory,14.08
excite,6.61
excited,6.21
excitement,7.2
excitements,7.98
exciter,12.67
excites,6.61
exciting,6.26
exclaim,8.94
exclaimed,9.34
exclaiming,9.34
exclaims,9.34
exclamation,7.94
exclamatory,12.21
exclude,9.35
excluded,9.13
excludes,9.13
exclusion,10.39
exclusionary,13.95
exclusive,10.16
exclusiveness,12.63
exclusivity,13.75
excommunicate,11.5
excommunication,14.0
excoriation,15.57
excrement,12.11
excremental,14.53
excreta,12.8
excrete,13.11
excretion,11.22
excruciate,11.78
excruciating,12.62
exculpate,16.0
exculpatory,15.43
excursion,10.11
excursus,14.5
excusable,9.37
excuse,6.33
excused,7.15
excuser,9.47
excuses,7.15
excusing,7.15
exec,11.86
execrable,14.27
execrate,15.07
execration,14.57
executable,13.06
execute,10.22
execution,9.05
executioner,9.79
executive,11.65
executives,10.75
executor,12.61
executrix,14.5
exemplar,14.54
exemplary,13.06
exemplify,11.72
exempt,13.11
exempted,10.9
exemption,13.83
exempts,10.9
exercise,6.17
exercised,6.46
exerciser,9.81
exercises,6.46
exercising,6.46
exert,11.35
exerted,11.19
exerting,11.19
exertion,11.58
exerts,11.19
exfoliate,14.4
exfoliating,11.21
exfoliation,13.2
exhalation,12.22
exhale,8.42
exhaled,7.72
exhales,7.72
exhaling,7.72
exhaust,9.19
exhaustion,7.61
exhaustive,11.44
exhausts,8.52
exhibit,9.11
exhibition,11.25
exhibitionism,14.75
exhibitionist,15.0
exhibitor,14.21
exhilarate,11.79
exhilarated,11.78
exhilarating,13.16
exhilaration,12.5
exhortation,14.29
exhumation,13.76
exhume,13.06
exigent,14.62
exiguous,16.4
exile,11.0
exiles,11.29
exist,8.89
existed,8.39
existence,11.61
existent,11.22
existential,14.94
existentialism,16.41
existentialist,14.94
existing,8.65
exists,8.39
exit,6.68
exited,6.73
exiting,6.73
exits,6.73
exobiological,17.89
exobiology,15.25
exocrine,14.79
exodus,10.38
exonerate,14.28
exoneration,12.36
exorbitant,15.59
exorcism,12.06
exorcist,12.11
exorcize,11.47
exordium,17.5
exoskeleton,13.22
exothermal,14.06
exothermic,13.64
exotic,10.42
exotica,14.39
expand,8.42
expandable,11.44
expanded,8.41
expander,10.74
expanding,8.41
expands,8.41
expanse,11.94
expansion,11.14
expansionism,16.33
expansionist,15.12
expansionistic,16.92
expansive,12.1
expansiveness,11.11
expatriate,14.53
expect,8.7
expectable,11.21
expectancy,11.18
expectant,9.28
expectation,10.32
expected,7.01
expecting,7.01
expectorant,15.44
expectoration,15.22
expects,7.01
expedience,13.53
expediency,13.47
expedient,13.21
expedite,14.0
expediter,14.33
expedition,10.17
expeditionary,14.17
expeditions,9.24
expeditious,12.56
expel,9.59
expelled,10.47
expelling,10.47
expels,10.47
expend,13.06
expendable,12.5
expender,14.0
expenditure,12.84
expense,10.72
expenses,9.3
expensive,6.33
experience,8.95
experienced,9.19
experiences,9.19
experiencing,9.19
experiment,8.58
experimental,10.21
experimentation,11.11
experimenter,10.59
expert,9.63
expertise,10.61
experts,9.28
expiate,14.8
expiation,13.6
expiatory,13.5
expiration,9.21
expiratory,13.33
expire,7.68
expired,8.28
expires,8.28
expiring,8.28
expiry,13.18
explain,6.5
explainable,12.06
explained,6.53
explainer,8.32
explaining,6.53
explains,6.53
explanation,7.74
explanations,8.81
explanatory,10.5
expletive,12.85
explicable,12.25
explication,13.38
explicit,11.67
explode,7.0
exploded,7.16
exploder,10.53
explodes,7.16
exploding,7.16
exploit,12.26
exploitable,12.53
exploitation,14.75
exploitative,15.11
exploited,12.11
exploiter,13.11
exploiting,12.11
exploitive,14.74
exploits,12.11
exploration,8.26
explorations,8.41
exploratory,12.89
explore,7.06
explored,7.43
explorer,7.11
explores,7.43
exploring,7.43
explosion,7.16
explosive,9.19
explosiveness,10.0
expo,10.89
exponent,12.89
exponential,13.79
export,11.0
exportation,11.58
exported,9.7
exporter,12.05
exporting,9.7
exports,9.7
exposable,13.0
expose,10.68
exposed,9.22
exposes,9.22
exposing,9.22
exposition,14.05
expositional,14.77
expositor,13.75
exposure,10.44
expound,12.88
express,8.8
expressed,9.24
expresses,9.24
expressible,10.0
expressing,9.24
expression,6.94
expressional,13.47
expressionism,14.39
expressionist,13.18
expressionistic,14.83
expressionless,11.47
expressive,8.78
expressiveness,10.05
expressway,10.74
expropriation,17.69
expulse,13.64
expulsion,11.17
expulsive,12.25
expunge,14.83
exquisite,12.35
extant,13.0
extemporaneous,15.18
extemporary,14.62
extempore,15.83
extend,9.89
extendable,12.11
extender,10.24
extending,8.86
extends,8.86
extensible,15.19
extension,8.65
extensive,11.83
extensor,13.5
extent,10.72
extenuate,13.81
exterior,10.53
exteriorize,15.6
exteriors,9.6
exterminate,9.25
extermination,10.11
exterminator,8.17
extern,15.91
external,9.56
externalization,14.06
extinct,7.67
extinction,8.89
extinguish,8.95
extinguisher,7.35
extol,12.88
extols,11.98
extort,12.56
extorted,11.8
extorting,11.8
extortion,13.17
extortionate,15.11
extortionist,14.67
extra,6.11
extract,11.05
extracted,9.76
extracting,9.76
extraction,11.61
extractor,13.35
extracts,9.76
extracurricular,10.33
extradite,15.41
extradition,13.76
extrajudicial,15.0
extralegal,13.75
extramarital,13.95
extraneous,13.69
extraordinaire,10.45
extraordinary,9.32
extrapolate,15.67
extrapolation,14.57
extras,8.12
extrasensory,12.79
extraterrestrial,9.11
extravagance,10.74
extravagant,9.68
extravaganza,10.74
extravehicular,15.11
extreme,9.47
extremes,9.07
extremism,14.24
extremist,11.78
extremity,11.26
extricate,14.94
extrication,13.73
extrovert,12.05
extroverted,13.35
extrusion,12.93
exuberance,13.39
exuberant,10.94
exudate,17.88
exudation,15.33
exude,13.3
exultant,14.59
exultation,13.43
exurban,14.82
eye,3.75
eyeball,3.83
eyeballed,5.35
eyeballing,5.35
eyeballs,5.35
eyebath,12.43
eyebrow,5.5
eyedrop,7.39
eyedropper,6.61
eyeful,8.61
eyeglass,6.33
eyeglasses,4.9
eyeing,4.14
eyelash,5.8
eyeless,8.42
eyelid,6.33
eyeliner,10.63
eyepiece,9.0
eyes,3.44
eyeshot,11.88
eyesight,7.59
eyesore,8.0
eyestrain,12.11
eyetooth,10.2
eyewash,11.0
eyewear,8.79
eyewitness,9.28
fable,8.56
fabled,10.0
fabric,6.68
fabricate,11.72
fabrication,12.89
fabrics,7.19
fabulous,7.83
fabulousness,11.24
facade,13.0
facades,12.96
face,3.75
faced,3.8
facedown,7.32
faceless,10.26
facelift,12.11
faceplate,12.44
facer,12.85
faces,3.8
facet,10.28
facetiae,16.0
facetious,14.81
facets,11.51
facial,10.28
facials,9.62
facie,16.29
facile,14.07
facilitate,12.84
facilitation,14.41
facilitator,13.05
facility,9.26
facing,3.8
facsimile,14.14
fact,6.47
faction,11.67
factions,11.8
factitious,14.5
factoid,12.24
factor,9.72
factored,9.37
factories,6.95
factoring,9.37
factors,9.37
factory,6.89
factotum,15.67
facts,7.55
factual,10.25
faculty,10.16
fad,10.25
fade,6.95
faded,7.72
fader,11.1
fades,7.72
fading,7.72
fads,9.89
fag,9.72
fagged,10.9
faggot,11.42
fags,10.9
fail,6.0
failed,6.92
failing,8.13
failings,9.61
faille,16.0
fails,6.92
failsafe,11.44
failure,8.0
failures,8.71
faint,7.53
fainted,7.49
fainter,7.49
faintest,7.49
fainthearted,11.28
fainting,7.49
faintness,9.94
faints,7.49
fair,5.67
faire,10.62
fairer,5.64
fairest,5.64
fairground,7.22
fairies,4.99
fairlead,11.7
fairness,5.61
fairs,5.64
fairway,10.72
fairy,5.17
fairyland,8.22
fairytale,4.95
fait,16.0
faith,7.62
faithful,8.42
faithfulness,10.83
faithless,9.83
faithlessness,12.14
faiths,8.33
fake,5.83
faked,7.43
faker,7.28
fakers,8.24
fakery,11.12
fakes,7.43
faking,7.43
fakir,11.0
falafel,14.11
falchion,15.4
falcon,7.42
falconer,15.31
falconry,11.54
falcons,7.8
fall,4.71
fallacious,13.4
fallacy,13.83
fallback,11.06
fallen,4.22
faller,11.8
fallibility,14.6
fallible,12.12
falling,4.22
fallopian,13.83
fallout,10.67
fallow,12.81
falls,4.22
false,6.72
falsehood,11.94
falsehoods,10.45
falsetto,11.88
falsification,11.63
falsify,12.47
falsity,12.07
falter,13.33
faltered,11.98
falters,11.98
fame,7.26
famed,9.89
fames,7.98
familial,12.11
familiar,7.21
familiarity,12.1
familiarization,11.72
familiarize,10.63
familiars,8.25
families,5.71
family,3.38
famine,10.0
famines,10.22
famish,9.39
famished,9.67
famous,6.84
fan,5.63
fanatic,11.71
fanatical,12.89
fanaticism,15.0
fancied,7.2
fancier,7.2
fancies,7.2
fanciest,7.2
fanciful,12.41
fanciness,8.06
fancy,7.17
fancying,7.2
fandango,15.07
fandom,12.46
fane,11.67
fanfare,11.84
fanfares,11.7
fang,8.47
fangled,10.77
fangs,6.65
fanjet,13.3
fanned,4.86
fans,4.86
fantail,14.7
fantasize,9.58
fantastic,7.21
fantastical,10.94
fantasy,8.4
fanzine,15.75
far,4.88
farandole,14.0
faraway,7.44
farce,12.12
farces,12.47
farceur,16.0
farcical,15.19
fare,8.21
fared,9.13
fares,9.13
farewell,8.43
farewells,8.09
farfetched,12.95
faring,9.13
farm,3.85
farmer,4.74
farmers,5.13
farmhand,7.89
farmhouse,5.89
farming,5.37
farmland,7.9
farms,4.87
farmstead,11.47
farmyard,6.0
farmyards,5.35
faro,15.17
farouche,17.0
farrier,11.78
farrow,14.0
farseeing,11.0
farsighted,10.33
fart,5.78
farther,5.46
farthest,5.46
farthing,12.67
farthingale,14.83
fascia,15.78
fasciculus,16.71
fascinate,10.21
fascinating,11.22
fascination,8.63
fascism,14.33
fascist,14.68
fascistic,15.57
fascists,12.24
fashion,8.2
fashionable,9.67
fashions,9.24
fast,3.74
fastback,10.0
fastball,7.06
fasted,4.9
fasten,7.26
fastener,8.72
faster,4.9
fastest,4.9
fastidious,13.21
fastidiousness,14.94
fasting,4.9
fasts,4.9
fat,5.15
fatal,9.05
fatale,13.5
fatalism,13.89
fatalist,14.39
fatalistic,13.65
fatality,10.26
fatback,11.4
fate,10.3
fated,10.18
fateful,11.12
fates,9.32
fathead,8.67
fatheaded,8.82
father,4.11
fathered,3.89
fatherhood,8.5
fathering,3.89
fatherland,11.4
fatherless,7.65
fatherly,9.44
fathers,3.89
fathom,11.44
fathometer,15.88
fathoms,12.11
fatigability,12.93
fatigue,11.83
fatigues,11.79
fatling,10.3
fatness,8.61
fats,4.88
fatso,6.72
fatted,11.75
fatten,7.94
fattened,6.95
fattening,6.95
fattens,6.95
fatter,4.88
fattest,4.88
fattish,8.33
fatty,6.37
fatuity,14.58
fatuous,14.2
faucet,6.29
faucets,12.56
fault,6.94
faultless,10.42
faults,7.05
faulty,9.63
faun,13.72
fauna,12.2
fauvism,16.2
faux,13.25
favor,6.94
favorable,11.9
favored,6.89
favoring,6.89
favorite,5.72
favoritism,8.58
favors,6.89
fawn,8.4
fawned,7.86
fawning,7.86
fawns,7.86
fax,9.68
fayed,11.4
faze,10.81
fazed,10.05
fazes,10.05
fealty,14.43
fear,4.79
feared,5.61
fearful,7.5
fearfulness,9.79
fearing,5.61
fearless,9.37
fearlessness,9.0
fears,5.61
fearsome,7.78
feasibility,13.0
feasible,13.12
feast,7.81
feasted,7.05
feasting,7.05
feasts,7.05
feat,11.26
feather,4.67
featherbed,9.35
featherbrain,12.23
featherbrained,10.29
feathered,8.11
featherhead,11.79
featherheaded,10.53
feathering,5.08
featherless,10.33
feathers,5.08
featherweight,10.67
feathery,8.42
feats,10.45
feature,7.0
featured,8.53
featureless,11.33
features,8.53
featuring,8.53
febrile,17.0
fecal,11.67
feces,9.89
feckless,13.4
feculent,14.73
fecund,16.0
fecundation,17.14
fecundity,14.89
fed,5.68
federal,13.5
federalize,13.29
federation,12.17
fedora,12.69
feds,5.21
fee,8.56
feeble,9.39
feebleminded,11.65
feeblest,11.09
feed,4.17
feedback,10.7
feedbag,9.06
feeder,7.29
feeding,4.45
feedlot,12.25
feeds,4.45
feel,5.11
feeler,9.26
feeling,5.31
feelings,6.23
feels,4.7
fees,8.81
feet,3.62
feign,13.93
feigning,13.09
feigns,13.09
feint,12.73
feisty,9.17
feldspar,14.82
felicitate,15.69
felicitous,14.0
feline,8.43
felines,10.22
fell,3.28
fellah,10.0
fellate,14.75
fellatio,14.93
felled,4.51
feller,8.5
fellow,8.89
fellowman,11.54
fellows,7.56
fellowship,10.37
fells,4.51
felon,10.71
felonious,14.06
felons,10.6
felony,12.45
felt,6.1
felts,6.33
female,5.89
femaleness,10.06
females,6.2
feminine,8.26
femininity,12.44
feminism,13.06
feminist,12.06
feministic,14.28
feminization,14.06
femme,13.71
femmes,12.64
femoral,13.31
femur,11.11
femurs,11.9
fen,16.64
fence,6.28
fenced,8.69
fencer,11.84
fences,8.69
fencing,10.94
fend,10.18
fended,9.68
fender,8.5
fenders,10.8
fending,9.68
fends,9.68
fennel,13.68
fenny,12.6
feral,12.93
ferment,13.2
fermentation,12.59
fermium,14.71
fern,8.67
ferns,7.98
ferocious,9.74
ferociousness,10.4
ferocity,12.24
ferret,8.47
ferrets,8.98
ferried,7.56
ferries,7.56
ferrite,17.7
ferrous,13.71
ferry,8.0
ferryboat,8.63
ferryman,10.62
fertile,9.32
fertility,14.45
fertilization,9.47
fertilize,9.53
fertilizer,7.67
fervency,15.08
fervent,13.24
fervor,11.75
fescue,16.1
fess,10.57
fest,9.88
festal,14.44
fester,11.01
festers,11.29
festival,8.39
festive,8.42
festiveness,12.25
festivity,9.84
festoon,14.6
feta,15.94
fetal,11.95
fetch,6.61
fetched,5.3
fetches,5.3
fete,14.46
fetid,13.6
fetish,13.44
fetishes,11.49
fetishism,14.94
fetishist,15.25
fetishistic,16.8
fetlock,12.75
fetor,15.0
fetter,13.91
fetters,11.36
fettle,16.67
fettler,13.62
fettuccine,12.94
fetus,12.72
fetuses,10.6
feud,10.33
feudal,11.93
feudalism,12.8
feudalistic,13.69
feuds,9.96
feuilleton,18.0
fever,5.84
fevered,9.12
feverish,8.94
feverous,10.06
fevers,7.18
few,6.0
fewer,5.43
fewest,5.43
fiacre,16.6
fiance,10.32
fiancee,8.47
fiasco,11.68
fib,6.5
fibbed,6.71
fibber,7.0
fibbing,6.71
fiber,10.82
fiberglass,10.84
fibers,9.85
fibril,15.08
fibrillation,14.58
fibrinogen,15.58
fibroblast,16.89
fibroid,16.65
fibrosis,14.94
fibrotic,14.77
fibrous,12.47
fibs,6.71
fibster,11.12
fibula,13.24
fibular,14.09
fiche,14.17
fichus,14.75
fickle,11.0
fico,15.5
fiction,7.22
fictional,8.0
fictionalize,11.76
fictions,6.83
fictitious,9.06
fiddle,8.28
fiddled,7.35
fiddler,8.56
fiddles,7.35
fiddlestick,9.81
fiddling,7.35
fiddly,11.15
fidelity,12.82
fidget,8.52
fidgety,7.89
fiduciary,15.71
fief,12.67
field,6.1
fielded,5.68
fielder,9.44
fielders,9.07
fields,5.68
fieldstrip,9.91
fieldwork,10.8
fiend,10.39
fiendish,12.05
fiends,10.9
fierce,9.04
fierceness,11.11
fiercer,6.71
fiercest,6.71
fiery,10.28
fiesta,10.84
fife,11.28
fifes,13.2
fifteen,6.1
fifteens,5.88
fifth,5.36
fifths,5.5
fifties,6.18
fifty,5.55
fig,8.06
fight,5.47
fightable,9.89
fighter,6.89
fighting,5.3
fights,5.3
figment,9.63
figments,12.11
figs,8.54
figural,11.85
figurate,12.78
figurative,13.06
figure,7.53
figured,7.26
figurehead,12.11
figureless,10.75
figurer,12.75
figures,7.26
figurine,9.0
figuring,7.26
filament,11.29
filbert,13.73
filcher,16.56
file,8.21
filed,9.27
filer,10.6
files,9.27
filet,9.89
filial,15.29
filibuster,14.87
filigree,13.06
fill,5.06
filled,5.39
filler,8.83
fillet,10.95
filling,6.82
fillings,6.98
fills,5.39
filly,10.0
film,6.95
filmed,5.5
filmgoer,10.89
filmic,14.5
filming,5.5
filmmaker,11.0
films,5.5
filmstrip,10.0
filmy,11.41
filter,8.05
filtered,8.64
filtering,8.64
filters,8.64
filth,7.45
filthiness,7.05
filthy,7.17
filtration,11.42
fin,7.3
finagle,12.21
final,6.58
finale,7.74
finalist,8.56
finality,12.5
finalize,10.3
finals,7.68
finance,12.52
financed,10.28
finances,10.28
financial,11.16
financier,14.0
financiers,12.04
finch,8.91
finches,10.82
find,5.78
finder,6.06
finding,4.9
finds,4.9
fine,7.44
fined,5.91
fineness,10.0
finer,5.91
finery,11.47
fines,5.91
finesse,12.39
finest,5.91
finger,3.43
fingerboard,11.65
fingered,3.79
fingering,3.79
fingernail,4.0
fingerprint,7.56
fingers,3.79
fingertip,6.0
finicky,9.47
fining,5.91
finis,13.89
finish,6.32
finished,6.09
finisher,10.42
finishes,6.09
finishing,6.09
finite,12.84
fink,7.27
fins,7.35
fir,8.75
fire,3.25
firearm,9.94
fireball,8.58
firebomb,10.32
firebox,9.47
firebrand,12.29
firebreak,13.75
firebug,7.94
firecracker,5.56
fired,3.94
firefight,10.21
firefighter,5.16
firefly,6.39
firehose,5.76
firehouse,5.95
firehydrant,5.36
firelight,9.17
fireman,5.05
firemen,5.46
fireplace,7.37
fireplug,8.73
firepower,9.21
fireproof,8.72
fires,3.94
fireside,9.39
firestorm,12.75
firetrap,10.63
firetruck,3.69
firewall,13.56
firewater,11.0
fireweed,12.33
firewood,6.61
firework,4.95
fireworks,4.95
firing,3.94
firm,11.17
firma,14.5
firmament,13.06
firmamental,15.27
firmed,8.39
firmer,8.39
firmest,8.39
firming,8.39
firmness,9.12
firms,8.39
firmware,12.86
firs,9.96
first,4.39
firstborn,8.83
firstling,10.73
firsts,4.57
firth,12.33
fiscal,14.89
fish,4.05
fishbone,7.64
fishbowl,5.47
fished,5.16
fisherman,5.16
fishermen,5.88
fisherwoman,7.06
fishery,9.95
fishes,5.16
fisheye,8.78
fishhook,6.84
fishing,4.72
fishinghook,7.69
fishingpole,6.18
fishingrod,7.64
fishless,8.71
fishmeal,11.59
fishmonger,13.65
fishnet,10.55
fishpond,6.94
fishtail,9.67
fishtank,5.94
fishwife,12.67
fishy,6.72
fissile,12.9
fission,14.72
fissionable,16.4
fissure,14.47
fissures,12.34
fist,4.58
fistfight,8.11
fistful,6.29
fistic,8.25
fisticuffs,14.5
fisting,5.88
fists,5.88
fistula,16.0
fit,5.74
fitful,12.38
fitness,8.74
fits,6.66
fitted,6.66
fitter,8.86
fitters,8.6
fittest,6.66
five,4.51
fiver,11.86
fives,4.19
fix,5.0
fixable,8.32
fixate,12.47
fixation,11.33
fixed,5.26
fixedness,12.38
fixer,8.0
fixes,5.26
fixing,5.26
fixture,8.53
fixtures,8.96
fizz,7.06
fizzed,7.22
fizzes,7.22
fizzing,7.22
fizzle,8.56
fizzy,6.5
fjord,12.41
flab,11.33
flabbergasted,12.61
flabby,8.9
flaccid,14.94
flag,5.33
flagellant,15.0
flagellate,13.64
flagellation,15.87
flageolet,14.88
flagged,5.3
flagging,5.3
flagman,9.5
flagon,13.31
flagpole,6.44
flagrant,11.59
flags,5.3
flagship,13.12
flagstaff,11.33
flagstone,11.56
flail,12.19
flailed,10.32
flailing,10.32
flails,10.32
flair,8.91
flak,13.56
flake,5.95
flaked,7.84
flakes,7.84
flakiness,11.11
flaking,7.84
flaky,9.63
flam,11.78
flambeau,14.0
flamboyance,13.68
flamboyant,12.47
flame,6.25
flamed,4.81
flamenco,14.06
flameout,11.39
flamer,13.8
flames,4.81
flamethrower,8.89
flaming,7.32
flamingo,6.32
flammable,10.06
flan,12.65
flange,15.47
flank,12.15
flanked,11.49
flanker,12.5
flanks,11.49
flannel,9.44
flannels,8.12
flap,7.21
flapdoodle,16.67
flapjack,8.5
flapped,6.07
flapper,10.47
flapping,6.07
flaps,6.07
flare,9.84
flared,9.24
flares,11.45
flaring,9.24
flash,7.42
flashback,10.61
flashbulb,7.78
flashed,6.35
flasher,9.11
flashes,6.35
flashgun,14.42
flashiness,10.32
flashing,6.35
flashlight,5.61
flashover,13.6
flashpoint,14.47
flashy,7.74
flask,10.78
flasks,11.34
flat,5.68
flatbed,9.3
flatcar,11.69
flatfish,12.64
flatfoot,11.11
flathead,9.53
flatiron,11.67
flatland,9.47
flatlander,12.53
flatness,6.95
flats,5.68
flatten,7.05
flattened,6.43
flattening,6.43
flattens,6.43
flatter,9.53
flattered,12.44
flatterer,12.44
flattering,10.14
flattery,9.61
flattest,5.68
flattop,9.29
flatulence,13.5
flatulent,11.22
flatus,14.0
flatware,12.5
flatwork,13.85
flatworm,9.28
flaunt,10.59
flaunted,10.17
flaunting,10.17
flaunts,10.17
flautist,12.55
flavor,6.3
flavorful,9.83
flavorings,7.4
flavorless,9.32
flavors,6.0
flaw,9.78
flawed,9.74
flawless,9.33
flaws,8.75
flax,12.45
flaxseed,15.78
flay,12.29
flea,7.79
fleabag,8.06
fleas,6.6
fleck,11.41
flecks,10.72
fled,9.36
fledge,13.77
fledgling,14.11
flee,8.33
fleece,10.2
fleeced,7.35
fleeces,7.35
fleecing,7.35
fleecy,10.75
fleeing,9.36
fleer,12.5
flees,9.36
fleet,10.74
fleetness,14.5
fleets,9.09
flesh,8.3
fleshed,8.18
fleshless,10.84
fleshpot,14.31
fleshy,12.83
fletch,12.0
flew,4.09
flex,8.68
flexed,10.04
flexes,10.04
flexibility,9.65
flexible,7.58
flexing,10.04
flexor,14.21
flexure,16.5
flibbertigibbet,13.25
flick,7.55
flicked,6.5
flicker,10.2
flickered,8.6
flickers,8.6
flicking,6.5
flicks,6.5
flied,4.09
flier,8.94
fliers,9.49
flies,4.09
flight,7.47
flightless,8.94
flights,6.79
flighty,11.94
flimflam,14.15
flimsier,9.49
flimsies,9.49
flimsiest,9.49
flimsy,9.21
flinch,7.89
flinched,9.02
flincher,11.56
flinches,9.02
flinching,9.02
fling,8.95
flinging,9.03
flings,9.03
flint,9.62
flintlock,13.17
flints,9.62
flinty,9.15
flip,5.11
flippancy,12.55
flippant,13.88
flipped,5.66
flipper,8.58
flipping,7.58
flips,5.66
flirt,8.68
flirtation,10.53
flirtatious,13.67
flirted,9.02
flirter,10.95
flirting,9.02
flirts,9.02
flirty,10.05
flit,10.6
flitter,10.12
flivver,15.75
float,5.39
floatability,10.39
floated,5.91
floater,9.47
floaters,9.3
floating,5.91
floats,5.91
flocculation,11.33
flock,7.18
flocked,5.98
flocking,5.98
flocks,5.98
floe,14.17
flog,10.32
flogged,11.78
flood,6.58
flooded,6.5
floodgate,11.17
floodlight,8.68
floodplain,12.8
floods,6.5
floodwater,8.5
floor,4.44
floorboard,9.35
floored,4.14
flooring,7.84
floors,4.14
floorshow,10.47
floorwalker,12.5
floozies,12.11
floozy,12.18
flop,6.68
flophouse,13.79
flopped,7.36
flopper,12.4
flopping,7.36
floppy,6.68
flops,7.36
flora,11.94
floral,8.84
florescence,10.56
florescent,11.0
floribunda,15.0
florid,12.93
florin,13.71
florist,8.45
florists,8.73
floss,7.06
flossed,6.26
flosses,6.26
flossing,6.26
flotation,8.26
flotilla,14.14
flotsam,12.55
flounce,10.07
flounces,11.09
flouncy,12.75
flounder,8.8
floundered,11.53
floundering,11.53
flounders,11.53
flour,6.89
flourish,10.94
flourished,10.41
flourishes,10.41
flourless,10.79
flours,5.62
floury,8.76
flout,14.5
flow,7.4
flowed,7.0
flower,3.11
flowerbed,7.05
flowering,9.16
flowerless,9.53
flowerpot,6.55
flowers,3.86
flowery,8.06
flowing,7.0
flown,4.09
flows,7.0
flowstone,13.54
flu,6.47
flub,11.67
flubs,11.34
fluctuant,13.14
fluctuate,12.22
fluctuating,11.81
fluctuation,11.53
flue,10.93
fluent,10.42
fluff,4.85
fluffing,7.43
fluffs,7.43
fluffy,5.95
fluid,7.94
fluidity,13.61
fluids,8.52
fluke,10.1
flukes,10.12
flume,12.4
flummox,13.62
flummoxed,13.36
flung,9.03
flunk,8.16
flunked,9.38
flunking,9.38
flunks,9.38
flunky,9.67
fluoresce,10.08
fluorescent,11.94
fluoridation,12.31
fluoride,9.67
fluorine,13.47
fluorite,13.83
fluorocarbon,13.82
fluoroscope,15.09
fluorspar,13.17
flurry,9.44
flush,5.17
flushed,6.41
flusher,10.73
flushes,6.41
flushing,6.41
fluster,12.21
flute,8.47
flutes,7.08
flutist,11.61
flutter,8.35
fluttered,9.17
fluttering,9.17
flutters,9.17
fluttery,10.24
flux,14.5
fly,3.05
flyable,10.0
flyaway,8.94
flyblown,14.6
flyboy,10.76
flyby,10.95
flycatcher,7.95
flyer,7.44
flyers,8.09
flying,4.09
flyleaf,11.87
flyover,10.11
flypaper,9.48
flyspeck,11.79
flyswatter,5.79
flytrap,6.18
flyweight,11.86
foal,8.44
foals,6.02
foam,6.15
foams,6.24
foamy,7.37
fob,12.38
focal,10.0
foci,10.53
focus,8.32
focused,10.53
focuses,10.53
focusing,10.53
fodder,14.0
foe,9.95
foes,8.98
fog,6.21
fogbound,12.91
fogey,10.75
fogged,5.99
fogginess,9.68
fogging,5.99
foggy,7.11
foghorn,8.94
fogs,5.99
foible,15.4
foil,7.57
foist,13.08
fold,4.95
folded,6.41
folder,8.21
folderol,15.43
folders,6.88
foldout,9.55
folds,6.41
foliage,10.63
folic,14.25
folio,12.93
folk,8.19
folklore,9.56
folkloric,12.25
folks,8.41
folksong,7.33
folksy,11.11
folktale,8.63
folkway,14.75
follicle,12.38
follicular,12.8
follies,11.09
follow,5.11
followed,5.41
follower,7.79
following,6.21
followings,6.41
follows,5.41
folly,10.67
foment,14.67
fond,9.21
fondant,14.17
fonder,9.28
fondest,9.28
fondle,13.0
fondness,10.5
fondue,10.78
font,11.5
fonts,10.75
food,3.25
foodie,13.47
foodless,7.56
foods,3.05
foodstuff,11.17
fool,7.56
fooled,6.94
foolery,11.68
foolhardy,11.58
fooling,6.94
foolish,8.94
foolishness,8.95
foolproof,9.71
fools,6.94
foolscap,12.67
foot,3.44
footage,9.41
football,4.84
footballer,8.71
footballers,5.62
footballs,4.82
footbath,8.53
footboard,8.82
footbridge,11.2
footed,3.62
footer,11.67
footfall,12.4
footgear,9.12
foothold,11.16
footing,9.05
footlights,11.2
footling,12.9
footlocker,10.95
footloose,11.55
footman,11.59
footmark,10.47
footmen,8.41
footnote,11.6
footpad,11.06
footpath,7.72
footplate,11.33
footprint,5.78
footrace,9.11
footrest,6.55
footrope,11.83
foots,3.62
footsie,7.32
footslogger,15.62
footstep,5.38
footsteps,6.46
footstone,11.1
footstool,6.0
footsy,9.16
footwear,7.74
footwork,10.63
footy,7.92
fop,11.71
foppery,12.0
foppish,14.58
foppishness,16.44
for,4.39
forage,11.47
foramen,12.6
foraminifera,16.0
forasmuch,13.71
foray,13.85
forbad,7.22
forbade,7.22
forbear,11.94
forbearance,15.22
forbid,8.47
forbidding,9.63
forbids,7.22
force,6.0
forced,7.57
forceful,7.89
forceps,13.74
forces,7.56
forcible,11.0
forcing,7.57
ford,8.1
fordo,17.83
fore,12.17
forearm,8.65
forearms,8.66
forebear,14.07
foreboding,12.29
forebrain,12.77
forecast,9.05
forecasting,9.45
forecastle,11.7
forecasts,9.45
foreclose,13.5
foreclosure,15.47
forecourt,14.17
foredeck,11.57
forefather,9.37
forefinger,7.26
forefront,11.76
forego,11.62
foregoing,12.26
foregone,11.82
foreground,10.85
forehand,10.89
forehead,5.58
foreheads,5.2
foreign,8.74
foreigner,10.39
foreigners,8.86
foreignness,11.41
foreknowledge,13.24
forelady,14.0
foreleg,10.33
forelimb,13.31
forelock,12.9
foreman,11.45
foremast,11.67
foremost,11.78
forensic,13.3
forensics,14.11
foreordain,16.27
forepaw,9.0
foreplay,14.4
forerunner,12.41
foresail,15.2
foresaw,10.63
foresee,10.95
foreseeable,12.24
foreseen,10.63
foreshadow,13.11
foresheet,14.33
foreshock,13.57
foresight,10.78
foresightedness,13.82
foreskin,13.42
forest,6.28
forestall,11.8
forestation,14.77
forestay,11.64
forested,8.56
forester,10.44
forestry,9.94
forests,6.03
foretaste,12.92
foretell,10.06
foreteller,11.35
foretells,10.46
forethought,11.11
foretold,10.46
foretop,15.86
forevermore,9.33
forewarn,11.16
forewarning,10.84
forewoman,13.27
foreword,10.6
foreyard,12.78
forfeit,10.4
forfeited,10.49
forfeiting,10.49
forfeits,10.49
forfeiture,13.18
forfend,15.0
forgave,6.77
forge,9.8
forged,10.58
forger,11.0
forgery,10.74
forges,10.58
forget,4.78
forgetful,7.84
forgetfulness,7.47
forgets,5.97
forgettable,7.0
forgetting,5.97
forging,10.58
forgivable,8.76
forgive,5.44
forgiven,6.77
forgiveness,6.68
forgiver,8.21
forgives,6.77
forgiving,7.28
forgo,12.85
forgot,5.97
forgotten,5.97
forint,16.0
fork,3.63
forkful,6.84
forking,4.67
forklift,9.11
forks,4.67
forlorn,11.29
form,7.58
formable,10.12
formal,10.5
formaldehyde,11.39
formalin,17.14
formalism,14.38
formality,12.59
formalize,11.47
formals,9.05
format,11.47
formation,9.67
formative,12.11
formats,10.13
formed,7.66
former,8.45
formfitting,11.39
formic,15.71
formidable,11.29
forming,7.66
formless,11.37
forms,7.66
formula,10.47
formulaic,13.5
formulary,13.5
formulate,10.75
formulated,11.78
formulates,11.78
formulating,11.78
formulation,12.0
fornicate,13.44
fornication,12.35
fornicator,14.94
forsake,10.86
forsaken,11.7
forsakes,11.7
forsaking,11.7
forsook,11.7
forsooth,12.0
forswear,13.8
forsworn,11.53
fort,6.48
forte,12.72
forth,7.17
forthcoming,12.72
forthright,12.35
forthrightness,10.75
forties,6.47
fortification,12.67
fortifications,11.02
fortify,10.83
fortitude,12.0
fortnight,10.53
fortress,10.05
fortresses,9.85
forts,6.62
fortuitous,14.19
fortunate,10.17
fortune,9.05
fortunes,7.5
fortuneteller,8.0
fortunetelling,10.11
forty,6.53
fortyish,10.05
forum,12.52
forums,12.64
forward,4.24
forwarded,5.74
forwarder,12.0
forwarding,11.78
forwards,6.08
fossil,7.5
fossilization,10.32
fossilized,9.16
fossils,7.41
foster,9.01
fostered,10.68
fosters,10.68
fought,5.3
foul,7.75
foulard,14.4
fouled,8.35
fouler,8.35
foulest,8.35
fouling,8.35
foulmouthed,9.1
foulness,12.0
fouls,8.35
found,5.15
foundation,10.94
foundations,9.45
founded,5.4
founder,9.5
founding,10.42
foundling,12.25
foundry,11.6
founds,5.4
fount,12.67
fountain,7.17
fountains,7.77
four,4.93
fours,3.94
foursome,12.24
foursquare,10.5
fourth,4.68
fourths,5.69
fovea,16.6
fowl,7.89
fowling,13.36
fowls,9.67
fox,5.02
foxed,5.77
foxes,5.77
foxglove,13.73
foxhole,11.06
foxhound,9.33
foxhunt,9.94
foxhunting,10.39
foxtrot,12.39
foxy,10.11
foyer,11.68
fracas,14.0
fractal,12.0
fraction,10.06
fractional,10.8
fractions,7.62
fractious,13.38
fracture,9.8
fractures,8.62
fragile,8.28
fragility,9.88
fragment,11.53
fragmentary,14.21
fragmentation,13.61
fragments,10.22
fragrance,9.63
fragrant,9.58
frail,9.64
frailties,10.27
frailty,11.16
fraise,13.17
frame,7.67
framed,7.86
framer,10.74
frames,7.86
framework,8.83
framing,7.86
franc,12.81
franchise,12.58
franchisee,15.95
franchises,12.7
franchising,12.7
francium,15.67
francs,12.22
frangible,13.46
frangipani,15.5
frank,10.58
frankincense,10.14
frankness,13.26
frantic,10.67
frap,13.17
frappe,15.12
frat,14.8
fraternal,10.32
fraternity,12.95
fraternization,15.31
fraternize,14.68
fratricidal,16.0
frau,15.58
fraud,10.11
frauds,10.22
fraudulent,11.12
fraught,12.22
fray,11.47
frayed,10.37
frays,10.69
frazzle,11.42
freak,8.02
freaked,10.05
freakiness,8.95
freaking,10.05
freakish,10.74
freaks,10.05
freaky,7.6
freckle,5.61
freckled,6.58
freckles,5.17
free,5.21
freebase,14.88
freebee,8.04
freebie,10.79
freebies,8.04
freeborn,11.0
freed,5.89
freedom,7.05
freedoms,8.45
freeing,5.89
freelance,13.84
freelancer,13.58
freeloader,10.94
freeman,11.38
freemason,15.0
freemasonry,14.4
freer,5.89
frees,5.89
freesia,12.82
freest,5.89
freestanding,10.63
freestyle,11.06
freethinker,11.44
freethinking,12.79
freeware,16.47
freeway,10.32
freewill,10.28
freeze,4.89
freezer,4.63
freezes,6.37
freezing,6.05
freight,10.56
freighted,10.66
freighter,10.47
freighting,10.66
freights,10.66
frenetic,13.69
frenzied,12.39
frenzies,9.98
frenzy,9.53
freq,15.5
frequencies,10.27
frequency,9.79
frequent,6.94
frequenter,11.2
fresco,14.5
fresh,6.22
freshen,8.84
freshener,8.47
fresher,6.6
freshest,6.6
freshet,13.71
freshman,10.45
freshness,9.44
freshwater,7.72
fret,11.11
fretful,12.32
fretfulness,13.75
frets,10.03
fretting,10.03
friable,14.12
friar,9.22
friars,9.54
fricassee,13.91
friction,9.8
frictionless,13.12
frictions,8.96
fridge,4.67
fried,7.47
friend,3.57
friendless,7.95
friendliness,6.84
friendly,4.5
friends,4.58
friendship,5.62
friendships,7.66
fries,5.97
frieze,13.64
frig,11.85
frigate,14.4
frigging,13.08
fright,7.53
frighten,8.83
frightened,5.65
frightener,10.11
frightening,6.55
frightens,5.33
frightful,5.83
frights,5.82
frigid,9.84
frigidity,12.79
frill,8.59
frills,7.66
frilly,9.11
fringe,9.61
fringes,5.77
frisbee,5.5
frisk,10.16
frisked,9.6
friskiness,10.26
frisking,9.6
frisks,9.6
frisky,12.17
frit,15.86
frittata,13.8
fritter,13.0
fritz,11.64
frivolity,14.0
frivolous,10.67
frizz,9.0
frizzing,9.03
frizzy,9.05
frock,9.65
frocks,6.66
frog,4.32
frogfish,11.23
froggy,6.89
frogman,8.85
frogs,5.3
frolic,8.5
frolicked,10.41
frolicking,10.41
frolics,10.41
frolicsome,13.8
from,4.44
frond,11.5
front,5.19
frontage,11.23
frontal,10.89
frontbencher,12.02
fronted,4.7
frontier,8.86
frontiers,8.87
frontiersman,10.76
fronting,4.7
fronts,4.7
frosh,13.0
frost,5.21
frostbite,9.44
frosted,7.72
frosting,4.95
frosts,5.41
frosty,6.33
froth,12.56
frothing,11.41
frothy,10.67
frottage,16.57
froufrou,13.0
frown,4.52
frowned,6.5
frowner,7.41
frowning,6.5
frowns,6.5
frowzy,13.6
froze,6.37
frozen,5.6
fructose,14.5
frugal,11.37
fruit,3.63
fruitcake,8.28
fruited,7.88
fruiter,10.6
fruitful,10.39
fruition,12.12
fruitless,12.3
fruits,4.56
fruity,6.8
frump,11.47
frumpier,10.06
frumpy,12.17
frustrate,9.17
frustrated,7.97
frustrates,10.89
frustrating,7.75
frustration,8.35
frustrations,11.21
fry,5.79
fryer,8.56
frying,5.97
fryingpan,6.81
fuchsia,11.32
fuck,11.22
fucker,10.89
fucking,10.74
fuckwit,15.89
fuddle,11.69
fudge,5.78
fudged,5.67
fudges,5.67
fudgy,8.11
fuehrer,12.53
fuel,7.17
fueled,8.09
fueling,8.09
fuelled,8.09
fuelling,8.09
fuels,8.09
fug,17.25
fugitive,10.55
fugue,15.0
fulcrum,13.21
fulfill,8.7
fulfilled,10.04
fulfilling,10.04
fulfills,10.04
full,4.24
fullback,13.0
fullest,4.86
fullness,7.65
fulltime,9.17
fulminate,15.82
fulsome,11.12
fumble,8.06
fumbled,8.45
fumbler,9.18
fumbles,8.45
fumbling,8.45
fume,8.67
fumed,9.46
fumes,9.46
fumigant,13.5
fumigate,11.78
fumigation,12.71
fumigator,12.83
fuming,9.46
fumy,11.17
fun,3.67
function,9.1
functional,8.94
functionality,11.58
functionary,12.5
functioned,10.07
functioning,10.07
functions,10.07
fund,9.56
fundable,13.47
fundament,12.47
fundamental,9.9
fundamentalism,13.76
fundamentalist,15.55
funded,9.62
funding,10.47
fundraiser,9.11
fundraising,9.4
funds,9.22
funeral,7.28
funerary,14.33
funereal,9.5
funfair,9.67
fungal,10.7
fungi,9.09
fungible,13.62
fungicidal,12.94
fungicide,13.33
fungus,8.44
funicular,16.75
funk,9.95
funkier,10.49
funks,9.17
funky,8.61
funned,3.75
funnel,8.44
funneled,7.96
funneling,7.96
funnels,7.96
funnier,4.47
funnies,4.47
funniest,4.47
funning,3.75
funny,5.47
funnyman,8.89
funs,3.75
fur,5.22
furbelow,13.62
furbish,13.58
furfural,20.0
furies,8.3
furious,8.78
furl,12.25
furless,10.24
furlong,13.0
furlough,14.71
furloughs,13.63
furnace,10.6
furnaces,8.51
furnish,10.5
furnished,9.89
furnishes,9.94
furnishing,9.94
furnishings,10.28
furniture,5.89
furor,12.69
furred,5.47
furring,16.2
furrow,13.0
furrowed,13.18
furry,5.72
furs,5.47
further,6.68
furtherance,13.73
furthered,7.88
furthering,7.88
furthermost,11.63
furthers,7.88
furthest,5.46
furtive,14.54
fury,8.84
furze,13.86
fuse,10.78
fused,10.37
fusel,11.57
fuselage,12.47
fuses,10.37
fusing,10.37
fusion,13.63
fuss,5.5
fussbudget,13.57
fussed,6.35
fusses,6.35
fussing,6.35
fusspot,10.08
fussy,6.67
futile,13.11
futility,13.55
futon,13.0
futons,11.29
future,7.16
futures,8.24
futurist,13.79
futuristic,11.06
futurity,12.62
futz,14.29
fuzz,7.11
fuzziness,7.68
fuzzy,5.05
gab,9.41
gabardine,13.85
gabbed,10.61
gabber,7.92
gabbing,10.61
gabble,13.67
gabbler,12.12
gabfest,11.57
gable,10.29
gables,11.7
gad,10.85
gadabout,13.08
gadfly,13.82
gadget,8.63
gadgeteer,14.9
gadgetry,11.17
gadgets,9.68
gadolinium,18.86
gadwall,16.0
gaff,12.27
gaffer,16.17
gag,7.58
gaga,6.94
gagged,7.79
gagging,7.79
gaggle,9.29
gagman,13.4
gags,7.79
gagster,11.4
gaiety,12.25
gain,7.11
gained,8.15
gainer,10.12
gainful,10.53
gaining,8.15
gains,8.15
gainsay,13.71
gait,11.75
gaits,10.9
gal,6.21
gala,14.06
galactic,10.29
galantine,15.08
galas,11.9
galaxy,7.67
gale,10.57
gales,8.64
gall,12.44
gallant,10.28
gallantry,12.25
gallants,12.01
gallbladder,11.68
galleon,12.79
galleries,8.77
gallery,8.68
galley,12.69
galleys,10.87
galling,12.93
gallivant,12.5
gallon,6.25
gallons,7.26
gallop,8.32
galloped,7.34
gallops,7.34
gallows,11.24
galls,11.34
gallstone,13.11
galoot,15.0
galoots,15.5
galore,9.47
galosh,11.4
galumph,12.33
galvanic,16.88
galvanize,13.56
galvanized,14.0
gambit,12.88
gamble,9.05
gambled,9.67
gambler,10.26
gambles,9.67
gambling,9.22
gambol,13.44
game,4.26
gamed,4.99
gamekeeper,10.94
gamer,11.65
games,4.99
gamesmanship,11.12
gamesome,14.5
gamete,14.07
gamin,17.0
gamine,13.69
gaming,9.89
gamma,14.06
gammas,13.64
gammon,14.5
gammy,12.6
gamut,17.06
gamy,12.55
gander,11.31
ganders,12.43
gang,9.22
gangbang,14.89
gangbuster,11.18
ganged,6.77
ganger,15.71
ganging,6.77
gangland,13.33
ganglion,13.86
gangly,12.0
gangplank,12.22
gangrene,11.94
gangrenous,14.33
gangs,6.77
gangster,8.5
gangsters,9.4
gangway,13.73
ganja,14.15
gannet,17.29
gantry,14.55
gap,8.22
gape,11.72
gapes,8.97
gaping,9.83
gapped,6.47
gaps,6.47
garage,5.26
garages,5.56
garb,12.05
garbage,4.89
garbanzo,12.93
garbled,12.29
garbs,11.63
garcon,14.57
garden,5.33
gardened,4.62
gardener,6.5
gardeners,6.06
gardenia,11.94
gardening,6.42
gardens,4.62
garfish,14.67
gargantuan,11.61
gargle,8.58
gargled,6.84
gargles,6.84
gargoyle,10.18
garish,15.88
garishness,14.0
garland,10.93
garlanded,10.99
garlands,10.99
garlic,6.89
garlicky,11.2
garment,8.32
garments,8.98
garnish,13.3
garnished,10.8
garnishment,14.79
garret,11.96
garrison,14.88
garrulity,16.2
garrulous,14.11
garter,11.72
garters,11.7
gas,5.32
gasbag,11.07
gaseous,11.71
gases,5.66
gash,7.95
gashes,9.1
gashouse,10.5
gasification,14.08
gasket,10.9
gaskets,12.11
gaskin,15.6
gaslight,9.8
gasman,8.93
gasmask,10.47
gasoline,6.25
gasp,8.05
gasped,8.02
gasping,8.02
gasps,8.02
gassed,5.66
gasser,12.0
gasses,5.66
gassiness,10.11
gassing,5.66
gassy,8.05
gastric,14.59
gastritis,17.53
gastroenteritis,16.88
gastroenterologist,15.93
gastrointestinal,14.31
gastronomic,14.73
gastronomical,16.15
gastronomy,17.29
gasworks,12.13
gat,13.3
gate,5.32
gatecrash,13.0
gatecrasher,11.93
gatehouse,11.67
gatekeeper,9.94
gateman,10.12
gates,4.88
gateway,8.38
gather,6.5
gathered,7.35
gatherer,9.21
gathers,7.35
gator,7.61
gators,6.47
gauche,15.5
gaucherie,14.64
gaucho,11.54
gaud,13.17
gaudy,12.06
gauge,10.83
gauged,10.75
gauges,10.75
gauging,10.75
gaunt,11.81
gauntlet,13.12
gauntlets,10.07
gauss,13.27
gauze,9.32
gauzy,10.76
gave,4.68
gavel,9.22
gavotte,11.5
gawk,10.84
gawked,9.9
gawkiness,12.56
gawking,9.9
gawks,9.9
gawky,11.25
gawp,15.6
gay,9.32
gayer,10.61
gayest,10.61
gayness,12.17
gays,10.61
gaze,9.0
gazebo,9.76
gazed,8.11
gazehound,10.86
gazelle,9.37
gazelles,9.93
gazer,9.83
gazes,8.11
gazette,10.43
gazettes,10.51
gazing,8.11
gazpacho,13.38
gear,7.61
gearbox,10.24
geared,7.6
gearing,7.6
gears,7.6
gearshift,10.89
gecko,10.32
geek,8.4
geeky,10.79
geese,5.33
geezer,9.59
geezers,10.41
geisha,14.24
gel,7.21
gelatin,7.55
gelatinous,12.58
geld,13.15
gelding,12.6
gelignite,12.5
gem,7.68
gems,6.87
gemstone,7.94
gen,13.18
gendarme,16.67
gender,7.0
genders,9.11
gene,11.75
genealogical,13.89
genealogies,12.98
genealogist,13.32
genealogy,12.89
general,8.05
generalissimo,13.67
generality,11.74
generalization,11.95
generalize,10.26
generalized,10.44
generals,8.33
generate,10.78
generation,9.52
generational,12.68
generations,9.66
generative,13.69
generator,11.11
generic,11.0
generosity,9.06
generous,7.22
genes,12.43
genetic,10.68
geneticist,13.76
genetics,11.84
genial,12.53
geniality,13.54
genie,6.67
genies,6.89
genii,9.49
genital,9.82
genitalia,11.84
genitive,14.43
genius,7.21
geniuses,9.49
genocidal,14.81
genocide,13.2
genome,15.0
genomes,13.51
genomic,13.31
genre,12.75
genres,10.41
gent,11.8
genteel,12.0
gentile,12.0
gentiles,9.4
gentility,13.29
gentle,4.89
gentlefolk,11.67
gentleman,6.89
gentlemanlike,10.55
gentlemanliness,9.81
gentlemanly,7.78
gentlemen,6.98
gentleness,7.0
gentler,6.34
gentles,6.34
gentlest,6.34
gentlewoman,10.0
gentrification,15.0
gentry,14.11
gents,9.42
genuflect,12.43
genuine,9.06
genus,12.33
geode,11.6
geodesic,13.33
geodetic,17.86
geographer,9.67
geographic,8.89
geographical,10.72
geographies,8.92
geography,8.15
geologic,11.72
geological,10.67
geologist,10.47
geology,10.0
geomagnetic,16.0
geomancy,13.0
geometric,10.33
geometrical,9.74
geometry,11.22
geophone,13.0
geophysical,12.31
geophysics,15.12
geopolitical,16.82
geopolitics,14.81
geostationary,14.42
geosynchronous,17.25
geothermal,14.12
geranium,11.41
gerbil,7.06
gerbils,9.93
geriatric,12.81
geriatrics,14.83
geriatrist,14.62
germ,5.95
germane,13.0
germanium,12.77
germfree,9.05
germicidal,15.36
germinate,12.8
germination,11.53
germinator,12.39
germs,5.29
germy,6.74
gerund,13.29
gestalt,16.09
gestate,12.94
gestation,14.12
gestational,14.4
gesticulate,13.73
gesture,11.74
gestured,9.75
gestures,9.75
get,3.17
getaway,9.5
gets,4.8
getter,9.4
getting,4.8
getup,6.72
geyser,10.11
ghastly,10.33
ghat,15.0
ghee,16.5
gherkin,12.0
ghetto,10.15
ghettoes,12.43
ghettos,12.43
ghost,5.06
ghosting,4.47
ghostlike,9.47
ghostly,8.17
ghosts,4.47
ghostwrite,12.18
ghostwriter,12.11
ghoul,9.59
ghoulish,11.31
ghouls,9.96
giant,4.72
giantess,11.94
giants,5.26
gibber,11.7
gibberish,8.79
gibbet,14.11
gibe,13.33
giblet,11.72
giddiness,11.62
giddy,9.74
gift,5.05
gifted,7.94
gifts,5.24
gig,10.56
gigabyte,12.05
gigahertz,15.05
gigantic,6.64
gigantism,12.37
gigged,11.07
giggle,5.48
giggled,5.48
giggler,7.69
giggles,5.48
giggling,5.48
gigolo,13.94
gigs,11.07
gild,12.42
gilded,13.24
gill,7.39
gills,7.65
gilt,11.56
gilts,10.26
gimcrack,13.5
gimlet,13.5
gimmick,11.89
gimmicks,11.49
gimmicky,10.94
gimp,11.89
gimpy,13.47
gin,12.06
ginger,8.05
gingerbread,6.0
gingerroot,13.53
gingersnap,9.11
gingham,12.12
gingivitis,12.33
gink,13.6
ginkgo,14.21
ginned,11.7
ginning,11.7
gins,11.7
ginseng,14.32
gipsy,10.4
giraffe,5.0
giraffes,6.27
gird,12.83
girder,12.0
girdle,10.22
girdles,12.01
girl,4.0
girlfriend,6.26
girlhood,9.47
girlie,7.32
girlish,8.06
girlishness,10.21
girls,3.88
girly,6.81
girth,10.94
gismo,11.09
gismos,11.09
gist,11.3
give,4.28
giveaway,10.24
given,4.68
giver,5.83
givers,7.83
gives,4.68
giving,4.68
gizmo,9.11
gizmos,11.09
gizzard,10.63
glabrous,8.0
glace,11.55
glacial,10.58
glaciated,12.71
glacier,8.05
glaciers,8.28
glad,5.79
gladden,11.0
gladder,6.33
glade,10.71
glades,12.07
gladiator,8.56
gladiola,12.08
gladiolus,15.15
gladness,8.0
gladsome,15.3
glair,10.92
glam,11.0
glamorize,10.9
glamorous,9.21
glamour,9.11
glance,9.22
glanced,8.98
glances,8.98
glancing,8.98
gland,10.61
glands,10.46
glandular,14.62
glare,9.33
glared,8.81
glares,8.81
glary,12.0
glasnost,16.18
glass,4.47
glasses,4.35
glassful,7.33
glasshouse,9.26
glassine,15.29
glassmaking,9.26
glassware,9.72
glasswork,10.68
glassy,8.05
glaucoma,14.1
glaze,8.42
glazed,7.19
glazes,8.82
glazier,14.67
glazing,8.82
gleam,11.62
gleamed,8.03
gleaming,8.79
gleams,8.03
glean,12.43
gleaner,15.1
glebe,15.0
glee,9.28
gleeful,10.94
glen,10.69
glengarry,14.33
glens,10.97
glib,13.4
glibness,13.31
glide,7.72
glided,7.8
glider,10.47
glides,7.8
glimmer,10.22
glimmers,9.4
glimpse,9.24
glimpsed,8.92
glimpses,8.92
glimpsing,8.92
glint,12.46
glinted,11.04
glinting,11.04
glints,11.04
glissando,17.71
glisten,9.21
glitch,11.86
glitter,5.22
glitterati,17.14
glittered,6.53
glittering,6.35
glitters,6.53
glittery,4.94
glitz,12.0
glitzy,10.17
gloaming,12.23
gloat,11.16
gloated,10.03
gloater,12.39
gloating,10.03
glob,7.41
global,9.78
globalization,15.64
globe,6.5
globes,7.3
globetrotter,8.9
globetrotting,12.53
globs,7.35
globular,13.76
globule,12.33
globulin,15.83
glockenspiel,13.08
glom,13.14
gloom,9.0
glooming,9.36
glooms,7.66
gloomy,9.28
glop,9.0
gloppy,10.47
glories,8.26
glorification,11.74
glorified,9.5
glorify,11.39
glorious,8.21
glory,7.4
gloss,9.9
glossary,9.06
glossed,8.26
glossing,8.26
glossless,11.88
glossy,8.28
glottal,15.67
glottis,13.92
glove,4.3
gloved,6.94
gloves,4.73
glow,6.28
glowed,6.5
glows,6.5
glowworm,9.19
glucose,13.78
glue,4.67
glued,5.62
glues,5.62
gluey,7.56
gluing,5.62
glum,10.15
gluon,15.29
glut,12.87
glutamate,17.73
glutathione,16.0
gluten,15.25
gluteus,13.5
glutinous,14.32
gluts,10.81
glutton,12.22
gluttonous,13.6
gluttons,12.01
gluttony,10.76
glycerin,14.26
glycerine,13.45
glycerol,14.71
glycogen,14.43
glycol,15.08
glycoside,16.78
glyph,12.69
gnarl,11.35
gnarled,11.0
gnarly,11.45
gnash,10.84
gnashes,11.93
gnat,10.1
gnats,7.77
gnaw,10.37
gnawed,8.4
gnawing,8.4
gnaws,8.4
gnocchi,15.75
gnome,8.94
gnomes,9.31
gnu,11.27
go,3.37
goad,13.14
goal,6.89
goalie,7.79
goalies,7.49
goalkeeper,8.0
goalkeeping,7.89
goalpost,9.83
goals,5.98
goaltender,9.24
goaltending,10.37
goanna,13.67
goat,5.21
goatee,11.78
goateed,12.69
goatees,11.29
goatherd,8.8
goats,5.27
goatskin,10.25
gob,11.84
gobbet,11.29
gobble,5.58
gobbled,6.68
gobbledygook,10.0
gobbler,8.94
gobbles,6.68
gobbling,6.68
goblet,11.44
goblets,9.96
goblin,7.67
goblins,7.26
gobs,9.92
gobstopper,7.88
goby,12.4
god,4.35
godchild,8.06
goddamn,7.69
goddamned,9.95
goddaughter,8.05
goddess,8.37
goddesses,9.13
godfather,8.47
godforsaken,11.25
godhead,14.0
godhood,14.77
godless,9.78
godlessness,11.06
godlike,7.55
godliness,9.14
godly,8.84
godmother,6.95
godmothers,7.01
godparent,7.71
gods,3.82
godsend,11.56
godson,9.94
goes,4.37
gofer,8.81
goggle,9.44
goggles,7.05
going,5.41
goings,4.97
goiter,16.0
gokart,8.81
gold,7.1
goldbeater,15.83
goldbrick,12.0
goldbricker,13.17
golden,6.94
goldenrod,10.19
goldenseal,14.55
goldfish,4.5
goldmine,8.56
goldsmith,10.17
golem,14.85
golf,7.16
golfer,7.16
golfers,8.5
golfing,7.68
golliwog,16.18
golly,7.83
gonad,11.67
gondola,10.21
gondolas,10.02
gondolier,14.13
gone,4.37
goner,9.35
gong,9.62
gonged,9.98
gonging,14.08
gongs,9.98
gonna,5.94
gonorrhea,14.94
goo,5.53
goober,8.42
good,3.55
goodbye,3.47
goodbyes,3.65
goodhearted,10.05
goodie,6.37
goodish,10.0
goodly,10.16
goodness,6.05
goods,7.44
goodwill,8.79
goody,7.0
gooey,6.84
goof,5.72
goofball,7.79
goofed,6.87
goofier,6.5
goofiest,6.5
goofiness,6.85
goofing,6.87
goofs,6.87
goofy,4.83
googol,14.57
googolplex,15.8
gook,11.75
goon,10.33
gooney,10.83
goop,7.12
goopy,6.75
goose,5.15
gooseberry,9.41
goosed,5.33
gooseflesh,12.5
gooseneck,14.08
gooses,5.33
goosing,5.33
gopher,7.21
gophers,11.71
gore,10.24
gored,10.75
gorge,9.17
gorged,10.2
gorgeous,7.68
gorgeousness,9.5
gorger,12.23
gorges,10.2
gorging,10.2
gorgon,13.46
gorgonzola,15.33
gorilla,5.74
gorillas,7.01
gorse,12.88
gory,9.74
gosh,6.81
gospel,8.0
gospels,8.81
gossamer,15.0
gossip,9.16
gossiped,8.79
gossiping,8.79
gossipmonger,13.85
gossips,8.79
gossipy,10.67
got,4.8
gothic,13.63
gotten,4.8
gouge,10.16
gouged,11.08
gouger,12.4
gouges,11.08
gouging,11.08
goulash,8.89
gourd,10.65
gourds,11.17
gourmet,9.95
gourmets,10.22
gout,13.65
gouty,14.83
govern,9.53
governance,12.0
governed,10.45
governess,12.89
government,8.5
governmental,10.95
governments,8.98
governor,8.47
governorship,11.0
governs,10.45
gown,6.16
gowned,11.47
gowning,7.53
gowns,7.53
goy,15.67
goyim,17.67
grab,5.37
grabbed,6.07
grabber,8.24
grabbing,6.07
grabby,7.94
grabs,6.07
grace,7.29
graced,8.04
graceful,8.4
gracefulness,8.33
graceless,11.84
graces,8.04
gracing,8.04
gracious,8.5
graciousness,11.25
grackle,13.6
grad,10.94
gradation,14.17
grade,5.72
graded,8.92
grader,7.9
grades,8.92
gradient,13.42
grading,8.92
gradual,9.0
graduate,7.56
graduated,11.6
graduates,11.6
graduating,11.6
graduation,7.28
graffiti,9.47
graffito,14.55
graft,13.8
grafted,12.67
grafter,12.17
grafting,12.72
grafts,12.67
grail,12.06
grails,11.4
grain,7.44
grains,7.52
grainy,11.11
gram,9.41
gramercy,15.73
grammar,6.37
grammarian,13.89
grammars,7.41
grammatical,10.0
gramophone,12.25
granary,11.38
grand,6.68
grandbaby,8.75
grandchild,5.26
granddad,3.58
granddaddy,4.33
granddaughter,4.68
grandee,14.67
grander,7.18
grandest,7.18
grandeur,11.79
grandfather,4.39
grandfathered,4.47
grandfathering,4.47
grandfathers,4.47
grandiloquence,16.88
grandiose,13.32
grandiosity,15.63
grandma,2.58
grandmamma,3.11
grandmother,3.67
grandmothers,4.35
grandnephew,9.5
grandniece,10.11
grandpa,3.06
grandparent,5.5
grands,7.18
grandsire,13.54
grandson,5.89
grandstand,10.83
grandstander,13.06
granite,12.24
granites,11.0
grannies,3.43
granny,4.22
granola,9.94
grant,12.01
granted,8.88
granting,8.88
grants,8.88
granular,11.89
granule,11.19
grape,3.94
grapefruit,6.9
grapes,6.03
grapeshot,15.56
grapevine,7.37
graph,8.16
graphic,10.67
graphical,12.67
graphics,9.47
graphite,10.11
graphologist,16.88
graphology,13.27
graphs,7.77
grapnel,10.0
grappa,16.5
grapple,9.94
grappler,14.56
grappling,12.41
grasp,8.2
grasped,8.41
grasper,12.8
grasping,8.41
grasps,8.41
grass,3.94
grassed,4.01
grasses,4.01
grasshopper,5.78
grassland,10.75
grassroots,14.8
grassy,6.33
grata,14.78
grate,8.9
grateful,7.42
gratefulness,7.74
grater,8.88
grates,5.96
gratification,10.26
gratify,12.78
gratifying,11.39
gratin,14.4
grating,10.71
gratitude,8.26
gratuitous,14.12
gratuity,11.89
gravamen,15.12
grave,7.06
gravedigger,8.78
gravel,7.19
graveling,10.73
gravelly,11.56
graven,12.47
graves,6.83
graveside,9.12
gravest,6.83
gravestone,7.37
graveyard,6.06
gravid,17.8
gravimetric,16.56
gravitas,13.07
gravitate,11.06
gravitation,12.0
gravitational,11.78
graviton,15.36
gravity,8.39
gravy,6.0
gray,5.74
grayed,4.53
grayer,4.53
graying,4.53
grayish,7.11
grays,4.53
graze,8.9
grazed,5.81
grazer,11.16
grazes,5.81
grazier,13.38
grazing,5.81
grease,7.33
greased,6.94
greasepaint,12.53
greaser,12.81
greases,7.86
greasiness,8.5
greasing,7.86
greasy,6.39
great,5.05
greatcoat,8.38
greater,5.48
greatest,5.48
greatness,8.33
greats,5.48
greaves,10.9
greed,7.63
greedy,7.53
green,3.79
greenback,12.17
greener,4.67
greenery,9.63
greenest,4.67
greengrocer,11.0
greenhorn,14.08
greenhouse,9.22
greenish,7.11
greenmail,14.0
greenness,8.22
greenroom,12.88
greens,6.9
greet,6.47
greeted,7.58
greeter,9.26
greeting,6.37
greets,7.58
gremlin,8.4
grenade,9.72
grenades,9.49
grenadier,11.73
grenadine,14.0
grew,5.62
grey,4.53
greyer,4.53
greyhound,8.0
grid,11.63
griddle,8.67
griddlecakes,8.8
griddles,12.85
gridiron,12.62
gridlock,10.79
grids,9.46
grief,8.39
grievance,11.79
grievances,10.66
grieve,10.0
grieved,9.16
grieves,9.16
grieving,8.75
grievous,11.26
griffon,13.54
grill,6.53
grille,8.41
grilled,7.26
grilles,8.41
grilling,8.41
grills,8.41
grillwork,13.19
grim,9.16
grimace,12.0
grimaced,10.58
grimaces,10.58
grimalkin,15.0
grime,8.72
grimmer,8.37
grimy,10.06
grin,5.84
grind,8.37
grinder,8.68
grinds,8.65
grindstone,11.47
gringo,12.73
grinned,5.88
grins,5.88
grip,6.7
gripe,10.44
griped,10.17
gripes,10.17
griping,10.17
gripped,6.56
gripper,10.94
grips,6.56
grisliest,10.6
grisly,10.39
grist,12.36
gristle,11.44
gristmill,12.17
grit,9.71
grits,8.95
gritty,10.22
grizzle,11.13
grizzled,11.08
grizzlies,6.13
grizzly,7.75
groan,8.7
groaned,7.31
groaning,7.31
groans,7.31
groat,13.5
grocer,9.22
groceries,5.35
grocers,6.11
grocery,5.72
grog,13.0
groggy,11.32
groin,9.22
groins,10.25
grommet,13.39
groom,7.78
groomed,8.37
groomer,8.78
grooming,8.37
grooms,8.37
groomsman,11.5
groove,8.39
grooves,8.29
groovier,8.45
grooviest,8.45
grooving,8.29
groovy,7.68
grope,11.95
groped,12.1
groper,12.82
gropes,12.1
groping,12.1
grosbeak,16.5
gross,5.21
grossed,8.94
grosser,8.94
grosses,8.94
grossest,8.94
grossing,8.94
grossness,8.68
grot,14.73
grotesque,11.78
grotesquerie,16.29
grotto,12.0
grottoes,12.75
grouch,7.29
grouchy,5.53
ground,4.89
grounded,4.8
grounder,11.88
groundhog,6.0
grounding,11.56
groundless,11.72
groundling,14.08
groundout,9.83
grounds,4.8
groundsheet,13.31
groundskeeper,10.35
groundsman,10.88
groundswell,13.56
groundwater,10.61
groundwork,12.18
group,5.94
grouped,6.41
grouper,12.93
groupie,12.06
grouping,9.0
groups,6.41
grouse,13.0
grout,12.36
grove,8.21
grovel,12.5
groveled,10.02
groveling,10.02
groves,9.54
grow,4.79
grower,7.53
growing,5.62
growl,5.79
growled,5.34
growler,10.62
growling,5.34
growls,5.34
grown,5.62
grownup,4.43
grows,5.62
growth,6.7
growths,7.56
grub,8.95
grubber,11.0
grubbiness,9.13
grubbing,8.61
grubby,10.78
grubs,8.61
grubstake,16.71
grudge,10.42
grudges,9.5
grudging,11.22
gruel,11.6
grueling,11.33
gruesome,8.6
gruesomeness,11.16
gruff,8.94
gruffer,10.42
gruffest,10.42
grumble,8.37
grumbled,7.57
grumbler,8.75
grumbles,7.57
grumbling,7.57
grump,8.39
grumpy,5.89
grunge,11.93
grungy,10.0
grunt,8.79
grunted,6.73
grunting,10.06
grunts,6.73
gruyere,17.0
guacamole,9.68
guanine,15.0
guano,13.15
guar,15.75
guarantee,11.05
guarantor,17.18
guaranty,11.0
guard,6.25
guardant,12.78
guarded,6.84
guarder,9.52
guardhouse,9.28
guardian,9.44
guardianship,9.48
guarding,6.84
guardrail,9.35
guardroom,12.24
guards,6.84
guardsman,10.33
guava,12.39
gubernatorial,14.14
guck,10.27
gudgeon,14.62
guerdon,19.75
guerrilla,11.95
guess,5.44
guessed,5.94
guesser,8.16
guesses,5.94
guessing,5.94
guesstimate,10.37
guesswork,11.15
guest,6.21
guesthouse,9.26
guestroom,7.76
guests,6.2
guff,10.5
guffaw,12.64
guidance,8.95
guide,7.11
guidebook,11.11
guided,7.43
guideline,8.06
guidepost,9.76
guides,7.43
guiding,7.74
guidon,13.0
guild,12.94
guilder,12.23
guilds,12.9
guile,13.25
guileless,16.62
guiles,13.3
guillotine,11.75
guilt,7.05
guiltier,8.65
guiltiness,9.67
guiltless,9.92
guilty,8.05
guinea,9.21
guiro,16.33
guise,13.12
guises,13.2
guitar,5.32
guitarist,9.26
guitars,6.07
gulag,12.5
gulden,15.0
gules,17.25
gulf,9.37
gulfs,9.03
gull,8.65
gullet,13.35
gullets,12.73
gulley,11.39
gullibility,10.63
gullible,10.83
gullies,11.39
gulls,8.82
gully,10.78
gulp,7.29
gulped,6.81
gulping,6.81
gulps,6.81
gum,4.89
gumball,5.32
gumbo,12.05
gumboil,15.25
gumdrop,5.53
gumminess,9.33
gumming,4.47
gummy,8.89
gumption,12.27
gums,4.47
gumshoe,11.11
gun,5.58
gunboat,10.69
guncotton,13.0
gunfight,8.79
gunfighter,7.18
gunfire,7.52
gunk,8.11
gunman,8.94
gunmetal,13.75
gunned,4.73
gunnel,12.25
gunner,10.13
gunnery,9.71
gunning,4.73
gunny,12.58
gunnysack,11.58
gunplay,10.45
gunpoint,9.37
gunpowder,9.74
gunroom,9.44
gunrunner,12.06
gunrunning,13.9
guns,4.73
gunship,9.79
gunshot,6.78
gunslinger,9.05
gunsmith,10.16
gunsmiths,11.48
gunwale,13.55
guppy,8.06
gurgle,7.74
gurney,11.47
gurneys,11.19
guru,13.94
gurus,11.8
gush,10.0
gushed,8.98
gusher,8.47
gushes,8.98
gushing,8.98
gushy,8.89
gusset,10.5
gusseted,15.77
gussy,12.15
gust,8.12
gustatory,15.8
gusting,8.26
gusto,11.53
gusts,8.26
gusty,9.15
gut,7.17
gutbucket,12.5
gutless,11.17
gutlessness,11.0
guts,6.96
gutsy,8.67
gutted,7.72
gutter,7.79
guttering,12.38
gutters,7.57
guttersnipe,11.67
gutting,7.72
guttural,14.67
gutty,12.36
guy,4.11
guys,7.18
guzzle,10.33
guzzler,11.72
gym,6.0
gymkhana,16.0
gymnasium,6.63
gymnast,6.74
gymnastic,7.06
gymnastics,7.74
gymnasts,7.65
gyms,6.72
gyp,9.25
gypping,12.97
gyps,12.97
gypsum,14.33
gypsy,8.95
gyrate,13.67
gyration,15.56
gyre,15.12
gyro,11.71
gyrocompass,14.0
gyroscope,12.69
gyroscopic,13.13
habanera,12.27
haberdasher,14.33
haberdashery,12.82
habiliment,16.75
habit,7.67
habitability,13.76
habitable,12.17
habitant,10.44
habitat,9.44
habitation,10.65
habits,7.03
habitual,11.53
habituate,13.65
hacienda,11.59
hack,11.16
hackamore,12.5
hackberry,14.5
hacked,9.03
hacker,13.39
hacking,9.03
hackney,16.22
hackneyed,14.7
hacks,9.03
hacksaw,11.53
hackwork,12.33
had,4.83
haddock,13.0
hade,11.0
hafiz,12.33
hafnium,16.0
hag,10.0
haggard,11.17
haggis,15.42
haggle,12.75
haggled,10.8
haggling,10.8
hagiographic,17.0
hags,9.74
haiku,11.94
hail,7.9
hailed,7.11
hailing,7.11
hails,7.11
hailstone,10.14
hailstorm,8.16
hair,3.17
hairball,8.33
hairbrush,4.7
haircut,4.05
haircutting,6.29
hairdo,6.39
hairdos,7.26
hairdress,8.86
hairdresser,6.65
hairdressers,6.5
hairdressing,8.61
hairdryer,6.06
haired,9.93
hairless,8.67
hairline,9.68
hairnet,8.7
hairpiece,10.83
hairpin,8.17
hairs,3.83
hairsbreadth,13.58
hairsplitting,12.05
hairspray,7.84
hairstyle,7.11
hairstylist,8.5
hairy,5.7
hajji,17.67
hake,16.2
hakim,13.33
halberd,12.8
hale,10.9
half,5.45
halfback,9.67
halfcocked,11.89
halfpenny,11.07
halftime,7.61
halftrack,13.5
halfwit,11.0
halibut,12.11
halitosis,14.67
hall,5.35
hallmark,10.42
halloo,11.33
hallow,10.79
hallowed,11.22
halls,5.77
hallucinate,10.53
hallucination,14.28
hallucinatory,14.44
hallucinogen,13.58
hallucinogenic,14.42
hallway,5.38
hallways,5.96
halo,6.39
halocline,14.17
halogen,13.47
haloperidol,17.57
halos,8.62
halothane,14.0
halt,8.11
halted,7.78
halter,10.55
halts,7.78
halve,7.53
halved,9.46
halves,5.47
halyard,16.0
ham,4.1
hamburger,5.21
hamlet,11.35
hamlets,9.95
hammer,5.42
hammered,5.51
hammerhead,10.15
hammering,5.51
hammerlock,11.93
hammers,5.51
hammock,7.11
hammocks,8.11
hammy,10.7
hamper,6.8
hampered,7.65
hampers,7.65
hams,4.8
hamster,4.37
hamsters,7.82
hamstring,9.74
hand,2.74
handbag,7.95
handball,8.69
handbill,12.21
handbook,8.89
handbrake,8.05
handcar,10.11
handcart,7.31
handclap,5.06
handclasp,10.78
handcraft,11.89
handcuff,6.28
handed,3.38
handedness,11.38
handful,6.42
handfuls,7.11
handgrenade,10.74
handgun,7.59
handheld,10.4
handhold,9.26
handicap,8.0
handicapped,7.37
handicapper,11.19
handicapping,12.61
handicraft,9.78
handier,6.94
handiest,6.94
handing,3.38
handiwork,10.79
handkerchief,7.22
handkerchiefs,5.88
handle,6.3
handlebar,6.26
handled,6.18
handler,10.37
handles,6.18
handling,6.18
handmade,7.79
handmaid,13.06
handmaiden,9.93
handmaids,10.02
handoff,8.82
handout,7.74
handover,10.94
handpick,9.19
handprint,5.11
handrail,7.0
hands,3.38
handsaw,8.56
handset,11.53
handshake,6.0
handshaking,6.67
handsome,6.5
handsomeness,9.32
handspike,14.12
handspring,9.75
handstand,6.71
handwork,9.22
handwoven,11.11
handwriting,5.4
handwritten,6.4
handy,7.35
handyman,7.78
hang,6.68
hangar,10.0
hangars,10.8
hangdog,11.5
hanged,6.25
hanger,6.78
hangers,6.89
hangglider,9.5
hanging,6.25
hangman,8.33
hangnail,10.84
hangout,9.42
hangover,13.39
hangs,6.25
hangup,7.83
hank,10.53
hanker,12.24
hankering,11.38
hankie,6.86
hankies,6.86
hanky,8.71
hansom,9.91
haphazard,11.06
hapless,15.56
happen,5.26
happened,6.3
happening,6.3
happens,6.3
happenstance,14.06
happier,4.9
happiest,4.9
happily,5.56
happiness,6.17
happy,2.72
harangue,16.0
harass,10.84
harassed,10.13
harasser,9.84
harasses,10.13
harassing,10.13
harassment,10.35
harbinger,16.07
harbor,8.28
harbored,9.4
harboring,9.4
harbormaster,12.0
harbors,9.4
hard,4.39
hardback,10.5
hardball,10.4
hardboiled,7.06
hardcopy,11.61
hardcore,12.85
hardcover,8.36
harden,8.72
hardened,6.94
hardens,7.74
harder,5.13
hardest,5.13
hardhat,8.25
hardheaded,8.42
hardhearted,10.17
hardier,11.64
hardiest,11.64
hardihood,14.43
hardliner,14.47
hardly,7.54
hardness,8.16
hardscrabble,13.06
hardship,10.33
hardtack,11.0
hardtop,8.53
hardware,8.63
hardwood,9.84
hardworking,6.56
hardy,9.17
hare,6.78
harebrain,11.19
harebrained,12.67
harelip,15.0
harem,11.0
harems,12.53
hares,5.73
hark,10.47
harlequin,12.86
harlot,12.69
harlots,13.51
harm,5.0
harmed,6.5
harmer,10.25
harmful,7.63
harming,6.5
harmless,7.7
harmonic,11.89
harmonica,7.32
harmonics,12.4
harmonies,9.36
harmonious,10.38
harmonium,15.39
harmonize,11.68
harmonizer,12.06
harmony,8.79
harms,6.5
harness,7.83
harnessed,9.07
harnesses,9.07
harnessing,9.07
harp,7.55
harped,8.26
harping,8.26
harpist,12.11
harpoon,11.21
harpooned,10.99
harpooner,11.81
harpooning,10.99
harpoons,10.99
harps,8.26
harpsichord,12.0
harpy,11.2
harrowing,14.0
harrumph,10.46
harsh,10.38
harsher,8.37
harshest,8.37
harshness,9.47
hart,9.62
harvest,7.4
harvested,7.74
harvester,9.53
harvesting,7.74
harvests,7.74
has,4.83
hash,12.74
hashed,11.19
hashish,14.85
hasp,13.2
hassle,8.65
hassled,9.31
hassles,9.31
hassling,9.31
hassock,12.86
hast,4.83
haste,9.0
hasten,12.16
hastiness,11.5
hasty,10.28
hat,3.33
hatband,9.61
hatbox,10.16
hatch,7.0
hatchback,12.0
hatcheck,13.64
hatched,6.88
hatchery,12.0
hatches,6.88
hatchet,8.2
hatchets,9.94
hatching,6.88
hatchling,8.32
hatchway,12.29
hate,5.53
hated,6.11
hateful,6.42
hatefulness,8.56
hater,10.71
hates,6.11
hatful,8.82
hath,4.83
hating,6.11
hatless,8.29
hatpin,10.92
hatred,8.72
hatreds,7.84
hats,3.78
hatter,9.08
hauberk,14.67
haughty,12.79
haul,7.58
haulage,10.6
hauled,9.03
hauler,9.75
hauling,9.03
hauls,9.03
haunch,12.57
haunt,7.95
haunting,7.08
haunts,7.08
hausfrau,17.0
have,3.72
haven,9.13
havens,11.29
haversack,13.2
haves,4.83
having,4.83
havoc,10.5
haw,11.86
hawk,6.74
hawked,7.98
hawks,7.98
hawser,16.0
hawthorn,10.36
hay,5.32
hayfield,9.12
hayloft,7.57
haymaker,11.06
hayride,7.32
hayseed,11.87
haystack,6.32
haywire,10.68
hazard,7.61
hazardous,8.0
hazards,8.73
haze,11.62
hazed,8.11
hazel,7.12
hazelnut,9.45
hazing,8.11
hazmat,13.31
hazy,8.72
he,3.81
head,3.42
headache,6.71
headachy,9.39
headband,6.33
headboard,9.86
headcheese,13.57
headcount,8.16
headdress,9.06
headed,8.19
header,11.47
headers,9.83
headgear,10.78
headhunter,12.18
heading,8.19
headland,9.5
headless,8.72
headlight,6.79
headline,8.11
headliner,10.9
headlock,10.0
headman,10.59
headmaster,10.26
headmastership,11.5
headmistress,11.0
headphone,10.16
headphones,7.74
headpiece,10.0
headpin,9.8
headquarter,8.63
headquarters,8.72
headrest,7.68
headroom,9.79
heads,5.74
headsail,13.11
headset,9.05
headshrinker,11.56
headsman,10.83
headstall,15.17
headstand,7.15
headstock,10.75
headstone,9.44
headstrong,11.11
headwaiter,11.84
headwater,13.62
headwaters,13.0
headway,11.06
headwear,8.4
headwind,13.14
headwork,12.53
heady,12.24
heal,7.47
healed,6.53
healer,9.61
healing,7.7
heals,6.53
health,7.56
healthcare,12.5
healthful,10.11
healthier,6.7
healthiest,6.7
healthy,7.61
heap,7.79
heaped,6.45
heaping,6.45
heaps,6.45
hear,3.8
heard,4.83
hearer,10.19
hearing,6.05
hearken,12.72
hears,4.83
hearsay,12.76
hearse,9.89
hearses,10.46
heart,5.17
heartache,9.72
heartbeat,7.22
heartbreak,10.32
heartbreaker,9.11
heartbreaking,8.56
heartbroken,9.0
heartburn,10.47
hearted,10.0
heartedness,10.76
heartening,10.95
heartfelt,9.79
hearth,10.05
hearths,10.32
heartland,10.47
heartless,9.5
heartlessness,11.56
heartrending,13.0
hearts,5.73
heartsick,10.68
heartstring,10.67
heartthrob,10.22
heartwarming,8.72
heartworm,10.95
hearty,9.94
heat,5.33
heater,6.1
heath,10.48
heathen,9.67
heathenism,14.61
heathens,12.43
heather,9.97
heating,7.63
heats,5.54
heatstroke,9.89
heave,9.05
heaved,10.57
heaven,4.22
heavenly,6.22
heavens,5.56
heaver,10.86
heaves,10.57
heavier,6.2
heavies,6.2
heaviest,6.2
heaviness,6.11
heavy,4.05
heavyset,8.16
heavyweight,8.7
heck,7.0
heckle,12.17
heckler,12.47
hectare,14.11
hectic,9.95
hedge,8.9
hedged,6.2
hedgehog,8.63
hedgehogs,6.7
hedger,12.67
hedgerow,9.91
hedges,6.2
hedging,6.2
hedonism,16.27
hedonist,16.47
hedonistic,15.76
heed,11.05
heeded,11.26
heedful,12.73
heedless,13.61
heel,7.85
heeler,11.0
heels,6.18
heft,12.88
hefty,10.83
hegemonic,16.33
hegemony,15.92
heifer,10.07
heifers,11.49
height,5.42
heighten,11.17
heightened,10.17
heightens,9.45
heights,5.98
heinous,11.24
heinousness,13.27
heir,9.56
heiress,12.71
heiresses,11.7
heirloom,9.67
heirlooms,11.59
heirs,10.49
heist,10.61
heisted,12.01
heists,12.01
held,5.47
helical,12.3
helicopter,5.26
heliotrope,15.27
helipad,10.94
heliport,12.27
helium,9.86
helix,11.69
hell,5.11
hellebore,15.0
hellfire,11.38
hellgrammite,14.5
hellhole,12.37
hellhound,12.11
hellion,12.88
hellish,10.05
hello,3.76
hellos,3.41
hells,6.35
helm,10.9
helmet,5.71
helmets,5.2
helmsman,12.47
helot,17.33
help,3.65
helped,5.07
helper,4.8
helpful,5.44
helpfulness,7.24
helping,5.07
helpless,8.32
helplessness,9.67
helpline,11.32
helpmate,13.59
helps,5.07
hem,8.37
hematite,14.0
hematological,16.5
hematologist,14.56
hematology,15.81
hematoma,14.78
hemisphere,9.85
hemistich,13.33
hemline,9.88
hemlock,12.2
hemlocks,12.75
hemmed,9.61
hemodynamic,14.0
hemoglobin,13.45
hemolysis,17.75
hemophilia,13.33
hemorrhage,12.52
hemorrhagic,15.64
hemorrhoid,13.88
hemostat,14.57
hemp,12.94
hems,9.61
hemstitch,13.0
hen,6.39
hence,11.09
henchman,10.32
henchmen,11.34
hencoop,8.62
henhouse,8.47
henna,13.19
hennaed,14.67
henpeck,11.24
hens,4.56
hep,12.62
heparin,17.7
hepatic,15.6
hepatitis,14.24
hepcat,15.71
her,5.09
herald,10.0
heralded,10.51
heraldry,13.57
heralds,10.51
herb,9.05
herbaceous,15.0
herbage,14.25
herbal,11.28
herbalist,15.78
herbals,9.83
herbarium,15.6
herbicidal,12.88
herbivore,11.94
herbivorous,11.47
herbless,12.38
herbs,8.92
herculean,13.06
herd,7.74
herded,6.56
herding,6.56
herds,6.56
herdsman,9.61
here,3.74
hereditary,11.42
heredity,11.05
heresies,12.28
heresy,12.86
heretic,14.83
heretical,14.35
hereupon,12.2
heritage,9.79
herm,12.71
hermaphrodite,15.42
hermaphroditic,14.88
hermeneutical,17.25
hermetic,14.73
hermit,8.47
hermitage,12.76
hermits,8.87
hernia,12.29
hernias,13.64
herniated,15.11
herniation,15.91
hero,6.47
heroes,7.24
heroic,8.2
heroin,10.88
heroine,10.68
heroism,9.55
heron,10.35
herpes,11.37
herpetological,14.46
herpetologist,16.5
herpetology,15.22
herring,10.2
herringbone,12.75
herrings,7.92
hers,4.39
herself,6.9
hertz,12.95
hesitance,11.59
hesitancy,12.12
hesitant,11.22
hesitate,8.3
hesitated,8.15
hesitates,8.15
hesitating,8.15
hesitation,9.6
hesitations,10.3
hessian,13.3
het,12.0
hetero,13.14
heterodoxy,15.5
heterogeneous,13.76
heterosexual,12.22
heterosexuality,13.58
hew,12.69
hewn,12.82
hex,12.42
hexagon,7.95
hexagonal,10.39
hexes,11.63
heyday,10.59
hiatus,14.59
hibachi,14.21
hibernate,8.37
hibernation,7.74
hibiscus,13.88
hiccough,10.2
hiccup,5.35
hiccupped,6.0
hiccupping,6.0
hiccups,6.0
hick,8.94
hickey,11.58
hickeys,11.19
hickory,9.39
hicks,9.46
hid,5.26
hidalgo,14.44
hidden,5.26
hide,4.47
hideaway,8.44
hidebound,11.25
hideous,9.53
hideousness,11.32
hideout,6.86
hides,5.26
hiding,5.26
hie,11.0
hierarch,13.86
hierarchical,12.47
hierarchies,12.38
hierarchy,11.11
hieratic,16.5
hieroglyph,9.53
hieroglyphic,12.0
hieroglyphics,10.53
hierophant,17.75
high,4.58
highball,10.44
highborn,14.38
highboy,14.14
highbrow,13.56
highchair,3.79
higher,4.74
highest,4.74
highfalutin,12.09
highflier,10.62
highhanded,14.27
highjack,11.29
highland,11.2
highlander,10.94
highlife,13.33
highlight,7.61
highlighter,8.24
highness,7.35
highroad,11.59
highs,4.74
highschool,6.22
hightail,11.2
highway,6.5
highwayman,11.72
highways,8.66
hijack,10.76
hijacked,11.29
hijacker,11.85
hijacks,11.29
hike,9.4
hiked,7.96
hiker,8.5
hikes,7.96
hiking,7.96
hilarious,8.63
hilarity,12.53
hill,3.47
hills,5.26
hillside,6.16
hilltop,7.95
hilly,6.0
hilt,14.4
hilts,11.93
him,3.43
himself,5.21
hind,9.21
hinder,11.1
hindered,8.33
hindering,8.33
hinders,8.33
hindmost,11.22
hindrance,12.6
hindsight,12.24
hinge,7.95
hinged,9.23
hinges,9.23
hinging,9.23
hint,5.95
hinted,8.29
hinterland,15.08
hinting,8.29
hints,8.29
hip,6.17
hipbone,7.68
hipness,11.75
hipped,11.93
hipper,5.79
hippest,5.79
hippie,10.78
hippies,10.32
hippo,5.79
hippocampus,16.31
hippopotami,6.5
hippopotamus,7.0
hippopotamuses,6.5
hippos,4.91
hippy,10.32
hips,5.79
hipster,14.42
hire,9.0
hired,8.77
hireling,12.87
hires,8.77
hiring,8.77
hirsute,17.6
his,3.69
hiss,6.33
hissed,6.01
hisser,10.17
hisses,6.01
hissing,6.01
hissy,8.6
histamine,16.16
histological,13.33
histology,15.17
historian,11.58
historic,8.47
historical,10.0
histories,7.39
historiography,15.59
history,6.42
histrionic,14.86
histrionics,14.89
hit,4.75
hitch,9.39
hitcher,10.56
hitches,9.46
hitchhike,9.53
hitchhiker,7.68
hitching,9.46
hither,13.07
hits,4.5
hitter,7.39
hitting,4.5
hive,6.89
hives,6.45
hoard,10.61
hoarded,10.95
hoarding,10.95
hoards,10.95
hoarse,7.95
hoarseness,10.17
hoary,15.33
hoax,11.47
hoaxed,10.68
hoaxer,12.25
hoaxes,10.68
hob,14.0
hobbies,7.24
hobbit,11.67
hobble,9.12
hobbled,9.09
hobbles,9.09
hobbling,9.09
hobby,7.44
hobbyhorse,8.35
hobbyist,10.47
hobgoblin,10.35
hobnob,13.67
hobo,8.22
hoboes,8.04
hobos,8.04
hock,11.87
hocked,12.15
hockey,5.44
hocking,12.15
hocks,12.15
hockshop,14.33
hod,16.0
hodgepodge,12.53
hoe,8.72
hoedown,9.61
hoeing,8.8
hoes,8.8
hog,5.7
hogfish,11.75
hogged,5.54
hogging,5.54
hoggish,12.5
hogs,5.54
hogshead,9.69
hogtie,10.47
hogwash,9.29
hoist,11.32
hoisted,10.68
hoister,12.6
hoisting,10.68
hoists,10.68
hokey,8.95
hokier,9.94
hokum,15.14
hold,4.67
holder,6.85
holding,5.47
holdout,9.94
holdover,12.33
holds,5.47
holdup,8.35
hole,5.05
holed,4.37
holes,4.37
holey,8.53
holiday,5.19
holidayed,5.51
holidays,5.01
holier,6.2
holies,6.2
holiest,6.2
holiness,7.88
holing,4.37
holistic,15.25
hollandaise,12.61
holler,8.11
hollered,8.12
hollering,8.12
hollers,8.12
hollo,15.0
hollow,7.44
hollowed,7.35
hollowness,8.63
hollows,7.35
holly,7.32
hollyhock,12.08
holmium,15.33
hologram,10.84
holograph,12.11
holographic,12.0
holster,10.32
holstered,9.49
holsters,9.49
holy,5.55
homage,13.72
hombre,12.33
hombres,13.47
homburg,13.25
home,3.87
homebody,11.32
homebound,11.22
homeboy,12.94
homebrew,12.12
homebuilding,8.72
homecoming,11.57
homed,4.31
homegrown,10.21
homeland,9.35
homeless,7.45
homelessness,8.89
homeliest,9.67
homelike,9.4
homely,11.32
homemade,6.59
homemaker,8.58
homemaking,11.16
homeostasis,16.87
homeowner,9.4
homepage,14.26
homeroom,8.33
homes,4.31
homesick,8.83
homesickness,9.21
homespun,14.29
homestead,12.78
homesteader,11.44
homestretch,9.84
hometown,7.22
homeward,7.37
homework,5.89
homey,11.65
homicidal,12.61
homicide,12.94
homing,11.75
hominid,15.1
hominoid,12.2
hominy,12.43
homo,11.78
homoerotic,16.4
homogeneous,14.88
homogenous,13.42
homologous,14.14
homonym,9.56
homophobia,15.67
homophobic,14.7
homophonic,13.44
homosexual,12.37
homosexuality,12.55
homunculus,13.33
honcho,11.69
hone,12.72
honed,11.21
hones,11.21
honest,5.46
honesty,5.0
honey,5.44
honeybee,6.22
honeybunch,9.74
honeycomb,7.11
honeydew,7.56
honeymoon,8.6
honeys,5.82
honeysuckle,8.26
honing,11.21
honk,5.39
honked,5.4
honker,9.78
honking,5.4
honks,5.4
honky,10.0
honor,7.89
honorable,8.95
honorarium,14.93
honorary,10.18
honored,8.53
honoree,11.63
honorific,14.29
honoring,8.53
honors,8.53
hooch,13.06
hood,5.5
hooded,8.28
hoodlum,10.33
hoodlumism,12.69
hoodlums,11.09
hoodoo,11.82
hoods,5.92
hoodwink,12.67
hooey,10.17
hoof,6.9
hoofer,12.07
hoofing,6.2
hoofs,6.2
hook,6.26
hookah,15.13
hooked,6.33
hooker,11.82
hooking,6.33
hooks,6.33
hookup,13.61
hookworm,10.89
hooky,10.93
hooligan,11.75
hoop,6.11
hoopla,11.62
hoopoe,16.5
hoops,6.06
hoopskirt,10.89
hooray,5.94
hoosegow,14.11
hoot,7.78
hooted,7.18
hootenanny,13.0
hooter,13.12
hooting,7.18
hoots,7.18
hoover,9.16
hooves,6.2
hop,4.84
hope,4.89
hoped,6.53
hopeful,6.84
hopefulness,9.67
hopefuls,8.22
hopeless,8.2
hopelessness,9.67
hoper,10.57
hopes,6.53
hophead,14.0
hoping,6.53
hopped,5.88
hopping,5.88
hops,5.88
hopscotch,5.8
horde,10.58
hordes,11.55
horehound,12.0
horizon,8.3
horizontal,8.15
hormonal,12.47
hormone,12.0
hormones,11.49
horn,4.84
hornbook,13.75
horned,9.32
hornet,7.28
hornets,7.19
horniness,13.24
hornless,9.18
hornpipe,13.27
horns,6.24
horny,12.94
horologist,15.0
horology,17.67
horoscope,10.37
horrendous,9.94
horrible,5.81
horribleness,8.35
horrid,8.5
horrific,9.8
horrify,8.25
horrifying,7.58
horror,7.58
horrors,7.45
horse,4.15
horseback,7.0
horsed,4.19
horseflesh,12.0
horsehair,6.06
horsehide,11.32
horselaugh,11.25
horseless,10.24
horseman,9.0
horsemanship,13.06
horseplay,6.05
horseplayer,10.84
horsepower,8.83
horseradish,9.94
horses,4.19
horseshit,9.79
horseshoe,5.85
horsewhip,10.0
horsewoman,9.53
horsey,5.71
horsing,4.19
horticultural,12.32
horticulturalist,15.36
horticulture,14.12
horticulturist,15.07
hose,5.33
hosed,6.35
hoses,6.35
hosiery,11.06
hosing,6.35
hospice,14.45
hospitable,12.56
hospitableness,12.71
hospital,5.55
hospitality,8.78
hospitalization,9.53
hospitalize,7.83
hospitals,6.45
host,8.05
hostage,9.89
hostages,9.31
hosted,9.59
hostel,15.58
hostelry,13.0
hostels,10.9
hostess,8.47
hostesses,9.34
hostile,9.9
hostility,11.47
hosting,9.59
hostler,13.73
hosts,9.59
hot,3.37
hotbed,10.75
hotbox,12.06
hotcake,6.77
hotchpotch,14.44
hotdog,4.55
hotel,6.05
hotelier,14.07
hotelkeeper,11.35
hotels,6.24
hothead,11.5
hotline,10.75
hotness,9.42
hotplate,12.21
hotpot,8.5
hotshot,9.76
hotspot,12.94
hotter,3.73
hottest,3.73
hound,5.74
hounded,7.98
hounding,7.98
hounds,7.98
hour,5.85
hourglass,8.58
hourly,9.45
hours,5.13
house,3.16
houseboat,10.63
housebound,11.11
houseboy,12.18
housebreak,9.79
housebroken,8.68
housecleaner,8.0
housecoat,9.1
housed,3.94
housedress,9.33
houseful,8.83
houseguest,7.32
household,7.56
households,8.24
househusband,13.38
housekeeper,7.61
housekeeping,7.5
housel,14.8
houseless,9.65
housemaid,9.0
housemaster,11.86
housemate,8.62
housemother,9.88
houseplant,7.47
houses,3.94
housesit,9.22
housetop,6.83
housetops,7.76
housewarming,11.79
housewife,8.28
housewifery,13.71
housewives,8.15
housework,7.0
housing,8.72
hove,10.57
hovel,12.29
hover,8.58
hovercraft,9.28
hovered,8.51
hovering,8.51
hovers,8.51
how,5.36
howdah,17.0
however,7.14
howitzer,14.92
howl,5.55
howled,5.96
howler,9.5
howlers,9.45
howls,5.96
howsoever,11.82
hoyden,16.67
huarache,17.2
hub,10.11
hubbub,11.89
hubby,9.72
hubcap,8.39
hubris,13.73
hubs,11.7
huckleberry,10.44
huckster,12.54
huddle,9.4
huddled,8.28
huddling,8.28
hue,10.12
hues,10.7
huff,9.28
huffed,7.41
huffing,7.41
huffs,7.41
huffy,8.0
hug,2.58
huge,4.9
hugeness,9.2
huger,5.97
hugest,5.97
huggable,6.89
hugged,4.71
hugger,7.78
hugging,4.71
hugs,4.71
hula,7.72
hulas,8.45
hulk,9.06
hulking,11.17
hulks,8.68
hull,9.59
hullabaloo,10.0
hulls,11.28
hum,5.8
human,4.83
humane,9.37
humaneness,13.12
humanism,14.0
humanist,14.89
humanistic,15.67
humanitarian,12.56
humanitarianism,13.62
humanities,12.0
humanity,9.28
humanization,13.78
humanize,12.06
humanizing,14.15
humankind,7.81
humanness,9.87
humanoid,13.1
humans,7.39
humble,8.89
humbled,9.4
humbleness,9.21
humbles,9.4
humblest,9.4
humbling,9.79
humbug,8.29
humbugs,9.4
humdinger,12.06
humdrum,12.58
humerus,13.47
humid,8.56
humidification,12.41
humidifier,9.28
humidity,9.8
humidor,12.42
humiliate,8.89
humiliating,9.89
humiliation,8.21
humility,10.21
hummable,11.07
hummed,6.47
hummer,11.56
humming,6.47
hummingbird,6.95
hummus,14.84
humongous,8.89
humor,7.17
humored,7.34
humoresque,14.69
humoring,7.34
humorist,13.85
humorless,11.15
humorous,8.56
humors,7.34
hump,6.11
humpback,8.24
humpbacked,8.21
humped,7.39
humph,8.15
humping,7.39
humps,7.39
humpy,10.23
hums,6.47
humungous,8.44
hunch,8.68
hunchback,8.63
hunched,9.17
hunches,9.17
hunching,9.17
hundred,5.47
hundreds,5.87
hundredweight,13.2
hung,6.25
hunger,6.06
hungered,5.62
hungers,5.62
hungrier,4.03
hungry,3.63
hunk,8.33
hunker,10.64
hunks,9.03
hunky,9.74
hunt,6.06
hunted,6.7
hunter,6.53
hunters,6.88
hunting,7.26
huntress,12.06
hunts,6.7
huntsman,10.76
hurdle,8.75
hurdled,9.34
hurdler,9.22
hurdles,9.34
hurdling,9.34
hurl,8.06
hurled,8.15
hurling,8.15
hurls,8.15
hurrah,9.46
hurrahs,9.13
hurray,5.25
hurricane,7.35
hurried,5.54
hurries,5.54
hurry,4.44
hurrying,5.54
hurt,4.0
hurtful,7.75
hurting,4.8
hurtle,10.84
hurts,4.8
husband,5.53
husbandry,13.0
husbands,6.02
hush,4.44
hushed,7.21
husk,8.63
husks,10.25
husky,10.21
hussar,14.75
hussies,12.75
hussy,12.0
hustings,14.67
hustle,9.72
hustled,10.04
hustler,12.74
hustles,10.04
hustling,10.04
hut,8.1
hutch,10.57
hutches,10.39
huts,6.2
huzza,11.75
hyacinth,14.56
hyaline,13.7
hybrid,14.3
hybridization,14.88
hybrids,11.49
hydrangea,13.2
hydrant,6.89
hydrants,8.96
hydrate,10.22
hydration,12.72
hydraulic,12.95
hydraulics,14.06
hydrazine,16.4
hydro,10.56
hydrocarbon,14.67
hydrocephalic,16.91
hydrocephalus,15.78
hydrochloric,14.26
hydrochloride,13.95
hydrochlorothiazide,17.67
hydrocortisone,14.33
hydrocyanic,17.5
hydrodynamic,14.88
hydrodynamics,16.36
hydroelectric,14.78
hydrofluoric,14.47
hydrofoil,14.92
hydrogen,11.0
hydrogenated,14.6
hydrogenation,14.69
hydrographic,11.11
hydrology,14.87
hydrolytic,16.43
hydrometeor,16.4
hydrometer,14.55
hydrophobia,14.12
hydrophone,15.08
hydroplane,12.8
hydroponic,15.18
hydroponics,16.93
hydrosulfide,15.38
hydrotherapy,14.06
hydrothermal,14.0
hydrous,13.25
hydroxide,12.12
hydrozoa,12.75
hyena,6.61
hyenas,9.7
hygiene,9.0
hygienic,11.45
hygienist,9.84
hymen,13.81
hymenoptera,15.25
hymn,7.5
hymnal,8.31
hymnody,17.5
hymns,5.64
hyoid,11.0
hype,11.0
hyped,11.19
hyper,8.05
hyperacidity,14.47
hyperactive,12.44
hyperactivity,11.16
hyperbaric,15.73
hyperbole,12.94
hyperbolic,15.19
hyperborean,15.33
hypercholesterolemia,17.0
hypercritical,13.82
hyperemia,14.5
hyperemic,14.33
hyperglycemic,16.65
hyperinflation,17.43
hyperkinetic,13.62
hyperparathyroidism,19.11
hyperplasia,17.09
hypersensitive,13.6
hypersensitivity,13.89
hypersexual,17.53
hypersonic,13.57
hyperspace,15.2
hypertension,16.28
hypertensive,17.17
hyperthermia,10.94
hyperthyroid,18.12
hypertonic,14.91
hypertrophic,15.92
hypertrophied,17.67
hypertrophy,15.0
hypervelocity,14.69
hyperventilate,11.56
hyperventilation,10.79
hypes,11.19
hyphen,8.53
hyphenate,11.33
hyphenated,9.94
hyphenation,10.0
hypnosis,9.44
hypnotherapist,13.37
hypnotherapy,13.47
hypnotic,11.7
hypnotism,10.32
hypnotist,10.3
hypnotize,9.89
hypo,11.13
hypoallergenic,13.37
hypochlorite,13.5
hypochondria,13.29
hypochondriac,12.22
hypocrisy,14.0
hypocrite,11.65
hypocritical,10.63
hypodermic,13.06
hypodermis,14.53
hypoglycemia,15.67
hypoglycemic,15.53
hypomania,16.2
hyposulfite,15.71
hypotension,14.41
hypotenuse,12.36
hypothalamic,14.0
hypothalamus,13.31
hypothermia,12.8
hypothermic,12.79
hypotheses,12.58
hypothesis,11.89
hypothesize,12.21
hypothetical,13.24
hypothyroidism,15.43
hypoxia,16.5
hypoxic,16.6
hyrax,13.67
hyssop,15.79
hysterectomy,14.44
hysteria,12.06
hysteric,10.67
hysterical,10.94
i,2.79
iamb,13.64
iambic,14.67
iatrogenic,16.25
ibex,11.71
ibis,13.71
ibuprofen,11.26
ice,3.86
iceberg,8.21
iceboat,13.31
icebound,10.95
icebox,7.11
icebreaker,9.72
icecap,10.17
icecream,3.33
iced,7.44
icefall,9.73
icehouse,12.0
icepack,6.89
icepick,9.0
ices,4.83
iceskate,7.97
ichthyologist,16.11
ichthyology,14.6
icicle,5.78
icing,5.53
icky,4.42
icon,10.11
iconic,12.22
iconoclast,15.75
iconoclastic,16.1
iconographic,14.57
iconography,12.79
iconoscope,16.67
icons,9.4
icy,5.83
id,12.41
idea,5.95
ideal,9.5
idealism,12.53
idealist,14.0
idealistic,11.89
idealization,13.29
idealize,11.61
ideals,9.13
ideas,6.37
ideation,15.15
identical,8.72
identifiable,10.28
identification,8.68
identifications,10.39
identifier,12.37
identify,8.0
identity,9.45
ideogram,13.0
ideological,13.67
ideology,12.67
ides,14.27
idiocy,11.0
idiom,14.06
idiomatic,14.69
idiopathic,17.85
idiosyncrasy,14.07
idiosyncratic,15.28
idiot,6.5
idiotic,8.79
idiots,6.66
idle,8.9
idleness,11.53
idler,10.3
idles,10.3
idlest,10.3
idling,10.3
idol,8.37
idolater,10.14
idolatry,11.67
idolize,10.75
idols,10.73
idyll,12.4
idyllic,13.23
if,5.36
iffy,7.84
ifs,4.58
igloo,5.42
igneous,12.43
ignite,9.82
ignited,10.13
igniter,12.53
ignites,10.13
igniting,10.13
ignition,12.21
ignoble,15.12
ignominious,15.17
ignominy,13.25
ignorable,10.44
ignoramus,11.75
ignorance,10.21
ignorant,9.5
ignore,6.74
ignored,7.92
ignorer,10.11
ignores,7.92
ignoring,7.92
iguana,7.61
iguanas,11.66
ileum,15.89
iliac,13.21
ilk,12.56
ill,5.6
illegal,9.21
illegality,10.94
illegibility,12.44
illegible,10.42
illegitimacy,12.94
illegitimate,9.95
illicit,12.0
illicitness,12.75
illimitable,13.55
illiteracy,11.32
illiterate,11.86
illness,7.0
illnesses,5.84
illogic,10.88
illogical,11.0
ills,5.07
illume,14.67
illuminate,9.2
illuminati,16.19
illuminating,11.42
illumination,10.5
illusion,9.24
illusionary,13.87
illusionist,10.21
illusions,10.66
illusive,14.33
illusory,13.35
illustrate,8.32
illustration,7.95
illustrative,9.75
illustrator,8.41
illustrious,12.05
image,8.5
imaged,6.26
imager,12.17
imagery,10.28
images,6.26
imaginable,9.83
imaginal,11.89
imaginary,6.47
imagination,6.28
imaginations,8.13
imaginative,8.74
imagine,6.06
imagined,6.84
imagines,6.84
imaging,10.06
imagining,6.84
imagism,15.29
imam,15.8
imbalance,9.94
imbecile,11.17
imbecilic,13.21
imbecility,13.93
imbibe,15.08
imbroglio,15.29
imbue,14.83
imitable,12.44
imitate,9.2
imitation,9.0
imitative,12.61
imitator,10.74
imitators,9.92
immaculate,9.72
immaterial,11.83
immature,9.06
immaturity,10.17
immeasurable,12.63
immediacy,12.21
immediate,8.76
immediately,6.77
immemorial,13.92
immense,11.24
immensity,11.84
immerse,9.68
immersion,11.28
immigrant,9.78
immigrate,9.7
immigration,12.63
imminence,12.21
imminent,13.37
immiscible,13.0
immitigable,15.8
immobile,10.05
immobility,12.24
immobilization,12.59
immobilize,12.5
immobilizer,12.37
immoderate,14.61
immodest,13.68
immodesty,11.22
immolate,14.55
immolation,15.5
immoral,11.11
immorality,11.0
immortal,10.47
immortality,12.56
immortalize,10.61
immovability,12.72
immovable,9.33
immune,12.32
immunities,11.55
immunity,12.26
immunization,11.11
immunize,10.53
immunoassay,17.75
immunologist,15.94
immunosuppressant,16.29
immunosuppressive,13.77
immunotherapy,15.62
immutability,14.5
immutable,15.19
imp,11.47
impact,9.95
impactful,11.47
impacting,9.9
impaction,12.18
impacts,9.9
impair,11.67
impaired,11.07
impairing,11.07
impairment,11.63
impairs,11.07
impala,11.75
impale,13.32
impalement,12.22
impart,11.67
imparted,10.99
impartial,11.16
impartiality,12.83
imparting,10.99
imparts,10.99
impassable,10.68
impasse,14.92
impassion,13.22
impassioned,13.47
impassive,12.05
impasto,15.25
impatience,7.89
impatiens,14.83
impatient,7.39
impeach,12.06
impeachable,12.47
impeachment,11.82
impeccable,11.37
impecunious,16.08
impede,13.26
impeded,12.75
impeder,14.82
impedes,12.75
impediment,13.47
impedimenta,16.57
impediments,12.11
impeding,12.75
impel,14.44
impelled,11.38
impeller,13.45
impels,11.38
impending,12.47
impenetrable,11.11
impenitent,14.56
imperative,13.24
imperativeness,12.67
imperceptibility,12.93
imperceptible,12.53
imperfect,10.45
imperfection,9.83
imperfections,10.45
imperial,14.28
imperialism,12.68
imperialist,12.61
imperialistic,13.41
imperil,11.77
imperious,13.36
imperishable,12.56
impermanence,13.93
impermeable,12.53
impersonal,10.84
impersonate,10.11
impersonation,10.95
impersonations,10.28
impersonator,10.15
impertinence,14.0
impertinent,13.69
impervious,13.44
impetigo,14.71
impetuosity,15.07
impetuous,15.18
impetuousness,14.41
impetus,13.57
impetuses,12.58
impinge,14.27
impious,11.85
impish,11.94
implacability,15.06
implacable,13.31
implant,13.0
implantable,12.68
implantation,11.95
implanted,10.9
implanting,10.9
implants,10.9
implausible,14.06
implement,12.11
implementation,13.38
implementer,12.82
implicate,11.68
implication,12.22
implications,11.61
implicit,14.58
implied,11.09
implies,11.09
implode,13.83
imploded,12.4
implodes,12.4
imploding,12.4
implore,12.44
implored,10.68
imploring,10.68
implosion,12.85
implosive,12.5
imply,10.78
implying,11.09
impolite,7.26
impoliteness,9.06
import,10.37
importance,6.8
important,5.79
importation,12.19
importer,11.39
importing,9.62
imports,9.62
importunate,15.86
importune,11.54
importunity,15.67
impose,12.26
imposed,10.87
imposes,10.87
imposition,12.15
impossibility,9.5
impossible,7.32
impostor,10.37
impotence,16.61
impotency,14.0
impotent,14.84
impound,12.53
impounded,11.59
impounding,11.59
impounds,11.59
impoverish,12.56
impoverished,13.26
impoverishment,13.32
impracticable,12.39
impractical,11.44
impracticality,12.89
imprecise,12.18
imprecision,14.06
impregnability,14.5
impregnable,13.89
impregnate,12.95
impregnation,13.11
impresario,14.78
impress,10.17
impressed,9.22
impresses,9.22
impressing,9.22
impression,9.33
impressionable,9.74
impressionism,14.22
impressionist,12.65
impressionistic,12.5
impressions,9.6
impressive,9.48
imprimatur,15.29
imprint,11.35
imprinted,10.66
imprints,10.66
imprison,9.84
imprisonment,10.06
improbability,12.67
improbable,12.32
improbity,13.2
impromptu,13.61
improper,9.42
impropriety,13.21
improve,7.47
improved,7.86
improvement,8.05
improvements,8.77
improves,7.86
improvident,15.91
improving,7.86
improvisation,13.25
improvisational,13.06
improvise,9.68
improviser,11.11
imprudence,13.17
imprudent,12.88
imps,12.39
impudence,15.56
impudent,14.82
impugn,15.3
impulse,9.0
impulses,10.17
impulsion,13.82
impulsive,10.39
impulsiveness,13.5
impulsivity,13.21
impunity,12.71
impure,11.53
impurity,10.28
imputation,15.57
impute,15.47
in,3.69
inability,10.67
inacceptable,10.39
inaccessibility,9.89
inaccessible,10.94
inaccuracy,10.84
inaccurate,10.41
inaction,10.72
inactions,11.55
inactive,9.33
inactivity,10.45
inadequacy,12.68
inadequate,11.95
inadmissible,13.74
inadvertence,13.53
inadvertency,15.23
inadvertent,13.21
inadvisable,14.16
inalienability,14.25
inalienable,10.31
inamorata,16.12
inane,16.53
inanimate,12.16
inanition,14.0
inanity,15.0
inapplicable,11.89
inappropriate,10.16
inappropriateness,10.0
inarguable,12.44
inarticulate,13.87
inartistic,11.94
inattention,10.65
inattentive,11.9
inaudible,12.84
inaugural,11.85
inaugurate,11.71
inauguration,11.22
inauspicious,16.25
inauthentic,12.37
inboard,10.44
inborn,13.0
inbound,11.26
inbox,12.84
inbred,12.68
inbreeding,13.5
incalculable,14.5
incandescence,12.22
incandescent,15.44
incantation,12.11
incantations,12.81
incapability,12.39
incapable,11.5
incapacitate,13.29
incapacitation,15.06
incapacity,13.05
incarcerate,11.94
incarceration,13.28
incarnadine,16.88
incarnate,12.72
incarnation,11.95
incase,10.44
incautious,14.44
incendiary,12.14
incense,10.45
incensed,11.09
incenses,11.09
incentive,12.55
incept,12.92
inception,14.11
incertitude,18.33
incessant,12.71
incest,12.26
incestuous,13.44
inch,5.11
inched,5.69
inches,5.69
inching,5.69
inchoate,16.9
inchworm,6.63
incidence,12.17
incident,10.1
incidental,9.06
incidentally,10.47
incidents,9.07
incinerate,11.37
incineration,12.06
incinerator,12.19
incipient,13.87
incise,13.77
incised,11.44
incision,11.72
incisive,13.5
incisor,10.7
incite,13.12
incitement,14.57
inclemency,14.86
inclement,12.79
inclination,11.88
incline,10.9
inclined,10.63
inclines,9.87
include,6.47
included,7.88
includes,7.88
inclusion,12.18
inclusive,11.89
inclusiveness,13.72
incognita,13.89
incognizant,14.73
incoherent,13.84
income,9.67
incomes,9.98
incoming,9.0
incommunicability,13.47
incommunicative,12.21
incomparable,12.55
incompatibility,12.16
incompatible,11.42
incompetence,11.74
incompetency,12.11
incompetent,11.42
incomplete,7.95
incompleteness,12.85
incomprehensible,11.42
incomprehension,13.44
inconceivability,12.94
inconceivable,11.05
inconclusive,12.32
incongruity,13.56
incongruous,14.15
inconsequence,14.75
inconsequential,13.8
inconsequentiality,15.11
inconsiderable,10.78
inconsiderate,9.72
inconsideration,10.05
inconsistency,11.94
inconsistent,10.7
inconsolable,10.65
inconspicuous,12.67
inconstant,10.59
incontestable,15.06
incontinence,14.41
incontinent,14.18
incontrovertible,13.25
inconvenience,9.37
inconvenient,9.58
inconvertible,12.32
incorporate,13.67
incorporation,13.11
incorporeal,15.38
incorrect,6.65
incorrigibility,13.29
incorrigible,12.57
incorrupt,13.18
incorruptibility,13.58
incorruptible,12.9
incorruption,14.0
increase,7.42
increases,7.47
incredibility,11.06
incredible,8.8
incredulity,12.94
incredulous,13.12
increment,10.67
incremental,11.5
incriminate,11.82
incriminating,11.68
incubate,11.35
incubation,11.17
incubator,10.0
incubus,13.94
inculcation,16.89
inculpable,15.73
inculpate,17.5
incumbent,14.33
incunabulum,15.0
incur,13.75
incurable,10.11
incurred,12.96
incurring,12.96
incurs,12.96
incursion,15.43
incursions,12.96
indebted,12.67
indebtedness,12.4
indecency,12.15
indecent,12.06
indecipherable,12.89
indecision,10.72
indecisive,11.67
indecisiveness,10.33
indeclinable,12.38
indecorous,16.0
indeed,7.74
indefatigable,15.4
indefeasible,15.0
indefensible,11.67
indefinable,11.88
indefinite,11.16
indelible,12.07
indelicacy,12.67
indelicate,11.94
indemnification,15.67
indemnify,15.94
indemnity,17.38
indent,10.26
indentation,10.33
indention,11.81
indenture,12.79
indentured,12.67
independence,8.53
independent,9.28
independents,10.16
indescribable,11.72
indestructibility,12.55
indestructible,10.16
indeterminacy,13.83
indeterminate,13.11
index,7.89
indexer,12.0
indexes,9.24
indicate,9.74
indication,12.0
indications,9.51
indicative,12.05
indicator,10.33
indices,9.24
indicia,17.0
indict,11.82
indictable,12.81
indicted,12.85
indicting,12.85
indictment,15.2
indicts,12.85
indie,14.88
indifference,9.22
indifferent,10.47
indigenous,13.41
indigent,13.82
indigestible,11.94
indigestion,10.11
indignant,12.28
indignation,13.18
indignity,13.79
indigo,8.89
indirect,11.26
indirection,13.75
indiscipline,12.5
indiscreet,14.39
indiscretion,14.53
indiscretions,12.34
indiscriminate,13.74
indiscrimination,12.76
indispensable,11.22
indisposed,12.0
indisposition,14.0
indisputable,12.47
indissoluble,13.14
indistinct,13.21
indistinguishable,12.21
individual,7.7
individualism,12.74
individualist,12.4
individualistic,11.5
individuality,9.94
individualize,10.83
individuals,9.0
indivisible,9.33
indoctrinate,15.31
indoctrination,15.67
indolence,12.81
indolent,11.36
indomitable,14.33
indoor,5.05
indoors,4.64
indorse,11.9
indubitable,15.27
induce,12.05
induced,10.7
inducement,14.27
inducer,12.24
induces,10.7
inducing,10.7
induct,11.72
inductee,12.42
induction,13.37
inductive,14.82
inductor,12.24
indulge,11.44
indulged,10.7
indulgence,10.74
indulgent,11.84
indulges,10.7
indulging,10.7
industrial,10.22
industrialist,12.58
industrialization,11.45
industries,9.71
industrious,11.55
industriousness,13.33
industry,10.44
inebriate,12.6
inebriated,14.58
inebriation,13.73
inebriety,14.6
inedible,11.2
ineffable,11.5
ineffaceable,14.89
ineffective,10.68
ineffectiveness,10.82
ineffectual,14.59
inefficiency,11.79
inefficient,10.78
inelegant,12.44
ineligible,11.94
ineluctable,17.25
inept,14.29
ineptitude,13.72
ineptness,13.76
inequality,9.68
inequitable,15.21
inequity,14.72
inert,13.1
inertia,12.84
inertial,16.09
inertness,14.39
inescapable,9.76
inessential,12.39
inestimable,14.07
inevitability,12.38
inevitable,11.6
inexact,12.0
inexactitude,15.45
inexcusable,7.71
inexhaustible,11.63
inexistence,12.8
inexorable,14.27
inexpensive,8.05
inexpensiveness,10.17
inexperience,11.16
inexperienced,11.26
inexpert,12.07
inexpiable,15.17
inexplicable,12.82
inexpressible,12.63
inexpressive,10.55
infallibility,13.0
infallible,11.56
infamous,11.0
infamy,10.56
infancy,9.29
infant,6.42
infanticide,16.27
infantile,13.0
infantilism,15.12
infantilize,14.65
infantry,12.26
infantryman,10.44
infants,7.56
infarct,14.58
infarction,13.0
infatuate,11.43
infatuated,12.52
infatuates,11.93
infatuation,12.6
infect,9.15
infected,8.11
infecting,8.11
infection,8.05
infections,8.0
infectious,11.21
infector,12.59
infects,8.11
infelicitous,15.57
infer,12.71
inference,13.32
inferior,10.57
inferiority,12.0
infernal,12.41
inferno,10.53
infernos,10.34
inferred,11.61
inferring,11.61
infers,11.61
infertile,14.32
infertility,13.39
infest,9.58
infestation,11.83
infidel,11.56
infidelity,13.89
infield,8.11
infielder,8.94
infighting,12.53
infiltrate,12.0
infiltration,13.06
infiltrator,11.86
infinite,9.6
infinitesimal,14.23
infinities,11.28
infinitive,13.28
infinity,8.83
infirm,13.12
infirmary,12.83
infirmity,13.0
inflame,11.56
inflames,11.04
inflammable,10.05
inflammation,11.0
inflammatory,13.33
inflatable,9.0
inflate,8.37
inflated,9.5
inflation,11.82
inflationary,16.06
inflect,10.75
inflection,10.33
inflexibility,10.94
inflexible,11.79
inflict,10.74
inflicted,10.13
inflicting,10.13
infliction,12.0
inflictor,12.06
inflicts,10.13
inflow,11.6
influence,10.32
influenced,10.66
influences,10.66
influencing,10.66
influential,11.05
influenza,10.37
influx,14.69
info,9.37
infomercial,9.76
inform,8.79
informal,10.32
informality,12.05
informant,12.32
information,7.19
informational,9.17
informative,10.16
informed,8.5
informer,11.67
informing,8.5
informs,8.5
infotainment,19.0
infraction,13.53
infrared,13.11
infrastructure,13.41
infrequent,9.32
infringe,14.56
infringement,13.28
infuriate,10.5
infuriating,10.58
infuse,14.37
infuser,15.07
infusion,12.12
ingathering,13.08
ingenious,10.32
ingenuity,11.79
ingenuous,13.35
ingest,12.21
ingestion,13.84
ingle,14.4
inglenook,16.14
inglorious,14.67
ingot,13.43
ingrain,11.18
ingrate,12.12
ingrates,12.22
ingratiate,13.73
ingratiating,12.93
ingratitude,12.21
ingredient,7.85
ingredients,6.69
ingress,12.27
ingrown,10.24
inguinal,14.4
ingurgitate,17.0
inhabit,12.22
inhabitable,11.0
inhabitant,9.6
inhabitants,9.28
inhalation,11.76
inhalator,14.06
inhale,7.26
inhaled,8.53
inhaler,10.26
inhales,8.53
inhaling,8.53
inharmonious,13.2
inhere,14.7
inherent,12.32
inherit,9.05
inheritability,13.55
inheritable,12.24
inheritance,12.05
inheritor,11.16
inhibit,11.11
inhibition,12.78
inhibitions,12.07
inhibitor,13.19
inhospitable,11.45
inhuman,11.37
inhumane,11.26
inhumanity,13.17
inhumanly,11.47
inimical,12.0
inimitable,13.5
iniquitous,13.0
iniquity,12.8
initial,8.29
initialize,11.74
initially,9.61
initiate,10.17
initiation,9.88
initiations,11.7
initiative,10.12
inject,10.17
injected,9.49
injecting,9.49
injection,10.68
injector,11.53
injects,9.49
injudicious,15.24
injunction,12.5
injunctive,15.19
injure,7.53
injured,7.05
injures,7.05
injuring,7.05
injurious,13.79
injury,7.56
injustice,10.89
ink,5.16
inkblot,9.26
inker,14.0
inkless,11.89
inkling,12.89
inkpad,8.0
inks,6.26
inkstand,10.85
inkwell,11.76
inky,9.29
inlaid,13.69
inlay,13.39
inlays,11.79
inlet,9.76
inmate,8.9
inmates,11.39
inmost,12.8
inn,7.52
innards,9.89
innate,13.58
inner,7.94
innermost,12.22
innerspring,14.07
inning,7.12
innkeeper,8.37
innocence,9.39
innocent,5.95
innocuous,14.0
innovate,11.28
innovating,12.78
innovation,12.68
innovative,11.17
innovator,10.06
inns,6.92
innuendo,13.56
innumerable,11.82
inoculate,12.54
inoculation,12.67
inoculations,10.45
inoffensive,11.63
inoperable,12.58
inoperative,12.0
inopportune,13.22
inordinate,14.6
inorganic,13.37
inpatient,9.06
input,10.67
inputs,10.88
inputting,10.88
inquest,12.74
inquests,12.64
inquire,10.4
inquired,10.7
inquirer,10.72
inquires,10.7
inquiries,9.54
inquiring,10.7
inquiry,11.37
inquisition,12.5
inquisitive,12.12
inquisitiveness,12.39
inquisitor,12.83
ins,4.15
insalubrious,15.75
insane,7.96
insanitary,10.93
insanity,7.33
insatiable,13.39
inscribe,10.11
inscription,11.53
inscrutable,13.12
inseam,11.05
insect,4.75
insecticide,11.06
insectivore,13.75
insectivorous,13.73
insects,5.77
insecure,12.11
insecurity,9.74
inseminate,15.33
insemination,13.84
insensate,14.5
insensible,13.5
insensitive,9.91
insensitivity,10.95
insentient,15.27
inseparable,10.61
insert,8.2
inserted,8.12
inserting,8.12
insertion,9.58
inserts,8.12
inset,12.37
inside,4.77
insider,11.67
insides,4.86
insidious,14.47
insight,10.95
insightful,8.94
insights,10.73
insignia,11.94
insignificance,10.72
insignificant,11.59
insincere,11.17
insincerity,11.94
insinuate,13.43
insinuation,13.16
insipid,16.93
insist,8.33
insisted,7.78
insistence,11.32
insistent,10.39
insisting,7.78
insists,7.78
insolate,10.44
insole,12.21
insolence,14.11
insolent,13.47
insolubility,13.53
insoluble,12.78
insolvency,14.64
insolvent,14.32
insomnia,13.05
insomniac,11.55
insomuch,13.27
insouciance,15.73
insouciant,14.25
inspect,8.21
inspected,8.71
inspecting,8.71
inspection,8.47
inspector,8.84
inspects,8.71
inspiration,10.67
inspirational,10.26
inspire,8.11
inspirer,11.25
inspirit,14.0
instability,12.55
instable,11.81
install,10.14
installation,10.21
installed,10.73
installing,10.73
installs,10.73
instance,9.57
instances,8.84
instant,7.05
instantaneous,11.89
instantly,7.54
instants,7.86
instate,11.81
instead,6.68
instep,12.0
instigate,12.44
instigated,11.98
instigates,11.98
instigating,11.98
instigation,12.47
instigator,13.06
instinct,10.65
instinctive,11.58
instincts,9.66
instinctual,12.21
institute,10.11
institution,10.05
institutional,11.16
institutionalization,13.44
institutions,10.87
instruct,9.0
instructed,9.31
instructing,9.31
instruction,7.47
instructional,11.3
instructions,7.76
instructive,10.53
instructor,8.19
instructors,8.23
instructs,9.31
instrument,6.94
instrumental,8.94
instrumentation,13.05
instruments,6.93
insubordinate,13.06
insubordination,12.12
insubstantial,13.42
insufferable,11.89
insufficiency,13.17
insufficient,10.22
insular,15.74
insulate,11.0
insulation,10.21
insulator,11.16
insulin,11.32
insult,8.63
insulted,8.37
insulter,11.11
insulting,8.5
insults,8.37
insuperable,13.3
insupportable,12.44
insurable,13.5
insurance,11.4
insurances,10.02
insure,10.59
insured,10.32
insures,10.51
insurgence,14.77
insurgency,15.41
insurgent,13.88
insuring,10.51
insurmountable,13.06
insurrection,12.88
insurrectional,15.4
intact,9.84
intaglio,17.0
intake,12.84
intangibility,13.12
intangible,12.06
integer,10.22
integral,14.33
integrate,11.47
integration,11.21
integrationist,16.67
integrator,13.14
integrities,11.91
integrity,10.72
integument,17.17
intellect,10.68
intellectual,10.9
intellectualism,15.21
intellectuality,11.81
intellectualization,15.94
intellectualize,13.58
intelligence,8.56
intelligences,9.07
intelligent,8.28
intelligentsia,15.77
intelligible,11.0
intemperance,15.79
intemperate,16.46
intend,8.94
intendant,14.0
intended,8.9
intending,8.9
intends,8.9
intense,9.67
intensifier,13.56
intensify,13.0
intensity,11.26
intensive,12.95
intent,9.37
intention,9.42
intentional,8.74
intentionality,11.18
intentioned,12.28
intentions,9.51
intents,10.63
inter,11.73
interact,9.58
interaction,9.42
interactive,10.84
interagency,13.55
interbank,15.0
intercede,12.78
intercellular,13.33
intercept,10.53
interception,9.5
interceptor,11.11
intercession,12.31
interchange,9.94
interchangeability,12.5
interchangeable,10.16
intercity,15.18
intercollegiate,15.14
intercom,8.79
interconnect,11.47
interconnectedness,13.28
interconnecting,12.88
interconnection,12.58
intercontinental,11.94
intercooler,10.85
intercourse,11.72
intercut,13.75
interdepartmental,14.64
interdependent,12.84
interdict,14.75
interdiction,14.71
interdisciplinary,14.69
interest,7.37
interested,8.83
interesting,6.95
interests,7.47
interface,12.85
interfaith,14.87
interfere,10.44
interference,10.28
interferon,18.0
intergalactic,11.1
interim,13.41
interior,9.32
interiors,9.51
interject,11.68
interjection,13.5
interlace,12.61
interleague,13.29
interline,13.86
interlock,11.06
interlocking,8.89
interlocutory,14.64
interloper,14.0
interlude,11.56
intermarry,12.79
intermediary,13.76
intermediate,8.61
interment,14.06
interminable,16.23
intermingle,12.78
intermission,10.89
intermissions,10.28
intermittent,13.0
intermix,11.76
intermountain,13.5
intern,14.0
internal,10.39
internalize,13.88
international,8.67
internationalist,14.8
interne,14.8
internecine,14.83
interned,12.53
internet,12.33
interning,12.53
internist,15.56
internment,12.78
interns,12.53
internship,12.94
internuncio,14.5
interoffice,16.12
interpenetrate,14.0
interpersonal,15.21
interplanetary,10.69
interplay,11.25
interpolation,13.6
interpose,13.7
interposition,12.32
interpret,9.56
interpretation,10.17
interpretational,13.8
interpretative,12.72
interpreted,10.27
interpreter,11.0
interpreting,10.27
interpretive,11.88
interprets,10.27
interracial,12.15
interrelate,14.33
interrelated,13.11
interrelationship,14.82
interrogate,11.44
interrogation,10.67
interrogative,11.65
interrogator,12.32
interrogatory,13.93
interrupt,6.94
interrupter,9.56
interruption,7.95
interruptions,8.77
interruptive,9.0
interscholastic,12.88
intersect,11.28
intersection,10.17
interspecies,13.59
intersperse,14.0
interstate,9.68
interstellar,12.27
interstice,17.4
interstitial,15.0
intertwine,11.0
interval,10.56
intervene,11.72
intervention,13.11
interventionist,16.07
interview,10.53
interviewed,9.75
interviewee,11.79
interviewer,10.11
interviewing,9.75
interviews,9.75
interweave,11.35
intestate,13.09
intestinal,10.72
intestine,9.28
intimacy,12.58
intimate,13.29
intimation,12.59
intimations,11.9
intimidate,11.22
intimidating,10.47
intimidation,9.95
intimidator,11.58
into,6.52
intolerable,12.23
intolerance,11.4
intolerant,11.0
intonation,12.24
intone,12.71
intoxicate,11.33
intoxicating,12.15
intoxication,11.33
intracranial,14.94
intractable,12.43
intrados,18.5
intramural,13.0
intramuscular,13.18
intranet,15.47
intransigence,16.5
intransigent,14.5
intransitive,15.19
intraocular,17.0
intraparty,15.8
intrastate,14.75
intrauterine,16.64
intravascular,14.47
intravenous,15.29
intrepid,11.0
intrepidity,13.71
intricacy,11.9
intricate,11.5
intrigue,10.68
intrigued,10.93
intrigues,11.63
intriguing,10.31
intrinsic,15.54
intro,8.84
introduce,8.21
introduced,8.73
introducer,9.21
introduces,8.73
introducing,8.73
introduction,8.0
introductions,9.51
introductory,9.56
introspect,12.25
introspection,14.22
introspective,13.57
introvert,12.41
intrude,9.44
intruder,10.68
intrusion,10.24
intrusive,13.31
intubate,16.25
intubation,15.12
intuit,12.0
intuition,10.58
intuitive,12.74
inundation,15.27
inure,15.67
inurnment,13.0
invade,9.39
invaded,8.96
invader,11.33
invaders,8.71
invades,8.96
invading,8.96
invalid,10.5
invalidate,12.26
invalidation,14.06
invalidism,13.56
invaluable,11.71
invariable,11.71
invariance,15.94
invasion,9.33
invasive,12.56
invective,12.62
inveigle,12.5
invent,8.16
invented,7.72
inventing,7.72
invention,8.33
inventions,8.09
inventive,9.56
inventiveness,11.82
inventor,8.0
inventory,11.52
invents,7.72
inverse,14.58
inversion,12.89
invert,11.79
invertebrate,10.78
inverted,12.37
inverter,12.94
invest,12.53
invested,11.28
investigate,9.0
investigation,9.89
investigations,9.6
investigative,10.68
investigator,9.32
investing,11.28
investiture,16.23
investment,11.39
investor,10.22
invests,11.28
inveterate,11.93
invigilate,14.69
invigorate,11.56
invigorated,13.21
invigorating,13.06
invincibility,10.5
invincible,10.5
inviolability,13.14
inviolable,16.07
inviolate,13.92
invisibility,8.4
invisible,7.06
invitation,6.38
invitational,10.56
invitations,7.24
invite,6.79
invited,7.22
invitee,11.35
inviter,8.79
invites,7.22
inviting,7.22
invocation,14.07
invoice,14.17
invoices,12.94
invoke,14.11
invoked,11.49
invokes,11.49
invoking,11.49
involuntary,11.95
involve,9.71
involved,8.82
involvement,9.22
involves,8.82
involving,8.82
invulnerable,11.0
inward,7.54
iodide,15.07
iodine,11.18
ion,13.82
ionic,14.19
ionization,15.76
ionosphere,14.53
iota,12.47
ipecac,14.92
irascibility,15.78
irascible,15.78
irate,11.2
ire,12.14
irenic,17.67
iridescent,14.87
iridium,14.41
iris,8.96
irises,10.04
irk,11.33
irked,11.36
irks,11.36
irksome,11.6
iron,7.32
ironbark,15.5
ironbound,12.83
ironclad,11.39
ironed,5.69
ironer,8.67
ironic,11.78
ironical,14.17
ironies,11.87
ironingboard,6.58
ironmonger,15.86
irons,5.69
ironstone,12.82
ironwood,14.1
ironwork,11.12
ironworks,12.23
irony,11.4
irradiate,13.24
irradiation,12.43
irrational,11.28
irrationality,12.05
irreconcilable,14.41
irrecoverable,11.95
irredeemable,12.89
irreducible,12.19
irrefutable,14.65
irregular,9.16
irregularities,11.07
irregularity,12.63
irrelevancy,11.44
irrelevant,11.06
irreligious,14.59
irremovable,12.78
irreparable,12.44
irreplaceable,10.67
irrepressible,12.22
irreproachable,12.44
irresistibility,10.89
irresistible,10.16
irresponsibility,11.32
irresponsible,9.72
irretrievable,12.28
irreverence,13.59
irreverent,12.68
irreversible,11.06
irrevocability,13.67
irrevocable,14.28
irrigate,9.28
irrigation,10.94
irrigations,11.07
irritability,11.72
irritable,8.67
irritant,10.11
irritate,9.47
irritating,8.53
irritation,9.84
irritations,10.02
is,5.53
ischemia,18.0
ischemic,15.7
isinglass,12.5
island,7.41
islander,10.16
islands,5.88
isle,9.65
isles,9.36
isobar,16.58
isolate,10.6
isolation,8.94
isolationism,12.35
isolationist,13.63
isomeric,16.08
isomerism,16.0
isometric,13.32
isometrics,15.12
isopropyl,12.79
isosceles,12.47
isothermal,14.38
isotonic,14.53
isotope,14.47
isotopic,15.87
issuance,12.76
issue,8.6
issued,9.34
issues,9.34
issuing,9.34
isthmian,15.5
isthmus,14.08
it,4.4
italic,9.68
itch,5.05
itched,4.5
itches,4.5
itchiness,5.79
itching,4.5
itchy,5.16
item,5.68
itemize,12.65
itemized,12.1
items,8.09
iterate,13.53
iteration,14.85
itinerant,15.0
itinerary,11.84
itself,6.42
ivory,9.39
jab,8.42
jabbed,8.63
jabber,9.67
jabberwocky,13.69
jabbing,8.63
jabot,16.25
jabs,8.63
jacaranda,14.0
jacinth,12.0
jack,6.96
jackal,12.17
jackals,11.17
jackanapes,13.33
jackass,10.0
jackboot,16.56
jackbooted,14.44
jackdaw,10.83
jacked,8.24
jacket,3.95
jacketed,11.38
jackets,5.07
jackhammer,8.1
jacking,8.24
jackknife,10.06
jackleg,13.5
jackpot,7.39
jackrabbit,7.28
jacks,8.24
jacquard,15.25
jade,10.17
jaded,11.61
jag,12.32
jagged,8.11
jags,10.95
jaguar,7.78
jaguars,9.25
jai,16.25
jail,5.74
jailbait,12.21
jailbird,9.42
jailbreak,8.83
jailed,6.33
jailer,10.2
jailhouse,7.11
jails,6.33
jalapeno,11.33
jalopy,10.21
jam,6.56
jamb,12.92
jambalaya,11.94
jamboree,9.12
jammed,5.66
jammer,11.56
jams,5.66
jangle,8.0
janitor,7.21
janitorial,11.16
janitors,7.62
janitress,13.0
january,5.52
japan,7.33
japanning,8.69
jape,15.7
japery,13.6
jar,5.44
jargon,11.94
jarhead,11.89
jarred,4.99
jars,4.99
jasmine,10.26
jasper,10.69
jaspers,10.8
jaundice,13.05
jaundiced,13.69
jaunt,14.94
jaunts,12.5
jaunty,10.94
java,12.63
javelin,9.44
jaw,5.33
jawbone,8.53
jawbreaker,6.89
jawed,7.24
jawing,7.24
jaws,5.28
jay,8.13
jaybird,8.59
jays,8.82
jaywalk,10.33
jaywalker,9.45
jazz,8.5
jazzed,9.22
jazzing,9.22
jazzman,11.88
jazzy,9.39
jealous,7.42
jealousies,8.29
jealousy,7.61
jean,6.12
jeans,5.26
jeep,6.32
jeeps,8.22
jeer,11.88
jeered,9.6
jeering,12.73
jeers,9.6
jejune,17.33
jejunum,14.5
jellied,8.0
jellies,4.43
jelly,4.11
jellybean,5.63
jellyfish,6.61
jellylike,11.06
jellyroll,9.59
jennet,17.67
jeopardize,11.5
jeopardy,8.63
jerk,8.31
jerked,7.98
jerker,9.57
jerkin,13.89
jerking,7.98
jerks,7.98
jerkwater,12.44
jerky,8.94
jeroboam,12.6
jersey,8.96
jerseys,10.02
jest,11.21
jester,10.28
jesters,10.9
jesting,10.97
jests,10.97
jet,5.39
jetliner,9.4
jets,5.86
jetsam,12.11
jetted,5.86
jetting,5.86
jettison,12.38
jetty,13.0
jewel,6.22
jeweled,8.06
jeweler,9.5
jewelry,6.67
jewels,5.94
jib,12.93
jibber,8.6
jibe,11.86
jibed,12.52
jibes,12.52
jiff,9.13
jiffies,7.41
jiffy,9.33
jig,8.7
jigger,12.08
jiggle,7.48
jiggled,6.2
jiggles,6.2
jiggling,6.2
jigs,8.82
jigsaw,7.63
jihad,15.38
jillion,9.14
jilt,12.28
jimsonweed,16.17
jingle,5.21
jingles,7.71
jingling,7.71
jingo,14.9
jingoist,13.33
jinks,9.53
jinx,7.89
jinxed,9.53
jinxes,9.53
jinxing,9.53
jitney,12.44
jitter,9.56
jitterbug,8.26
jittery,9.0
jive,10.33
job,5.39
jobber,14.56
jobbers,12.49
jobholder,11.78
jobless,8.56
jobs,6.01
jockey,8.28
jockeyed,7.71
jockeying,7.71
jockeys,7.71
jockstrap,9.95
jocose,13.67
jocular,14.42
jocularity,14.5
jocund,14.33
jodhpur,12.44
jog,6.21
jogged,10.58
jogger,8.26
jogging,9.51
joggle,9.17
jogs,10.58
join,5.83
joined,6.57
joiner,11.35
joinery,12.3
joining,6.57
joins,6.57
joint,9.05
joints,7.37
joist,11.95
jojoba,11.5
joke,5.2
joked,6.66
joker,6.55
jokes,6.66
jokester,7.61
jokey,7.64
joking,6.66
jollier,5.87
jollies,5.87
jolliest,5.87
jollification,13.09
jolliness,8.88
jollity,11.75
jolly,6.59
jolt,9.44
jolted,8.56
jolts,8.56
jolty,10.64
jonquil,14.0
josh,8.95
joshed,10.03
joshing,10.03
jostle,9.94
jot,8.17
jotted,9.67
jotting,9.67
joule,12.73
jour,14.53
journal,8.5
journalism,10.35
journalist,10.11
journalistic,13.12
journalists,10.18
journals,8.86
journey,7.67
journeyed,7.88
journeying,7.88
journeyman,12.88
journeys,7.88
journo,14.75
joust,10.63
jouster,12.43
jousting,11.26
jousts,11.26
jovial,11.33
joviality,13.12
jowl,12.44
jowls,12.24
joy,6.74
joyful,7.05
joyfulness,7.68
joyless,9.42
joyous,7.35
joyride,9.72
joys,6.88
joystick,9.29
jubilant,11.53
jubilation,12.84
jubilee,10.61
judge,8.85
judged,8.29
judges,8.29
judgeship,12.79
judging,8.29
judgment,8.94
judgmental,10.68
judgments,9.58
judicature,17.0
judicial,13.15
judiciary,12.65
judicious,13.88
judo,10.67
jug,5.83
juggernaut,16.22
juggle,6.39
juggled,6.66
juggler,7.33
jugglers,7.76
juggles,6.66
juggling,6.66
jugs,5.73
jugular,12.95
juice,4.4
juiced,5.15
juicehead,14.83
juicer,11.26
juices,5.15
juicing,5.15
juicy,4.84
jujitsu,12.71
juju,12.85
jujube,9.45
juke,11.79
jukebox,7.42
julep,12.55
julienne,15.86
jumble,7.74
jumbled,6.75
jumbo,7.78
jumbos,7.72
jump,2.84
jumped,4.62
jumper,7.0
jumping,4.62
jumprope,5.8
jumps,4.62
jumpsuit,9.53
jumpy,8.11
junco,11.2
junction,11.68
juncture,11.62
jungle,5.26
jungles,5.43
junior,7.11
juniors,7.15
juniper,12.65
junk,6.62
junked,7.35
junket,14.53
junkets,12.43
junkie,12.68
junking,7.35
junkman,7.6
junks,7.35
junky,10.0
junkyard,7.72
juridical,14.0
juries,9.5
jurisdiction,12.75
jurisdictional,14.06
jurisprudence,16.2
jurisprudential,17.15
jurist,12.71
juror,10.16
jury,11.05
jus,17.33
just,7.01
justice,9.47
justices,9.87
justifiable,10.39
justification,10.74
justifications,11.81
justify,10.4
justness,10.81
jut,11.47
jute,13.17
juvenile,11.63
juxtapose,15.87
juxtaposition,14.44
kabob,12.11
kabobs,12.11
kabuki,13.8
kale,12.12
kaleidoscope,7.41
kamikaze,12.78
kangaroo,5.55
kangaroos,6.73
kanji,13.75
kapok,14.5
kappa,15.71
kaput,11.35
karaoke,11.85
karat,11.47
karate,7.75
karats,11.47
karma,13.67
karmic,14.69
kart,7.76
karting,11.21
kasha,15.0
katydid,10.15
kava,15.78
kayak,8.8
kayaker,10.74
kazoo,6.25
kazoos,10.22
kebab,10.44
kebabs,12.11
kebob,12.11
keel,11.5
keeled,9.87
keelhaul,10.12
keeling,9.87
keels,9.87
keen,10.7
keener,7.84
keenest,7.84
keenness,11.72
keens,7.84
keep,4.42
keeper,8.13
keepers,7.83
keeping,5.27
keeps,5.27
keepsake,9.47
keg,13.41
kegs,12.22
keister,12.25
kelp,10.22
kelpie,15.0
kendo,20.5
kennel,9.89
kennels,6.5
keno,16.62
kepi,17.43
kept,5.27
keratin,12.13
kerchief,6.94
kerfuffle,14.67
kernel,8.74
kernels,11.75
kerosene,10.95
ketchup,4.3
ketchups,4.28
kettle,8.06
kettledrum,11.56
kettles,5.6
kewpie,13.17
key,3.58
keyboard,9.32
keyboardist,9.94
keyed,5.06
keyhole,7.86
keying,5.06
keyless,10.5
keynote,11.32
keypad,10.05
keys,5.06
keystone,11.44
keystroke,11.35
keyword,9.06
khaki,9.89
khakis,8.73
khan,14.2
khedive,14.25
kibble,10.5
kibbles,10.6
kibbutz,14.33
kibitz,13.83
kibitzer,15.88
kibosh,12.42
kick,4.06
kickable,6.76
kickback,13.33
kickball,6.0
kickboxing,9.58
kicked,4.68
kicker,6.39
kicking,4.68
kickoff,8.84
kicks,4.68
kid,4.28
kidded,5.51
kidder,8.53
kidding,5.51
kiddo,6.61
kiddy,6.71
kidnap,7.44
kidnapper,7.55
kidnapping,8.42
kidney,9.33
kidneys,9.36
kids,3.86
kidskin,13.0
kielbasa,11.92
kike,16.2
kill,6.35
killed,6.04
killer,6.48
killing,6.04
killjoy,12.94
kills,6.04
kiln,10.69
kilo,11.94
kilobyte,13.47
kilogram,11.32
kilohertz,15.43
kilometer,8.61
kiloton,13.09
kilowatt,11.33
kilt,8.21
kilter,11.08
kilts,6.09
kimono,11.37
kin,7.83
kina,19.0
kind,4.89
kinder,5.04
kindergarten,4.38
kindergartener,4.56
kindergartner,5.05
kindest,5.04
kindhearted,8.78
kindle,12.36
kindler,12.69
kindliness,9.63
kindling,9.5
kindness,6.26
kindnesses,6.62
kindred,11.67
kinds,5.04
kine,14.0
kinescope,14.64
kinesiology,15.82
kinesis,15.15
kinesthesia,15.13
kinetic,13.65
kinetics,14.0
kinfolk,10.47
king,5.42
kingdom,6.05
kingdoms,6.27
kingfisher,12.73
kingly,11.0
kingmaker,11.5
kingpin,12.17
kings,4.99
kingship,11.73
kink,10.85
kinkajou,11.25
kinkier,13.64
kinkiness,14.17
kinks,10.3
kinky,12.8
kinship,10.11
kinsman,11.82
kinswoman,13.29
kiosk,11.0
kip,12.3
kipper,14.67
kirsch,16.22
kirtle,10.0
kismet,13.12
kiss,3.61
kissable,8.21
kissed,3.79
kisser,6.88
kisses,3.79
kissing,3.79
kissy,6.33
kit,6.55
kitbag,8.0
kitchen,3.68
kitchenette,12.95
kitchens,4.55
kitchenware,8.63
kite,4.58
kites,4.8
kith,17.14
kiting,4.8
kits,6.74
kitsch,16.57
kitschy,16.62
kitten,3.64
kittens,4.26
kitties,3.57
kitty,3.54
kiwi,7.56
kiwis,10.41
klatch,14.86
klaxon,16.0
kleptomania,13.94
kleptomaniac,13.37
kludge,18.67
klutz,10.22
klutziness,9.56
klutzy,9.65
klystron,14.6
knack,9.78
knackered,15.78
knackwurst,13.75
knapsack,11.17
knave,12.3
knavery,14.23
knaves,13.2
knavish,14.62
knead,8.8
kneader,10.62
kneading,8.11
knee,4.42
kneecap,6.37
kneed,4.79
kneeing,4.79
kneel,6.95
kneeled,6.94
kneeler,9.81
kneeling,6.94
kneels,6.94
kneepad,8.06
knees,4.79
knell,15.33
knelt,6.94
knew,5.16
knick,9.69
knickerbockers,12.21
knickers,9.94
knickknack,8.35
knife,4.15
knifed,5.05
knifes,5.05
knight,6.26
knighted,7.26
knighthood,9.68
knights,7.26
knish,15.43
knit,7.86
knits,7.57
knitted,7.57
knitter,9.95
knitting,7.24
knives,5.05
knob,4.68
knobby,11.71
knobs,6.58
knock,4.63
knockabout,12.31
knockdown,8.63
knocked,5.4
knocker,7.89
knockoff,10.0
knockout,8.43
knocks,5.4
knockwurst,12.57
knoll,10.87
knot,6.05
knothole,8.84
knots,6.15
knotted,6.15
knotting,6.15
knotty,8.33
know,4.5
knowable,9.12
knower,10.06
knowhow,9.28
knowing,5.16
knowledge,7.68
knowledgeable,9.95
known,5.16
knows,5.16
knuckle,5.94
knuckleball,11.28
knucklehead,8.2
knuckler,11.64
knuckles,5.35
knurled,15.5
koala,6.0
koalas,9.1
kobold,12.67
kohlrabi,18.29
kook,10.15
kookaburra,9.91
kooky,8.06
kopeck,15.0
korma,17.8
kosher,13.29
kowtow,13.82
kraken,13.44
kraut,9.27
krauts,12.67
krill,12.47
kryptonite,9.0
kudos,13.26
kudu,14.29
kudzu,10.56
kummel,17.33
kumquat,12.47
kung,12.1
kwacha,14.0
kwanza,11.47
lab,8.71
label,6.1
labeled,7.8
labeler,9.47
labeling,7.8
labels,7.8
labia,14.0
labial,17.17
labile,12.0
labor,8.28
laboratory,8.72
labored,8.62
laborer,12.72
laboring,8.62
laborious,12.84
labors,8.62
laborsaving,14.43
labs,7.84
laburnum,17.25
labyrinth,10.53
labyrinthine,11.4
lace,6.44
laced,6.33
lacerate,10.6
laceration,13.41
laces,6.33
lacing,6.33
lack,8.28
lackadaisical,14.17
lacked,8.26
lackey,11.07
lackeys,12.11
lacking,8.26
lackluster,12.95
lacks,8.26
laconic,14.82
lacquer,13.19
lacrosse,12.94
lactate,14.33
lactated,15.15
lactation,14.58
lactic,12.82
lactose,13.06
lacuna,16.17
lad,7.35
ladder,4.4
ladders,6.4
laddie,10.5
laden,8.26
ladies,4.79
lading,15.5
ladino,14.5
ladle,9.83
ladles,9.31
ladling,9.31
lads,6.2
lady,3.68
ladybird,10.53
ladybug,4.84
ladyfish,11.67
ladylike,7.0
ladylove,10.33
ladyship,11.07
lag,9.39
lager,14.0
lagers,9.58
laggard,12.4
lagged,10.03
lagging,10.03
lagniappe,9.5
lagoon,9.42
lagoons,10.32
lags,10.03
laid,6.3
lain,5.33
lair,11.63
lairs,10.1
lake,4.61
lakefront,8.22
lakes,5.26
lakeshore,9.05
lamasery,13.71
lamb,4.15
lambast,14.17
lambda,15.18
lambent,14.0
lambkin,12.5
lambs,3.94
lambskin,10.78
lame,9.21
lamebrain,12.06
lameness,11.47
lament,11.81
lamentable,14.65
lamentation,11.95
lamented,10.9
lamenting,10.9
laments,10.9
lamer,8.4
lames,8.4
lamest,8.4
lamina,16.38
laminate,11.05
laminated,10.53
lamination,10.42
laminator,12.37
lamp,4.0
lamplight,7.0
lamplighter,10.69
lampoon,12.89
lamppost,8.39
lamps,5.77
lampshade,5.63
lanai,14.0
lance,11.79
lanced,10.8
lancer,13.12
lances,10.8
lancet,15.31
lancing,10.8
land,5.22
landed,5.94
landfall,10.79
landfill,8.71
landing,6.72
landlady,9.18
landline,10.14
landlocked,11.0
landlord,10.05
landlords,7.96
landlubber,10.38
landmark,9.61
landmass,10.0
landmine,10.95
landowner,11.0
lands,5.94
landscape,9.89
landscaper,11.79
landscapes,10.99
landscaping,11.0
landslide,9.42
landslip,12.92
landsman,11.82
landward,12.36
lane,7.0
lanes,5.35
language,6.79
languages,7.96
languid,15.54
languish,13.8
languor,12.67
languorous,14.12
lank,13.36
lanky,9.72
lanolin,14.06
lantern,8.55
lanyard,12.14
lap,3.15
laparoscopy,16.42
lapboard,9.92
lapdog,10.1
lapel,11.73
lapels,11.49
lapis,12.69
lapped,5.39
lapping,5.39
laps,5.39
lapse,11.68
lapsed,12.01
lapses,12.01
laptop,12.44
lapwing,13.83
larboard,15.2
larcenist,12.77
larcenous,14.69
larceny,13.24
larch,13.64
lard,9.74
larder,14.5
lards,9.81
large,5.74
largemouth,10.94
largeness,7.12
larger,5.3
larges,5.3
largess,11.96
largesse,12.31
largest,5.3
largish,11.33
lariat,14.08
lark,11.82
larks,7.14
larkspur,14.5
larva,8.83
larval,11.41
laryngeal,14.75
laryngitis,10.59
laryngoscope,17.67
larynx,12.72
lasagna,5.0
lascar,13.57
lascivious,16.91
lasciviousness,16.0
laser,8.67
lasers,7.88
lash,9.47
lashed,9.38
lashes,9.38
lashing,9.38
lass,10.07
lasses,11.25
lassitude,14.78
lasso,8.56
lassoed,9.13
lassoes,9.13
lassos,9.13
last,4.35
lasted,5.16
lasting,8.17
lasts,5.16
latch,8.0
latched,7.71
latches,7.71
latching,7.71
latchkey,12.83
late,5.28
latecomer,10.89
latency,14.39
lateness,8.48
latent,15.17
later,4.75
lateral,12.41
latest,5.19
latex,13.48
lath,14.55
lathe,12.85
lather,8.05
lathered,9.58
lathers,9.58
lathery,12.17
lathes,13.27
latitude,10.47
latitudinarian,13.33
latke,14.62
latrine,12.27
latrines,12.75
latte,13.47
latter,10.69
lattice,11.0
laud,13.0
laudable,14.14
laudanum,15.36
lauds,13.12
laugh,3.79
laughable,9.4
laughed,4.5
laugher,7.25
laughing,4.5
laughingstock,8.95
laughs,4.5
laughter,5.39
launch,7.92
launched,7.86
launcher,9.16
launches,7.86
launching,7.86
launder,10.12
laundered,11.8
launderer,14.56
laundering,12.29
launders,11.8
laundress,12.55
laundries,7.35
laundry,6.05
laundryman,7.78
laundrywoman,9.39
laureate,15.83
lava,6.44
lavage,15.5
lavaliere,15.3
lavatory,10.58
lavender,9.11
lavish,10.76
lavished,11.13
law,8.33
lawbreaker,10.28
lawbreaking,9.2
lawful,11.05
lawgiver,13.18
lawless,10.68
lawlessness,11.68
lawmaker,9.67
lawman,9.68
lawn,5.45
lawnmower,6.11
lawns,6.58
laws,7.66
lawsuit,10.56
lawyer,7.78
lawyerlike,11.62
lawyers,9.51
lax,11.33
laxative,11.68
laxity,13.25
lay,5.84
layaway,9.44
layback,10.69
layer,8.28
layering,8.78
layers,8.02
layette,12.67
laying,6.3
layman,10.65
layoff,12.76
layout,10.47
layover,11.44
laypeople,12.67
layperson,13.74
lays,6.3
layup,10.26
laze,12.07
lazier,6.01
laziest,6.01
laziness,6.74
lazing,10.9
lazy,6.39
lazybones,7.79
leach,9.2
leaches,10.07
lead,6.76
leaded,8.22
leaden,12.25
leader,6.9
leaderless,11.75
leaders,7.09
leadership,8.74
leading,7.98
leadoff,10.53
leads,7.98
leaf,4.6
leafage,12.6
leafed,4.67
leaflet,10.37
leaflets,8.11
leafs,4.67
leafy,5.62
league,8.45
leaguer,12.43
leagues,9.22
leak,5.47
leakage,9.58
leaked,6.77
leaker,8.41
leaking,6.77
leaks,6.77
leaky,5.78
lean,7.17
leaned,7.24
leaner,7.24
leanest,7.24
leaning,6.48
leanings,10.8
leans,7.24
leant,7.24
leap,5.53
leaped,6.44
leaper,10.38
leapfrog,5.41
leaping,6.44
leaps,6.44
leapt,6.44
learn,4.44
learnable,7.63
learned,5.24
learner,6.26
learning,5.24
learns,5.24
learnt,5.24
leary,10.8
lease,11.11
leased,10.8
leaseholder,15.89
leases,10.8
leash,5.79
leashes,5.99
least,4.36
leastways,14.0
leather,7.25
leatherette,15.0
leatherjacket,7.67
leatherneck,13.92
leathers,8.28
leathery,11.84
leave,5.58
leaver,8.93
leaves,5.66
leaving,5.66
leavings,9.75
lebensraum,16.0
lecher,11.29
lecherous,14.69
lechery,15.12
lecithin,15.75
lectern,12.92
lection,13.0
lector,14.0
lecture,9.5
lectured,10.16
lecturer,8.69
lecturers,10.53
lectures,10.16
lectureship,13.75
lecturing,10.16
led,7.98
lederhosen,11.38
ledge,11.05
ledger,12.78
ledgers,12.43
ledges,8.11
leech,7.84
leeched,9.38
leeches,9.38
leeching,9.38
leek,11.0
leeks,7.77
leer,10.75
leered,11.7
leering,11.7
leers,11.7
leeway,11.17
left,5.57
leftist,13.22
leftover,7.28
leftovers,5.62
lefts,5.24
lefty,7.42
leg,3.0
legacy,9.63
legal,9.17
legalese,14.79
legalist,14.5
legalistic,14.28
legalities,11.22
legality,11.5
legalization,12.11
legalize,11.67
legate,15.0
legatee,14.0
legation,15.42
legend,8.42
legendary,9.89
legends,8.22
legerdemain,16.0
legged,6.89
leggings,10.0
leggy,11.28
leghorn,11.17
leghorns,12.23
legible,10.0
legion,11.15
legionary,12.87
legionnaire,14.56
legions,11.94
legislate,11.16
legislation,10.94
legislative,11.21
legislator,11.58
legislature,11.5
legit,11.35
legitimacy,12.53
legitimate,11.68
legitimize,13.0
legless,8.37
legman,13.33
legroom,8.81
legs,3.64
legwarmer,10.68
legwork,11.2
leisure,9.84
leisurely,10.39
leisurewear,13.83
leitmotif,15.9
lemma,15.5
lemming,12.65
lemon,4.74
lemonade,5.06
lemongrass,10.21
lemons,5.71
lemony,9.64
lemur,11.56
lend,8.45
lender,9.5
lending,6.86
lends,6.86
length,6.05
lengthen,7.84
lengthened,7.96
lengthens,7.96
lengths,6.5
lengthy,9.11
lenience,10.94
leniency,12.22
lenient,11.67
lenity,14.0
lens,9.53
lenses,9.39
lent,6.86
lentil,13.06
leopard,6.84
leopards,7.74
leper,11.88
lepers,10.13
lepidopterist,14.55
leprechaun,6.6
leprosy,11.68
leprous,13.57
lepton,13.1
lesbian,13.05
lesbianism,14.44
lesion,12.82
lesions,10.8
less,4.36
lessee,14.71
lessen,8.88
lessening,10.12
lesser,4.36
lesson,7.8
lessons,5.56
lest,10.46
let,4.53
letch,12.82
letdown,10.28
lethal,10.16
lethality,11.06
lethargic,12.11
lethargy,13.06
lets,7.82
letter,4.74
letterbox,9.83
lettered,5.26
letterhead,12.17
lettering,8.52
letters,5.26
letting,7.82
lettuce,4.28
lettuces,5.64
letup,10.05
leucotomy,18.57
leukemia,10.82
levee,13.43
level,6.0
leveled,6.75
leveler,12.33
levelheaded,11.5
levelheadedness,11.95
leveling,6.75
levels,6.75
lever,7.89
leverage,11.67
leveraged,13.0
leveret,15.17
levers,8.79
leviathan,15.15
levitate,11.06
levitation,11.33
levity,14.78
lewd,12.19
lewdness,12.17
lexicography,16.5
lexicon,15.93
lexis,13.75
liability,12.9
liable,11.11
liaise,14.92
liaison,14.75
liar,4.89
liars,6.24
libation,14.5
libel,14.12
liberal,11.17
liberalism,14.78
liberalization,14.7
liberals,11.53
liberate,11.75
liberating,12.84
liberation,13.45
liberator,11.53
libertarian,14.19
libertarianism,16.73
liberties,10.39
libertine,15.94
liberty,8.83
libidinal,16.27
libidinous,15.71
libido,15.59
librarian,6.14
librarians,8.23
library,4.95
libration,13.15
libretto,13.33
lice,11.48
licence,9.37
license,8.7
licensee,12.89
licenses,9.85
licensing,11.79
licensure,13.73
licentiate,17.0
licentious,17.0
licentiousness,17.85
lichen,11.67
licit,15.5
lick,4.3
licked,5.06
licker,6.16
licking,5.06
licks,5.06
lickspittle,11.71
licorice,5.79
lid,5.95
lidless,10.06
lido,15.25
lids,5.26
lie,3.75
lied,5.33
liege,14.64
lies,5.33
lieu,11.65
lieutenancy,13.57
lieutenant,9.5
lieutenants,9.13
life,5.89
lifebelt,11.75
lifeblood,13.47
lifeboat,7.72
lifebuoy,10.12
lifeguard,5.63
lifeless,9.22
lifelessness,10.16
lifelike,8.65
lifeline,8.8
lifelong,8.8
lifer,12.93
lifesaver,7.3
lifesaving,9.06
lifespan,11.71
lifestyle,10.68
lifetime,9.0
lifevest,7.93
lift,4.74
lifted,5.19
lifter,10.59
lifting,5.19
liftoff,7.76
lifts,5.19
ligament,11.05
ligation,13.76
ligature,15.53
light,4.05
lightbulb,5.89
lighted,5.48
lighten,7.95
lightener,9.33
lighter,7.12
lightest,5.48
lightheaded,11.33
lightheadedness,10.11
lighthearted,11.8
lightheartedness,10.44
lighthouse,6.11
lighting,7.48
lightness,9.0
lightning,4.76
lights,5.48
lightsome,13.0
lightswitch,5.94
lightweight,7.95
lignite,14.5
likability,12.0
likable,7.0
like,3.69
likeability,10.5
liked,4.77
likelier,6.81
likeliest,6.81
likelihood,10.89
likely,6.33
liken,11.59
likeness,8.84
likes,4.77
liking,4.77
lilac,8.89
lilacs,7.74
lilies,6.41
lilly,7.44
lilt,12.5
lilting,12.52
lilts,12.52
lily,6.67
limb,7.16
limber,9.67
limbering,9.05
limbic,16.27
limbless,10.38
limbo,9.21
limbs,8.85
limburger,11.45
lime,6.61
limeade,9.35
limekiln,14.83
limelight,11.89
limes,7.56
limestone,12.0
limey,10.94
limit,6.3
limitation,9.22
limited,7.38
limiting,7.52
limitless,9.53
limitlessness,12.1
limits,7.52
limo,8.42
limousine,8.17
limp,7.16
limped,7.96
limpest,7.96
limpet,14.11
limpid,14.7
limping,7.96
limps,7.96
limy,14.0
linchpin,14.64
line,4.85
lineage,11.59
linear,11.22
linebacker,9.32
lined,5.62
lineman,11.44
linen,7.68
linens,7.71
liner,7.42
lines,5.62
linesman,12.11
lineup,8.42
ling,13.0
linger,10.56
lingered,8.84
lingerie,13.44
lingering,11.56
lingers,8.84
lingo,10.89
lingua,14.92
lingual,12.59
linguine,12.22
linguini,14.0
linguist,13.82
linguistic,15.0
linguistics,14.24
linguists,12.85
liniment,11.91
lining,9.3
linings,8.79
link,9.94
linkage,11.26
linked,8.37
linker,11.5
linking,8.37
links,8.37
linkup,11.75
linnet,15.25
linoleum,10.5
linotype,13.75
linseed,15.06
lint,7.47
linty,8.31
lion,4.42
lioness,7.41
lionfish,10.94
lionhearted,10.8
lionization,17.22
lionize,13.9
lions,5.03
lip,3.79
lipase,15.29
lipid,14.22
lipless,10.39
liposuction,12.2
lipped,4.02
lippy,10.06
lipreading,8.95
lips,4.02
lipstick,5.42
liquefaction,15.27
liquefy,12.06
liquescence,13.91
liqueur,12.4
liqueurs,12.96
liquid,5.83
liquidate,14.42
liquidation,10.69
liquidator,13.63
liquidity,13.76
liquidness,12.15
liquids,6.73
liquor,8.4
liquored,9.96
liquorish,7.0
liquors,9.96
lira,13.27
lisp,10.44
lisps,9.6
lissome,13.75
list,5.58
listed,5.96
listen,5.4
listened,5.02
listener,5.79
listening,5.02
listens,5.02
listing,8.58
listless,12.11
listlessness,12.88
lists,5.96
lit,5.48
litany,12.91
liter,9.86
literacy,11.44
literal,10.11
literalistic,14.38
literally,9.5
literary,11.1
literate,9.63
literati,14.86
literature,9.9
literatures,9.75
liters,7.96
lithe,11.0
lithium,13.9
lithograph,15.12
lithographic,15.4
lithography,14.47
lithosphere,14.25
litigant,14.71
litigate,13.78
litigation,13.37
litigator,15.37
litigious,15.82
litmus,13.88
litter,7.61
litterbug,6.53
littered,6.05
littering,6.05
litters,6.05
little,3.95
littleness,6.39
littler,4.36
littlest,4.36
liturgy,12.27
livable,8.25
live,6.1
liveable,11.6
lived,5.51
livelihood,10.89
livelong,9.0
lively,8.6
liven,11.29
liver,8.56
liverish,14.0
livers,7.09
livery,13.0
lives,6.14
livestock,7.89
livid,12.0
living,5.51
lizard,5.42
lizards,7.74
llama,8.61
llamas,9.45
load,7.78
loaded,8.26
loader,9.83
loads,8.26
loaf,6.84
loafer,11.94
loafing,6.01
loafs,6.01
loam,11.17
loan,9.57
loaned,9.45
loaner,11.63
loaning,9.45
loans,9.45
loath,10.28
loathe,11.12
loathed,11.32
loathes,11.32
loathing,13.21
loathsome,12.7
loathsomeness,12.29
loaves,6.01
lob,11.08
lobar,17.14
lobbed,11.25
lobbied,8.09
lobbies,8.09
lobbing,11.25
lobby,7.71
lobbying,8.09
lobbyist,13.28
lobe,10.17
lobes,8.89
lobotomize,14.79
lobotomy,14.0
lobs,11.25
lobscouse,14.0
lobster,7.44
lobsters,6.26
local,8.79
locale,11.06
locality,11.78
localization,14.05
localize,11.5
localized,10.25
localizer,12.73
locals,8.45
locate,7.95
located,8.98
locater,10.55
locates,8.98
locating,8.98
location,6.86
locations,10.53
locator,9.05
loch,12.83
lock,5.74
lockbox,8.94
locked,6.62
locker,8.22
lockers,7.11
locket,8.35
lockets,6.97
locking,6.62
lockjaw,11.65
locknut,11.58
lockout,12.0
locks,6.62
locksmith,9.58
lockup,8.84
loco,10.4
locomotion,8.95
locomotive,6.55
locoweed,16.29
locum,14.2
locus,12.65
locust,8.67
locusts,9.31
lode,12.2
lodestone,16.0
lodge,8.26
lodged,9.03
lodger,10.13
lodges,9.03
lodging,9.03
lodgings,9.94
loft,11.05
loftiness,13.06
lofts,9.53
lofty,10.45
log,6.74
logarithm,14.33
logarithmic,16.75
logbook,12.22
loge,11.69
logged,5.06
logger,9.82
loggerheaded,12.11
loggers,11.33
logic,10.58
logical,9.83
logics,11.71
login,12.47
logistic,12.76
logistical,14.67
logistician,14.9
logistics,14.95
logjam,9.69
logo,8.16
logon,14.94
logorrhea,17.25
logos,9.22
logroller,11.24
logrolling,9.86
logs,5.06
logwood,12.82
logy,12.33
loin,11.06
loincloth,9.67
loins,10.82
loiter,11.94
loiterer,11.58
loll,10.94
lollapalooza,15.25
lollipop,3.89
lolly,8.0
lollygag,8.4
lollypop,5.47
lone,8.5
lonelier,7.26
loneliest,7.26
loneliness,8.74
lonely,5.8
loneness,11.36
loner,9.83
lonesome,8.17
lonesomeness,10.47
long,4.24
longboat,11.27
longbow,13.39
longed,5.19
longer,5.19
longest,5.19
longevity,10.72
longhair,6.94
longhaired,7.05
longhorn,10.37
longish,11.47
longitude,10.58
longitudinal,11.67
longneck,11.16
longs,5.19
longship,13.33
longshore,12.04
longshoreman,13.1
longshot,10.84
longstanding,11.21
longtime,8.05
longue,12.73
longways,10.44
loo,12.69
look,4.05
lookalike,9.68
lookdown,10.31
looked,4.61
looker,8.12
looking,4.61
lookout,7.06
lookouts,6.61
looks,4.77
lookup,8.17
loom,8.78
loomed,10.57
looming,10.57
looms,10.57
loon,9.12
looney,8.89
loons,10.46
loony,7.59
loop,7.22
looped,6.83
loophole,10.8
loops,6.83
loopy,8.6
loose,7.71
loosed,5.88
loosen,7.22
looseness,9.1
looser,5.88
looses,5.88
loosest,5.88
loosing,5.88
loot,10.21
looter,12.47
loots,9.16
lop,10.0
lope,11.27
lopsided,9.21
loquacious,14.94
loquacity,15.35
lord,5.95
lording,6.88
lordly,11.56
lords,6.88
lordship,10.06
lore,12.56
lorgnette,15.62
lorn,14.67
lorries,5.13
lorry,13.56
lose,5.78
loser,6.67
loses,5.33
losing,5.33
loss,5.0
losses,6.67
lost,5.33
lot,6.26
lothario,16.08
lotion,5.83
lotions,6.2
lottery,9.33
lotto,11.0
lotus,13.59
loud,4.54
louder,4.87
loudest,4.87
loudmouth,8.5
loudmouthed,7.94
loudness,6.61
loudspeaker,10.0
lounge,9.53
lounged,5.92
lounger,9.82
lounges,5.92
lounging,5.92
loupe,16.15
lour,15.0
louse,10.26
loused,11.48
louses,11.48
lousier,9.47
lousiest,9.47
lousing,11.48
lousy,7.84
lout,13.11
louver,14.6
louvered,14.5
lovable,7.68
love,5.17
lovebird,8.44
loved,4.8
loveless,11.06
lovelier,5.33
lovelies,5.33
loveliest,5.33
loveliness,7.79
lovelorn,15.67
lovely,7.26
lovemaking,12.32
lover,9.16
loves,4.8
loveseat,8.5
lovesick,9.68
lovesickness,10.72
loving,4.8
low,4.7
lowball,14.18
lowborn,14.14
lowbrow,13.08
lowdown,12.28
lowercase,6.55
lowerclassmen,12.16
lowest,5.4
lowing,5.4
lowland,12.72
lowlander,12.6
lowlands,8.86
lowlife,10.17
lowly,10.56
lowness,8.47
lows,5.4
lox,13.79
loyal,9.11
loyalist,12.61
loyalties,9.81
loyalty,8.78
lozenge,9.0
luau,10.44
luaus,11.7
lubber,9.78
lube,12.65
lubricant,11.11
lubricate,12.94
lubrication,12.95
lubricator,13.05
lucent,14.69
lucid,13.74
lucidity,13.81
luck,6.53
lucked,5.94
luckier,5.56
luckiest,5.56
lucking,5.94
luckless,8.61
lucks,5.94
lucky,5.89
lucrative,15.12
lucre,12.5
luddite,15.0
ludicrous,12.84
ludicrousness,13.79
luff,15.5
lug,12.53
luger,13.77
luggage,7.63
lugged,9.67
lugging,9.67
lugs,9.67
lugubrious,18.22
lugubriousness,14.5
lukewarm,9.06
lull,10.61
lullaby,5.48
lulled,10.95
lulling,10.95
lulls,10.95
lumbago,15.27
lumbar,15.88
lumber,7.33
lumbered,10.22
lumbering,10.47
lumberjack,8.9
lumberjacks,9.88
lumberman,9.0
lumbers,10.22
lumberyard,8.47
lumen,17.0
luminal,14.55
luminary,11.78
luminescence,13.31
luminescent,13.53
luminosity,11.21
luminous,11.56
lummox,12.0
lump,5.89
lumpectomy,15.69
lumped,5.77
lumps,5.77
lumpy,6.89
lunacy,10.58
lunar,9.15
lunatic,9.83
lunch,3.61
lunchbox,4.25
lunched,5.62
luncheon,9.74
luncheonette,10.46
lunches,5.62
lunching,5.62
lunchroom,5.37
lunchtime,4.94
lung,7.16
lunge,9.83
lunged,10.02
lunges,10.02
lungful,13.09
lungs,7.84
lungwort,14.6
lupine,14.42
lupus,14.29
lurch,11.18
lurched,10.82
lurches,10.82
lure,9.0
lured,11.7
lures,11.7
lurid,13.69
luring,11.7
lurk,10.11
lurked,9.98
lurker,11.67
lurking,9.98
lurks,9.98
luscious,11.11
lush,11.28
lushes,10.34
lust,12.22
lusted,12.04
luster,12.16
lustful,12.21
lustfulness,15.0
lusting,12.04
lustrous,12.67
lustrum,14.22
lusts,12.04
lusty,13.88
lute,10.77
lutes,12.07
luxuriant,13.13
luxuriate,13.13
luxuries,9.34
luxurious,10.0
luxuriousness,13.14
luxury,9.26
lycanthrope,13.6
lycanthropic,17.4
lycanthropy,16.11
lyceum,14.56
lye,12.67
lying,5.33
lymph,15.0
lymphatic,13.5
lymphoblastic,14.17
lymphocyte,16.25
lymphocytic,16.92
lymphoma,16.4
lynch,11.54
lynched,12.07
lynches,12.07
lynching,12.3
lynx,10.53
lyophilize,15.17
lyre,13.47
lyric,10.35
lyrical,11.47
lyricism,12.8
lyricist,14.58
lyrics,8.32
lysergic,14.44
lysine,16.85
ma,4.35
macabre,14.5
macadamia,12.19
macaque,13.33
macaroni,5.15
macaronis,7.62
macaw,8.8
mace,12.47
macerate,14.0
maceration,16.56
maces,10.46
mach,13.08
machete,9.6
machination,12.8
machine,6.53
machined,6.6
machinegun,8.74
machineries,8.15
machinery,10.28
machines,6.6
machinist,12.04
machinists,10.53
machismo,13.25
macho,10.37
mackerel,10.72
mackerels,8.66
macro,12.78
macrobiotic,17.28
macroeconomic,15.4
macron,13.75
macroscopic,12.37
macula,16.67
macular,16.06
maculate,13.18
mad,3.55
madam,8.42
madame,11.06
madams,8.7
madcap,13.73
madden,10.12
madder,3.54
maddest,3.54
madding,10.8
made,5.13
mademoiselle,10.65
madhouse,9.11
madman,8.78
madmen,8.3
madness,9.42
madrigal,14.1
madwoman,8.89
maelstrom,15.93
maestro,11.58
mafia,10.32
magazine,5.89
magazines,7.09
magdalen,10.43
mage,10.47
magenta,7.79
maggot,9.5
maggots,9.49
maggoty,12.31
magic,5.52
magical,5.95
magician,5.37
magister,13.0
magistracy,12.62
magistral,14.09
magistrate,12.78
magma,9.78
magna,12.57
magnanimity,14.31
magnanimous,15.0
magnate,14.93
magnesia,12.67
magnesium,11.72
magnet,6.1
magnetic,8.8
magnetism,10.94
magnetize,11.65
magnetometer,15.0
magnetosphere,15.25
magnets,7.04
magnification,9.53
magnificence,9.44
magnificent,8.63
magnifico,12.47
magnifier,9.7
magnify,8.74
magnifying,8.47
magnitude,12.3
magnolia,9.89
magnolias,10.99
magpie,10.47
maharajah,14.67
maharishi,17.89
mahjong,15.18
mahogany,12.83
maid,6.95
maiden,9.58
maidenhead,13.08
maidenhood,11.93
maidens,8.52
maids,6.46
maidservant,12.0
mail,4.65
mailbag,6.25
mailbox,6.11
mailed,5.92
mailing,6.0
mailman,4.72
mails,5.92
mailwoman,8.47
maim,11.93
maimed,12.0
maiming,12.0
main,6.55
mainframe,13.06
mainland,11.63
mainlander,10.84
mainline,10.94
mainliner,11.7
mainmast,12.92
mains,11.0
mainsail,12.67
mainsheet,14.33
mainspring,12.93
mainstay,11.78
mainstream,13.28
maintain,9.94
maintained,9.4
maintainer,12.06
maintaining,9.4
maintains,9.4
maintenance,10.5
maintop,10.56
maitre,14.33
maize,9.59
majestic,10.72
majesty,7.63
majeure,15.5
majolica,16.0
major,8.8
majored,8.96
majorette,11.76
majoring,8.96
majority,8.94
majors,8.96
majuscule,20.0
make,4.68
makeover,10.53
maker,6.94
makers,7.18
makes,5.13
makeshift,13.0
makeup,7.94
making,5.13
malachite,13.4
maladapted,15.08
maladaptive,14.56
maladjusted,14.06
maladjustment,14.06
malady,13.31
malaise,13.63
malamute,11.83
malaria,12.33
malarial,13.5
malarkey,12.29
malcontent,14.33
malcontented,13.75
male,5.63
malediction,13.69
malefaction,15.38
malefactor,17.0
malefic,16.75
maleness,11.21
males,7.66
malevolence,12.74
malevolent,12.73
malfeasance,16.33
malformation,13.4
malformed,10.89
malfunction,9.58
malice,12.33
malicious,11.37
malign,13.67
malignancy,12.0
malignant,13.67
malingerer,15.67
malison,18.0
mall,6.78
mallard,9.94
malleability,12.81
malleable,14.11
mallet,10.94
mallets,8.88
malls,11.55
malnourished,11.05
malnourishment,11.22
malnutrition,10.37
malocclusion,16.67
malodorous,14.33
malpractice,11.75
malt,9.18
malted,9.89
maltreat,13.94
maltreatment,11.4
malts,9.53
mama,1.89
mambo,11.21
mammal,7.39
mammalian,11.71
mammals,6.75
mammary,12.29
mammogram,13.17
mammon,14.86
mammoth,7.72
mammoths,8.28
mammy,7.62
man,3.11
manacle,12.5
manage,7.67
manageable,9.94
managed,7.84
management,10.05
managements,10.02
manager,9.4
manageress,16.0
managerial,12.44
managers,8.54
manages,7.84
manana,12.0
manatee,10.56
mandarin,10.35
mandate,12.95
mandated,11.59
mandates,11.59
mandatory,8.95
mandible,11.44
mandolin,12.39
mandrake,13.76
mandrill,16.67
mane,5.6
manes,8.33
maneuver,9.89
maneuverability,11.22
maneuverable,13.0
manful,12.3
manganese,16.38
mange,12.25
manger,7.0
mangle,11.29
mango,8.22
mangoes,7.19
mangos,7.19
mangrove,14.53
mangy,8.78
manhandle,12.33
manhole,6.83
manhood,12.95
manhunt,9.58
mania,12.95
maniac,8.8
maniacal,13.29
manic,12.11
manicotti,14.69
manicure,10.56
manicured,11.85
manicures,10.54
manicurist,11.72
manifest,12.16
manifestation,14.17
manifesto,14.71
manifold,14.67
manipulate,11.1
manipulation,10.61
manipulative,11.26
manipulator,11.33
mankind,8.89
manlike,9.44
manliness,8.39
manly,9.42
manmade,9.42
manna,11.92
manned,12.28
mannequin,9.24
manner,6.83
mannered,6.89
mannerism,11.44
mannerist,13.21
mannerly,8.35
manners,5.89
mannish,11.88
manometer,17.33
manor,9.55
manpower,9.11
mans,3.78
manse,12.56
manservant,11.07
mansion,7.2
mansions,8.63
manslaughter,12.28
manslayer,12.56
manta,14.08
mantel,7.72
mantelpiece,11.0
mantic,14.0
mantilla,15.12
mantis,9.28
mantle,9.17
mantles,9.85
mantra,13.74
mantrap,13.85
mantras,12.64
manual,7.57
manufacture,10.59
manufacturer,10.79
manufacturers,10.34
manufacturing,9.16
manumission,15.62
manure,10.1
manuscript,12.12
many,4.6
map,5.6
maple,5.94
mapleleaf,9.41
maples,7.11
mapmaker,11.71
mapmaking,10.0
mapped,6.6
maps,6.6
maquillage,16.0
mar,10.95
marabou,14.25
maraca,9.08
maraschino,10.0
marathon,9.32
marathoner,12.81
maraud,12.47
marauder,12.56
marauding,14.0
marble,7.05
marbled,9.74
marbleize,12.8
marbles,5.98
marcel,18.33
march,6.85
marched,5.5
marcher,9.11
marches,5.5
marching,5.5
marchioness,14.43
mare,8.84
mares,9.74
margarine,8.5
margarita,12.6
margin,10.11
marginal,12.0
marginalize,14.0
margins,8.03
margrave,15.0
marguerite,14.11
mariachi,11.0
marigold,8.47
marijuana,10.89
marimba,14.0
marinade,11.21
marinara,8.78
marinate,10.26
marine,9.8
mariner,11.33
marionette,9.89
marital,10.35
maritime,11.47
mark,6.48
marked,5.54
marker,4.89
market,7.16
marketability,14.06
marketable,12.11
marketed,6.62
marketer,11.25
marketing,12.25
marketplace,8.89
markets,6.62
marking,5.54
marks,5.54
marksman,10.83
marksmanship,11.89
markup,12.53
marl,14.0
marled,14.44
marmalade,10.39
marmoreal,16.5
marmoset,13.0
marmot,13.91
maroon,8.28
marooned,12.0
maroons,9.63
marquee,13.13
marquees,12.53
marquis,12.8
marquise,16.0
marquises,12.53
marred,12.75
marriage,7.17
marriageable,12.89
marriages,7.66
married,5.16
marries,5.75
marring,12.75
marrow,12.16
marry,5.83
marrying,5.75
mars,7.54
marsh,10.63
marshal,9.28
marshaled,11.51
marshals,11.51
marshes,7.6
marshland,10.5
marshmallow,3.8
marshy,8.56
marsupial,11.69
mart,10.0
marten,10.14
martens,12.06
martial,11.11
martinet,15.43
martini,11.74
marts,9.17
martyr,13.0
martyrdom,13.19
martyred,11.8
martyrs,11.8
marvel,10.0
marveled,9.66
marveling,9.66
marvelous,8.27
marvels,9.66
marzipan,14.47
mascara,9.21
mascot,9.5
mascots,8.62
masculine,10.3
masculinity,11.32
maser,11.71
mash,6.95
mashed,5.61
masher,11.62
mashes,6.08
mashie,9.0
mashing,6.08
mask,4.8
masked,7.33
masks,5.5
masochism,15.18
masochist,15.88
masochistic,15.35
mason,10.52
masonic,12.33
masonry,12.0
masons,11.29
masque,11.18
masquerade,11.83
masquerader,12.69
mass,9.17
massacre,10.05
massage,10.9
massaged,7.96
massager,10.0
massages,7.96
massaging,7.96
masses,9.42
masseur,14.72
masseuse,11.22
masseuses,13.18
massing,9.12
massive,9.11
mast,10.59
mastectomy,14.67
master,6.5
mastered,7.72
masterful,12.84
mastering,7.72
masterly,10.62
mastermind,10.5
masterpiece,9.56
masters,7.72
mastership,11.65
masterstroke,14.0
masterwork,13.39
mastery,10.58
mastic,13.92
mastiff,12.08
mastodon,9.0
mastoid,14.58
masts,7.83
masturbate,12.21
masturbation,12.53
masturbator,13.68
masturbatory,14.94
mat,4.62
matador,11.89
match,5.72
matchbook,8.43
matchbox,6.52
matched,7.84
matches,7.84
matching,7.56
matchless,9.83
matchlock,12.5
matchmaker,11.95
matchmaking,11.15
matchstick,6.74
matchwood,10.25
mate,8.67
mated,8.35
matelote,16.2
material,8.06
materialism,11.68
materialist,12.41
materialistic,12.58
materiality,15.0
materialization,13.37
materialize,10.05
materials,6.88
materiel,8.35
maternal,11.22
maternity,11.83
mates,8.35
math,5.56
mathematical,8.22
mathematician,9.17
mathematics,6.78
matinee,9.56
mating,9.83
matriarch,13.27
matriarchal,13.93
matriarchs,11.32
matriarchy,13.89
matrices,13.64
matricidal,15.83
matricide,14.75
matriculate,15.82
matriculation,16.07
matrilineal,15.83
matrimonial,12.0
matrimony,10.31
matrix,14.42
matron,13.2
matrons,10.64
mats,4.73
matte,14.06
matted,4.73
matter,7.56
mattered,7.41
mattering,7.41
matters,7.41
mattock,11.27
mattress,5.1
mattresses,6.47
maturation,13.7
mature,9.25
matured,10.02
matures,10.02
maturity,10.58
matzo,11.0
matzos,13.07
matzoth,13.07
maudlin,14.14
maul,10.33
mauled,11.48
mauling,11.48
mauls,11.48
maunder,12.5
mausoleum,12.93
mauve,11.26
maven,12.46
maverick,12.44
maw,13.91
mawkish,15.08
mawkishness,13.0
maxilla,19.75
maxillary,15.55
maxim,12.67
maximal,12.06
maximization,11.79
maximize,10.58
maxims,11.59
maximum,7.6
may,5.65
maybe,4.5
maybes,5.72
mayday,8.32
mayflower,7.74
mayfly,11.93
mayhap,13.12
mayhem,10.37
mayhems,11.29
mayonnaise,6.1
mayor,8.28
mayoral,13.17
mayoralty,14.8
mayors,8.66
maypole,8.08
maze,7.11
mazes,8.24
mazurka,13.4
me,3.28
mead,11.38
meadow,6.89
meadowlark,8.94
meadows,5.56
meadowsweet,13.8
meadowy,9.83
meads,11.93
meager,10.94
meal,4.74
meals,4.62
mealtime,6.78
mealy,11.53
mealymouthed,13.3
mean,4.0
meander,10.6
meaner,6.3
meanest,6.3
meanie,4.79
meaning,6.1
meaningful,8.45
meaningfulness,10.75
meaningless,10.44
meaninglessness,11.95
meanings,7.18
meanness,4.53
means,8.29
meant,6.3
meantime,8.17
measles,9.28
measurable,9.16
measure,7.53
measured,7.55
measurement,6.05
measurements,7.26
measurer,7.56
measures,7.55
measuring,7.55
meat,4.42
meatball,6.0
meathead,11.33
meatless,11.15
meatloaf,6.43
meatpacking,9.33
meats,4.16
meaty,6.0
mechanic,7.83
mechanical,8.85
mechanics,10.95
mechanism,10.61
mechanisms,9.77
mechanistic,12.88
mechanization,12.37
med,9.5
medal,6.83
medallion,10.26
medals,6.68
meddle,10.22
meddled,10.99
meddler,11.0
meddles,10.99
meddlesome,11.11
meddling,10.99
media,6.71
medial,12.81
median,12.38
medias,6.71
mediate,11.63
mediation,13.16
mediator,11.05
medic,11.17
medical,8.68
medicate,10.53
medication,7.53
medicinal,12.9
medicine,4.89
medicines,6.3
medico,14.77
medics,9.94
medieval,9.67
medievalism,14.53
mediocre,11.59
mediocrities,12.43
mediocrity,12.37
meditate,11.44
meditated,11.73
meditating,11.73
meditation,10.47
meditative,12.06
mediterranean,10.86
medium,7.67
mediums,6.71
medley,10.0
medleys,10.6
medulla,14.23
meek,9.7
meeker,11.16
meekness,13.6
meerschaum,13.83
meet,4.74
meeting,5.72
meetinghouse,8.9
meetings,7.15
meets,5.64
mega,7.5
megabits,15.72
megabyte,12.89
megahertz,14.95
megalith,15.36
megalomania,18.92
megalomaniac,15.67
megalomaniacal,14.3
megalopolis,12.93
megaphone,10.2
megastar,10.82
megaton,13.81
megawatt,11.75
meiosis,14.1
melamine,13.08
melancholia,16.12
melancholic,12.94
melancholy,12.53
melanin,14.29
melanoma,13.63
melatonin,15.11
meld,11.63
melee,12.24
mellifluous,16.1
mellow,8.85
melodic,9.79
melodious,10.12
melodrama,13.17
melodramatic,10.89
melody,6.58
melon,4.21
melons,6.13
melt,5.47
meltdown,10.32
melted,5.61
melting,5.61
melts,5.61
member,8.2
members,7.83
membership,7.78
membrane,10.95
membranes,12.32
membranous,13.0
memento,11.12
memo,11.39
memoir,12.37
memoire,12.39
memoirist,15.4
memoirs,12.39
memorabilia,11.16
memorable,9.47
memorandum,13.82
memorial,8.32
memorialize,11.42
memories,7.12
memorization,11.17
memorize,6.47
memory,6.4
memos,10.41
memsahib,14.5
men,3.78
menace,9.47
menaces,10.32
menacing,10.84
menage,14.91
menagerie,13.56
mend,9.11
mendacious,15.83
mendacity,15.1
mended,5.51
mendelevium,15.62
mender,10.21
mendicant,15.22
mending,5.51
mends,5.51
menfolk,10.23
menial,12.88
menials,10.89
meningitis,12.68
meniscus,13.44
menopausal,13.44
menopause,14.56
menorah,11.75
menses,12.57
menstrual,10.83
menstruate,12.67
menstruation,10.39
mensuration,14.62
menswear,10.11
mental,8.84
mentalist,15.22
mentality,10.32
menthol,11.11
mentholated,13.12
mention,8.06
mentioned,7.71
mentioning,7.71
mentions,7.71
mentor,11.37
mentoring,9.85
mentors,9.85
menu,5.89
menus,8.6
meow,4.0
meowed,3.53
meowing,3.53
meows,3.53
mercantile,12.33
mercenary,13.0
merchandise,9.26
merchandiser,11.65
merchant,9.8
merchantman,11.12
merchants,8.13
mercies,8.2
merciful,8.11
mercifulness,9.67
merciless,11.44
mercurial,13.0
mercuric,12.9
mercurochrome,13.5
mercury,12.32
mercy,8.74
mere,9.41
merest,10.49
meretricious,15.57
merge,10.68
merged,10.12
merger,13.1
merges,10.12
merging,10.12
meridian,10.19
meringue,11.06
meringues,12.85
merino,18.0
merit,10.47
merited,8.81
meritocracy,13.89
meritorious,13.33
merits,8.81
mermaid,5.68
mermaids,6.5
merrier,6.41
merriest,6.41
merriment,11.88
merry,5.89
merrymaking,8.41
mescal,15.75
mescaline,16.31
mesdames,12.0
mesenteric,15.86
mesentery,15.25
mesh,9.89
meshed,9.03
mesmerism,12.47
mesmerize,12.67
mesoderm,16.11
meson,13.5
mesosphere,14.5
mesquite,12.31
mess,4.28
message,6.32
messaged,7.57
messages,7.57
messaging,11.26
messed,4.64
messenger,7.58
messengers,7.66
messes,4.64
messiah,8.0
messianic,12.6
messieurs,15.22
messiness,7.2
messing,4.64
messy,5.05
mestizo,15.25
met,5.64
metabolic,12.75
metabolism,12.0
metabolite,15.0
metabolize,12.28
metacarpal,16.31
metal,5.61
metallic,9.63
metalloid,14.53
metallurgical,15.69
metallurgist,15.8
metallurgy,12.85
metals,6.24
metalware,13.64
metalwork,12.61
metalworker,11.0
metalworking,11.39
metamorphic,12.61
metamorphose,12.67
metamorphosis,11.8
metaphase,15.38
metaphor,11.59
metaphoric,13.72
metaphorical,12.33
metaphysic,14.53
metaphysical,14.5
metaphysician,15.45
metaphysics,14.88
metastasis,14.07
metastasize,14.73
metastatic,16.07
metatarsal,13.83
mete,12.0
metempsychosis,19.0
meteor,7.67
meteoric,11.11
meteorite,8.84
meteorological,12.33
meteorologist,8.89
meteorology,14.0
meter,8.56
metered,13.88
meters,8.12
meth,17.06
methadone,19.21
methamphetamine,15.42
methane,13.21
methanol,15.24
method,11.15
methodical,12.74
methodological,15.0
methodology,14.13
methods,9.51
methyl,14.24
methylene,15.57
methylphenidate,18.27
meticulous,11.47
metric,10.16
metro,12.39
metronome,11.06
metropolis,12.06
metropolitan,11.59
metros,10.13
mettle,12.33
mettlesome,12.22
mew,9.29
mewed,10.87
mewl,13.7
mews,10.87
mezuzah,14.67
mezzanine,12.12
mezzo,12.6
miaow,6.19
miasma,16.14
mica,12.25
micas,12.24
mice,4.99
micro,10.44
microbe,12.61
microbes,12.17
microbial,12.76
microbiological,13.79
microbiologist,12.68
microbiology,13.5
microcellular,13.28
microchemistry,13.94
microchip,14.0
microcomputer,13.89
microcosm,16.0
microdot,14.27
microeconomic,17.4
microeconomics,15.18
microelectronic,16.8
microelectronics,15.67
microfiche,14.75
microfilm,12.12
microgram,13.21
micromanage,15.83
micrometer,14.0
micron,14.56
microorganism,12.17
microphone,6.25
microphotograph,13.23
microprobe,14.0
microprocessor,15.48
microreader,16.86
micros,10.22
microscope,9.16
microscopic,10.11
microscopy,12.8
microsecond,11.72
microwavable,11.28
microwave,7.67
microwaves,12.68
mid,10.32
midair,9.21
midbrain,14.62
midcourse,11.88
midday,7.37
midden,13.25
middle,4.7
middlebrow,11.85
middleclass,10.55
middleman,10.89
middles,5.35
middleweight,9.83
middling,11.56
middy,10.25
midfield,10.28
midfielder,9.56
midget,9.2
midgets,10.05
midlife,11.43
midline,11.53
midmorning,10.11
midnight,6.21
midnights,6.62
midpoint,10.5
midrange,11.18
midriff,11.53
midseason,10.28
midsection,9.62
midship,12.44
midshipman,13.93
midshipmen,11.28
midsize,9.72
midst,10.89
midsummer,8.94
midterm,13.16
midtown,9.78
midway,9.46
midweek,9.55
midwife,10.89
midwinter,9.35
midwives,8.69
miff,11.22
miffed,11.78
might,5.69
mightier,8.22
mightiest,8.22
mightiness,8.5
mighty,5.63
mignon,14.4
mignons,13.63
migraine,10.0
migrant,11.74
migrate,9.62
migration,9.67
migratory,9.94
mikado,18.2
mike,6.78
mikes,8.03
mil,10.87
milady,13.18
milch,17.0
mild,8.05
milder,7.24
mildest,7.24
mildew,9.74
mildews,10.87
mildness,11.05
mile,7.65
mileage,10.22
milepost,12.0
miler,12.75
miles,6.35
milestone,11.62
milieu,16.67
militant,12.59
militaries,8.51
militarism,12.76
militarist,14.0
militaristic,10.6
militarization,13.0
militarize,12.59
military,8.2
militate,13.73
militia,12.0
milk,3.37
milked,4.05
milkmaid,8.94
milkman,6.37
milkmen,4.68
milks,4.05
milkshake,4.89
milksop,13.86
milkweed,10.27
milky,6.32
mill,8.17
millage,13.21
milled,7.6
millenarian,15.83
millennial,14.11
millennium,10.78
millet,14.08
milliard,14.0
milligram,10.05
milliliter,10.35
millimeter,9.37
milliner,15.3
millinery,15.25
million,6.47
millionaire,7.06
millions,8.34
millionth,8.94
millisecond,11.11
millpond,12.88
millrace,16.17
millstone,10.67
millstones,9.19
millwright,15.67
milord,14.14
milt,14.56
mime,8.0
mimed,8.4
mimeo,12.22
mimeograph,12.5
mimes,8.4
mimetic,13.6
mimic,8.74
mimicked,9.13
mimicking,9.13
mimicry,12.47
mimics,9.13
miming,8.4
mimosa,14.88
min,10.45
minable,11.15
minaret,13.0
minatory,13.33
mince,11.11
minced,13.06
mincemeat,12.06
minces,10.75
mincing,10.75
mind,5.37
mindblower,10.47
minded,6.16
mindedness,12.62
minder,12.38
minders,9.38
mindful,10.9
minding,6.16
mindless,9.89
minds,6.16
mindset,11.78
mine,4.24
mined,4.31
minefield,9.53
miner,8.05
mineral,8.67
mineralogy,14.0
minerals,9.28
miners,6.34
mines,4.31
minestrone,10.9
minesweeper,11.12
minesweeping,12.28
mingle,10.29
mingled,12.66
mingles,12.66
mingling,12.66
mini,7.25
miniature,9.0
miniaturization,13.17
miniaturize,9.56
minibus,12.24
minim,14.0
minimal,11.33
minimalist,13.94
minimize,10.89
minimum,8.11
mining,8.72
minion,11.31
minions,11.8
minis,6.33
miniscule,11.68
miniskirt,10.47
minister,7.42
ministerial,12.81
ministering,6.88
ministers,6.88
ministry,9.61
minivan,7.5
mink,10.32
minks,10.94
minnesinger,18.5
minnow,9.06
minnows,7.92
minor,9.11
minored,8.71
minority,9.83
minors,8.71
minotaur,10.6
minster,9.21
minstrel,10.75
minstrels,11.8
minstrelsy,12.86
mint,5.94
mintage,12.9
minted,6.05
mints,6.05
minty,7.9
minuet,12.83
minus,5.82
minuscule,11.88
minuses,6.01
minute,7.26
minuteman,10.4
minuteness,12.0
minutes,5.1
minutia,13.29
minx,11.12
miracle,6.8
miraculous,9.3
mirage,10.89
mirages,9.77
mire,13.94
mirror,4.89
mirroring,5.3
mirrors,5.3
mirth,12.07
mirthless,13.46
misadventure,9.56
misalignment,14.18
misallocation,15.85
misanthrope,16.0
misanthropic,14.92
misanthropy,15.29
misapplication,12.24
misapprehension,11.93
misappropriation,14.12
misbegotten,13.0
misbehave,5.5
misbehavior,6.68
misbeliever,12.26
misc,11.11
miscalculate,11.79
miscalculation,9.83
miscarriage,11.47
miscarry,12.68
miscast,13.0
miscegenation,14.33
miscellaneous,9.11
miscellany,12.08
mischance,12.67
mischief,9.05
mischievous,9.17
mischievousness,8.56
miscible,13.91
miscommunication,11.58
misconception,10.39
misconduct,9.22
misconstrue,12.11
miscreant,16.14
miscue,11.87
misdeal,12.13
misdeed,10.56
misdemeanor,14.21
misdiagnose,12.41
misdiagnosis,12.56
misdirect,10.0
misdirection,12.67
misdoubt,12.71
miser,11.57
miserable,10.11
miseries,8.92
miserliness,10.0
miserly,12.25
misers,11.47
misery,9.22
misfeasance,17.33
misfile,14.41
misfire,11.0
misfit,7.22
misfits,9.76
misfortunate,9.6
misfortune,10.53
misgiving,11.0
misguidance,12.56
misguide,10.89
misguided,9.39
mishap,11.59
mishaps,9.85
mishear,11.18
misheard,10.1
mishmash,10.64
misidentification,11.63
misidentify,12.11
misinformation,11.06
misinterpret,11.16
misinterpretation,11.33
misjudge,9.42
misjudgment,10.05
mislabel,9.67
mislay,13.13
mislead,9.65
misleading,9.67
misled,9.63
mislike,11.67
mismanage,12.17
mismanagement,14.94
mismatch,8.58
mismatched,8.26
misnomer,14.9
misogynist,14.45
misogynistic,15.13
misogyny,16.06
misperception,12.56
misplace,8.72
misprint,11.45
misprision,11.71
mispronounce,9.47
misquotation,12.67
misquote,10.22
misread,10.11
misremember,11.85
misrepresent,13.33
misrepresentation,12.72
misrepresented,11.41
misrepresenting,11.41
misrepresents,11.41
misrule,13.31
miss,6.33
missal,13.8
missed,4.86
misses,4.86
misshapen,10.95
missile,7.22
missiles,9.47
missing,4.86
mission,9.95
missionary,9.78
missions,8.47
missive,13.0
misspeak,9.33
misspell,8.25
misspent,11.24
misspoken,11.58
misstep,12.67
missus,9.23
missy,6.35
mist,6.95
mistake,5.78
mistaken,5.92
mistakes,5.92
mistaking,5.92
mister,6.39
misting,7.35
mistletoe,9.65
mistook,5.92
mistral,15.08
mistranslation,12.78
mistreat,10.21
mistreatment,8.37
mistress,11.72
mistresses,10.19
mistrial,12.42
mistrust,9.16
mistrustful,10.0
mists,7.35
misty,8.39
misunderstand,8.52
misunderstanding,9.15
misuse,9.68
mite,11.35
miter,13.29
mites,10.95
mitigate,15.25
mitigating,13.76
mitigation,13.89
mitigative,16.92
mitochondria,12.65
mitochondrial,15.12
mitosis,13.76
mitral,14.38
mitt,6.83
mitten,4.72
mitts,8.03
mitzvah,11.94
mix,5.11
mixed,7.66
mixer,7.05
mixes,7.66
mixing,7.66
mixture,8.11
mixtures,7.03
mizzen,15.8
mizzenmast,13.33
mnemonic,13.07
moan,7.72
moaned,6.81
moaner,11.9
moaning,6.81
moans,6.81
moat,9.65
moats,9.1
mob,9.67
mobbed,8.89
mobile,8.72
mobiles,8.53
mobility,10.94
mobilization,11.58
mobilize,12.25
mobilizer,11.65
mobs,8.89
mobster,10.0
moccasin,11.22
mocha,12.0
mock,9.05
mocked,9.71
mocker,9.79
mockers,10.75
mockery,12.22
mockingbird,9.06
mocks,9.71
mockup,13.73
mod,12.6
modality,13.92
mode,9.68
model,5.83
modeled,8.77
modeling,8.21
models,8.77
modem,13.75
modems,12.01
moderate,11.22
moderation,10.79
moderato,14.1
moderator,12.4
modern,8.58
modernism,13.68
modernist,14.23
modernistic,13.89
modernists,12.02
modernity,12.74
modernization,10.72
modernize,11.17
modes,10.07
modest,10.68
modesty,10.89
modicum,16.57
modification,12.32
modified,10.31
modifier,10.63
modify,9.39
modiste,15.0
modular,13.17
modularity,15.47
modulate,13.31
modulation,13.94
modulator,14.73
module,13.42
modules,11.8
modulo,17.17
modus,13.1
mogul,12.32
moguls,12.53
mohair,13.15
moil,12.0
moist,9.55
moisten,9.28
moisture,6.5
moisturize,9.1
moisturizer,9.33
moisturizing,9.89
mol,13.8
molar,8.12
molasses,8.95
mold,9.26
moldboard,18.6
molded,7.77
molder,11.35
molding,7.77
molds,7.77
moldy,7.28
mole,7.33
molecular,11.84
molecule,12.0
molehill,10.61
moles,7.08
moleskin,12.94
molest,11.32
molestation,11.56
molested,11.9
molester,9.74
molesting,11.9
molests,11.9
moll,13.7
mollification,14.55
mollify,13.4
molls,12.86
mollusk,11.6
molt,10.22
molten,9.06
molybdenum,15.83
mom,2.22
moment,7.95
momentary,10.67
momentous,13.39
moments,7.03
momentum,10.17
momma,1.58
mommies,2.87
mommy,2.5
monarch,10.12
monarchical,13.71
monarchies,9.54
monarchist,12.19
monarchs,9.03
monarchy,10.44
monasterial,13.83
monastery,10.26
monastic,10.8
monasticism,15.92
monaural,17.11
monetary,12.56
monetize,13.11
money,5.11
moneybag,9.67
moneybags,9.32
moneyed,11.29
moneylender,11.41
moneymaker,11.39
moneymaking,8.32
moneyman,12.13
moneys,5.09
monger,13.06
mongo,11.38
mongoloid,11.8
mongoose,9.94
mongrel,10.24
mongrels,12.22
monies,5.09
moniker,14.07
monitor,9.68
monitory,15.14
monk,10.29
monkey,4.21
monkeys,5.07
monkeyshine,11.46
monkfish,13.92
monks,8.23
monkshood,12.7
mono,11.22
monoamine,16.0
monochromatic,15.75
monochrome,13.78
monocle,13.0
monoclonal,13.7
monofilament,14.06
monogamist,12.43
monogamous,13.32
monogamy,13.06
monogram,11.35
monogrammed,12.11
monograph,12.39
monolayer,13.2
monolith,14.81
monolithic,14.14
monologue,12.59
monomania,15.5
monomaniacal,13.91
mononucleosis,12.94
monoplane,12.15
monopolist,12.64
monopolistic,13.85
monopolize,12.21
monopoly,6.74
monorail,11.05
monosodium,16.53
monosyllabic,12.12
monosyllable,11.21
monotheism,15.33
monotone,11.11
monotonous,13.47
monotony,14.44
monounsaturated,15.38
monoxide,12.79
monozygotic,15.08
monsieur,10.12
monsignor,13.92
monsoon,11.28
monsoons,10.02
monster,4.58
monsters,4.33
monstrosity,13.06
monstrous,10.67
montage,11.53
montages,12.01
month,5.79
monthly,7.95
months,5.51
monument,8.45
monumental,10.59
monuments,8.81
moo,3.53
mooch,11.72
mooched,10.53
moocher,11.58
mooches,10.53
mooching,10.53
mood,6.58
moodiness,12.0
moods,6.97
moody,9.37
moon,4.83
moonbeam,8.24
mooncalf,11.71
mooned,4.28
mooning,4.28
moonless,8.78
moonlight,5.5
moonlighted,7.56
moonlighter,12.82
moonlighting,7.56
moonlights,7.56
moonlit,6.0
moonrise,8.47
moons,4.28
moonscape,11.59
moonshine,9.22
moonshiner,13.05
moonstruck,12.58
moonwalk,10.3
moony,11.17
moor,11.8
moorage,14.2
moored,11.02
moorhen,15.86
mooring,12.22
moorings,10.94
moorland,13.0
moors,11.02
moose,5.22
moot,14.25
mop,5.11
mope,9.37
moped,9.39
moping,9.38
mopped,6.08
moppet,12.92
mopping,6.08
mops,6.08
moraine,14.88
moral,9.53
morale,10.62
moralist,12.5
moralistic,13.38
morality,11.39
moralization,14.12
moralize,12.37
moralizer,13.83
morals,9.75
morass,12.4
moratorium,14.5
moray,13.29
morbid,9.72
morbidity,14.17
more,3.78
morel,12.4
mores,13.86
morgue,10.53
morgues,10.75
moribund,15.38
moribundity,17.3
mormon,11.93
morn,9.53
morning,4.0
mornings,4.26
moron,8.67
moronic,9.89
morons,8.87
morose,13.0
morph,11.47
morphine,13.22
morphogenetic,15.7
morphological,16.57
morphology,15.42
morsel,8.78
morsels,10.3
mortal,9.84
mortality,12.35
mortals,10.02
mortar,11.9
mortars,10.83
mortem,12.43
mortgage,12.53
mortgaged,12.22
mortgagee,15.67
mortgages,12.22
mortgaging,12.22
mortician,10.2
mortification,13.11
mortify,11.78
mortise,13.31
mortmain,19.6
mortuary,12.06
mosaic,9.78
mosey,9.0
moseying,12.01
moseys,12.01
mosque,14.12
mosques,12.37
mosquito,6.1
moss,8.31
mossback,14.29
mossy,8.47
most,5.48
mot,10.62
mote,10.38
motel,7.11
motels,6.68
motet,14.43
moth,5.74
mothball,8.32
mother,2.63
motherboard,14.17
mothered,3.14
motherfucker,9.74
motherfucking,9.58
motherhood,7.55
motherhouse,13.88
motherland,10.12
motherless,7.39
motherly,8.55
mothers,3.14
mothproof,10.73
moths,6.3
motif,13.55
motifs,12.75
motile,12.22
motility,14.0
motion,6.78
motioned,7.7
motionless,8.83
motionlessness,10.16
motions,7.7
motivate,9.9
motivated,11.04
motivates,11.04
motivation,10.6
motivational,12.29
motivator,10.56
motive,11.06
motiveless,11.61
motives,10.07
motley,12.19
motocross,11.8
motor,7.42
motorbike,7.95
motorboat,6.53
motorbus,9.21
motorcade,10.65
motorcar,7.78
motorcycle,5.05
motorcyclist,7.17
motoring,10.89
motorist,7.74
motorization,13.27
motorized,9.12
motorman,10.27
motors,6.92
motorway,7.95
motto,10.41
mottoes,9.94
mould,11.33
moulds,8.88
mound,7.71
mounds,8.47
mount,8.53
mountain,6.15
mountaineering,11.2
mountainous,10.56
mountains,5.77
mountainside,7.53
mountaintop,7.61
mountebank,17.17
mounted,8.35
mounting,8.35
mounts,8.35
mourn,9.21
mourner,10.32
mournful,9.94
mourning,11.05
mouse,4.94
mouser,10.35
mousetrap,6.78
mousse,10.32
mousses,10.53
moustache,5.4
moustaches,6.06
mousy,11.47
mouth,3.58
mouthful,6.37
mouthpiece,10.6
mouthwash,7.32
mouthwatering,9.15
mouthy,7.68
movable,7.63
move,4.62
moved,5.27
movement,6.58
movements,6.34
mover,8.41
moves,5.27
movie,3.56
moviegoer,10.32
moviemaker,10.0
movies,7.71
moving,5.27
mow,6.76
mowed,7.35
mower,6.89
mowers,7.49
mowing,7.35
mows,7.35
moxie,13.71
mozzarella,8.44
mu,15.83
much,4.58
mucilage,14.22
mucilaginous,17.5
muck,8.0
mucked,6.22
mucking,6.22
muckrake,14.1
muckraker,15.25
mucks,6.22
mucky,8.25
mucosa,14.12
mucosal,13.5
mucous,10.35
mucus,9.56
mud,4.05
muddiness,7.11
muddle,11.32
muddled,11.11
muddleheaded,14.13
muddling,6.04
muddy,5.42
mudguard,13.0
mudpack,12.81
mudroom,11.0
mudskipper,10.67
mudslide,8.32
mudslinger,12.84
mudslinging,13.53
muesli,14.5
muezzin,14.0
muff,10.35
muffed,10.12
muffin,5.11
muffins,6.33
muffle,9.84
muffled,9.06
muffler,9.5
muffs,10.12
mug,5.15
mugged,10.99
mugger,11.29
muggy,8.06
mugs,10.99
mujahedin,17.0
mukluk,13.18
mulatto,13.13
mulberry,8.88
mulch,9.22
mule,5.65
mules,6.83
muleteer,13.71
mulish,17.78
mulishness,12.0
mull,12.24
mulled,13.69
mullet,11.67
mullets,10.51
mulligatawny,15.0
mulling,11.34
mullioned,17.33
multi,8.68
multicolored,7.11
multicultural,10.22
multidimensional,12.83
multidimensionality,14.76
multidirectional,12.39
multifaceted,13.18
multifocal,12.5
multilateral,13.22
multilayered,8.94
multilevel,8.33
multimedia,11.89
multimillion,10.61
multimillionaire,10.42
multinational,13.22
multiphase,15.05
multiple,7.79
multiplex,12.63
multiplication,7.79
multiplicity,11.72
multiplied,6.34
multiplies,6.34
multiply,7.95
multiplying,6.34
multiprocessing,14.16
multiprocessor,15.38
multispecies,11.26
multistage,11.89
multisystem,13.47
multitask,12.55
multitude,10.8
multitudes,9.75
multitudinous,13.0
multivitamin,10.72
multivolume,12.41
mum,7.47
mumble,7.15
mumbled,7.01
mumbles,7.01
mumbling,7.01
mumbo,10.86
mummer,13.2
mummery,11.7
mummies,2.31
mummification,10.56
mummified,10.05
mummify,10.22
mummy,5.47
mumps,8.42
mums,9.1
munch,7.6
munched,6.81
munches,6.81
munching,6.81
munchkin,6.21
mundane,14.05
municipal,14.06
municipality,13.05
munificence,14.0
munition,13.33
mural,9.74
muralist,13.42
murals,10.22
murder,8.79
murdered,7.84
murderer,8.26
murderess,13.0
murdering,7.84
murderous,9.89
murders,7.84
murk,10.76
murky,9.61
murmur,11.22
murmured,9.7
murmuring,9.7
murmurs,9.7
muscatel,17.86
muscle,8.45
muscled,7.92
muscleman,9.06
muscles,7.92
muscling,7.92
muscovite,14.83
muscular,8.79
muscularity,13.0
musculature,14.5
muse,11.94
mused,11.16
muses,11.16
musette,13.67
museum,8.55
museums,7.84
mush,5.78
musher,14.33
mushroom,6.44
mushy,6.56
music,3.81
musical,7.28
musicale,10.88
musicality,11.86
musician,7.11
musicians,7.37
musicianship,11.67
musicologist,13.93
musicology,11.41
musing,11.16
musk,10.94
muskellunge,8.75
musket,10.17
musketeer,7.1
musketry,11.82
muskets,10.6
muskrat,10.39
musky,10.94
muslim,12.91
muslin,11.67
muss,9.77
mussed,11.93
mussel,10.0
mussels,8.24
musses,11.93
mussing,11.93
must,4.58
mustache,6.06
mustached,7.63
mustaches,6.06
mustachio,15.8
mustachioed,13.2
mustang,9.47
mustangs,12.47
mustard,4.95
mustards,6.08
muster,12.22
mustered,11.7
musters,11.7
musts,5.13
musty,10.47
mutable,10.93
mutagen,15.9
mutagenesis,16.18
mutant,10.0
mutants,8.79
mutate,8.78
mutation,10.83
mutative,13.81
mute,9.84
muted,9.28
mutes,7.77
mutilate,12.74
mutilated,10.44
mutilation,11.53
mutilations,11.26
mutilator,12.94
mutineer,13.73
mutinous,12.37
mutiny,10.59
mutt,7.22
mutter,9.5
mutton,13.15
muttonhead,11.75
muttons,12.85
mutts,6.94
mutual,8.9
mutuality,13.05
muumuu,8.85
muzzle,8.44
muzzled,9.13
muzzles,9.13
muzzy,13.5
my,2.72
mycological,17.6
mycologist,16.56
myelin,16.71
myeloid,15.25
myeloma,16.36
mynah,9.5
myocardial,16.64
myocardium,15.27
myopia,14.54
myopic,13.33
myriad,11.94
myrmidon,15.67
myrrh,10.31
myrtle,11.01
myself,3.81
mysteries,6.88
mysterious,9.0
mysteriousness,9.74
mystery,6.89
mystic,10.62
mystical,10.21
mysticism,13.38
mystics,10.8
mystification,12.89
mystified,11.53
mystify,11.37
mystique,11.89
myth,8.61
mythic,10.32
mythical,7.11
mythmaking,11.25
mythological,10.72
mythology,10.53
mythos,13.95
myths,9.01
nab,7.59
nabbed,9.1
nabbing,9.1
nabob,15.0
nabs,9.1
nacelle,14.33
nacho,6.86
nacre,14.0
nada,9.1
nag,9.21
nagged,8.26
nags,8.26
naiad,14.3
nail,5.42
nailed,5.56
nailfile,8.45
nailing,5.56
nails,5.56
naira,16.0
naive,11.33
naivete,13.13
naivety,12.44
naked,4.68
nakedness,7.05
name,3.68
named,4.71
nameless,10.06
nameplate,9.89
names,4.71
namesake,10.29
naming,4.71
nana,4.29
nannies,4.47
nanny,6.67
nanosecond,13.67
nanotechnology,16.0
nap,2.53
napalm,14.75
napalmed,13.07
nape,10.53
napery,15.0
naphtha,17.25
napkin,4.79
napkins,6.88
napped,3.63
napping,3.63
nappy,8.44
naps,3.63
narcissism,13.17
narcissist,14.53
narcissistic,14.06
narcolepsy,14.5
narcoleptic,14.12
narcosis,15.38
narcotic,13.11
narcotics,12.39
nard,14.0
nark,12.36
narrate,9.06
narration,9.67
narrative,11.44
narrator,6.72
narrow,7.57
narrowed,7.84
narrower,7.84
narrowest,7.84
narrowing,7.84
narrowness,9.57
narrows,7.84
narwhal,12.14
nary,12.38
nasal,8.75
nascent,13.88
nasopharynx,16.22
nastier,4.77
nastiest,4.77
nastiness,8.05
nasturtium,16.12
nasty,6.0
natal,13.07
natality,15.5
natatorium,15.43
nation,7.74
national,6.89
nationalism,12.39
nationalist,13.47
nationalistic,14.07
nationalists,12.74
nationality,9.84
nationalization,11.78
nations,8.45
nationwide,9.0
native,9.2
natives,8.35
nativity,9.62
natter,12.33
natty,12.08
natural,8.5
naturalist,11.84
naturalistic,13.67
naturalization,11.71
naturalized,12.11
naturally,8.56
naturals,7.8
nature,6.16
natured,11.11
natures,6.88
naturopathic,15.3
naught,11.17
naughtier,4.26
naughtiest,4.26
naughtiness,8.9
naughty,4.9
nausea,8.63
nauseate,10.73
nauseating,10.84
nauseous,8.94
nautical,11.39
nautilus,12.47
naval,9.7
nave,12.54
navel,9.6
navels,9.49
navies,7.09
navigability,11.88
navigate,10.05
navigation,10.2
navigational,11.21
navigator,9.84
navigators,9.93
navy,7.15
nay,10.31
nays,8.68
naysay,11.6
naysayer,12.28
neap,15.5
near,5.41
nearby,6.85
neared,4.93
nearer,4.93
nearest,4.93
nearing,4.93
nearly,7.49
nearness,7.35
nears,4.93
nearside,10.83
nearsighted,9.44
nearsightedness,10.42
neat,5.43
neaten,8.62
neater,6.13
neatest,6.13
neatness,7.32
neb,13.17
nebbish,11.75
nebula,13.38
nebulizer,14.79
nebulous,13.27
necessaries,7.37
necessary,7.55
necessitate,13.22
necessities,10.07
necessitous,16.12
necessity,9.53
neck,3.0
neckband,9.78
necked,4.64
neckerchief,9.65
necking,4.64
necklace,5.0
necklaces,5.02
neckline,10.53
necks,4.64
necktie,6.63
neckwear,11.58
necrology,16.25
necromancer,14.29
necromancy,14.11
necromantic,14.67
necrophilia,15.0
necropolis,14.76
necropsy,15.33
necrosis,14.23
necrotic,15.07
nectar,8.95
nectarine,8.94
nectarous,13.44
need,3.56
needed,6.04
needful,10.56
neediness,10.11
needing,6.04
needle,5.32
needled,5.41
needlepoint,9.0
needles,5.41
needless,9.15
needlewoman,12.86
needlework,9.88
needling,5.41
needs,6.04
needy,7.32
nefarious,13.31
negate,13.11
negation,14.28
negative,7.47
negativism,12.32
negativity,10.53
neglect,9.84
neglected,9.24
neglectful,10.37
neglecting,9.24
neglects,9.24
negligee,15.92
negligence,12.16
negligent,11.83
negligible,11.33
negotiable,12.58
negotiate,10.85
negotiation,11.74
negotiator,11.42
negro,9.83
negus,16.67
neigh,7.2
neighbor,5.06
neighborhood,6.47
neighboring,10.9
neighbors,5.14
neighed,9.31
neighing,9.31
neighs,9.31
nein,14.33
neither,6.74
nemesis,11.06
neoclassic,14.88
neoclassical,14.4
neoclassicism,16.67
neoconservative,17.06
neodymium,14.6
neomycin,16.67
neon,8.0
neonatal,14.19
neonate,14.4
neophyte,15.93
neoplastic,16.71
neoprene,15.4
nepenthe,15.5
nephew,6.37
nephews,6.61
nephritis,17.92
nephrology,15.75
nepotism,13.75
neptunium,15.17
nerd,7.05
nerdy,9.72
nerve,9.67
nervecell,12.07
nerves,9.49
nerviness,10.5
nervous,6.79
nervousness,7.3
nervy,10.71
nest,5.11
nested,5.75
nester,12.93
nests,5.75
net,7.0
netball,10.47
nether,12.23
nethermost,13.75
netherworld,10.75
nets,5.5
netsuke,16.0
netted,5.5
netting,7.8
nettle,14.33
nettles,5.92
network,10.94
networked,11.38
networking,13.42
networks,11.38
neural,12.19
neuralgia,16.5
neurasthenia,16.71
neurasthenic,16.0
neuritis,14.0
neurobiological,17.12
neurobiologist,14.71
neurobiology,15.27
neurochemistry,15.93
neurologic,13.85
neurological,13.65
neurologist,14.22
neurology,14.42
neuromuscular,16.18
neuron,12.06
neuronal,13.64
neuropath,13.73
neuropathic,15.4
neuropathology,16.13
neuropathy,16.81
neurophysiologist,16.65
neurophysiology,14.85
neuropsychiatry,18.54
neuropsychological,16.64
neuropsychologist,16.11
neuroscience,14.05
neuroscientist,14.11
neurosis,15.17
neurosurgeon,13.75
neurosurgery,14.11
neurosurgical,13.56
neurotic,13.84
neurotoxin,13.58
neurotransmitter,16.18
neurovascular,15.82
neuter,11.12
neuters,12.01
neutral,10.19
neutralist,13.18
neutrality,12.11
neutralization,13.11
neutralize,12.0
neutralizer,12.58
neutrals,10.73
neutrino,13.8
neutron,11.43
neutrons,13.64
never,5.07
nevus,17.0
new,4.72
newbie,10.17
newborn,6.9
newborns,8.09
newcomer,8.26
newel,12.33
newer,4.62
newest,4.62
newfangled,11.29
newfound,10.95
newish,10.45
newlywed,8.63
newness,7.2
news,6.16
newsagent,11.11
newsbeat,11.38
newsboy,7.53
newsbreak,9.37
newscast,7.2
newscaster,9.56
newsflash,9.22
newsgroup,11.39
newshound,14.53
newsletter,9.42
newsman,5.72
newspaper,5.78
newspaperman,7.5
newspapers,5.94
newspaperwoman,6.88
newsprint,10.0
newsreader,10.76
newsreel,10.39
newsroom,8.89
newsstand,9.74
newswoman,9.14
newsworthy,10.0
newsy,12.77
newt,7.56
next,4.35
nexus,14.59
niacin,15.23
nib,10.31
nibble,7.37
nibbled,7.72
nibbler,8.26
nibbles,7.72
nibbling,7.72
nice,3.95
niceness,5.17
nicer,4.52
nicest,4.52
niceties,11.17
nicety,12.85
niche,14.06
nick,7.59
nicked,9.46
nickel,5.75
nickelodeon,8.78
nickels,10.36
nicker,12.0
nicking,9.46
nickname,6.5
nicotine,10.22
niece,7.0
nieces,6.94
niftiness,9.71
nifty,9.12
niggard,13.88
nigger,8.29
niggle,15.33
nigh,11.44
night,3.61
nightcap,10.17
nightclub,10.74
nightclubbing,13.78
nightdress,9.12
nightfall,8.17
nightgown,5.78
nightie,7.82
nightingale,8.81
nightingales,8.34
nightlife,10.78
nightlight,5.21
nightly,8.0
nightmare,5.94
nightmares,5.31
nightmarish,9.47
nights,4.62
nightshirt,6.1
nightspot,12.13
nightstand,6.67
nightstick,9.82
nighttime,3.72
nightwear,7.17
nihilism,16.79
nihilist,16.58
nihilistic,15.36
nihility,13.4
nil,12.29
nimble,8.61
nimbostratus,13.3
nimrod,11.31
nincompoop,6.82
nine,3.23
ninepin,11.85
ninepins,13.33
nines,4.84
nineties,5.92
ninety,6.69
ninja,8.89
ninjas,5.74
ninny,9.37
ninth,5.91
ninths,6.07
nip,7.94
nipped,6.15
nipper,8.88
nipping,6.15
nipple,9.05
nipples,8.73
nippy,8.88
nips,6.15
nit,8.57
niter,14.25
nitpick,10.35
nitrate,14.12
nitrates,13.18
nitric,11.73
nitrite,14.06
nitro,13.0
nitrocellulose,16.0
nitrogen,10.72
nitroglycerine,14.38
nitrous,13.63
nitwit,10.22
nix,11.88
nixed,12.37
no,2.72
nob,7.96
nobelium,16.25
nobility,11.39
noble,10.67
nobleman,9.74
nobleness,10.05
nobler,10.41
nobles,10.41
noblesse,13.75
noblest,10.41
noblewoman,11.78
nobody,5.25
nock,13.33
nocturnal,8.89
nocturne,11.24
nod,5.62
nodal,16.19
nodded,4.26
nodding,4.26
noddle,8.14
node,12.17
nodes,12.22
nods,4.26
nodule,13.71
noggin,6.11
noggins,9.05
noir,16.44
noire,15.89
noise,4.5
noiseless,9.78
noisemaker,8.21
noises,4.31
noisiness,9.06
noisome,15.92
noisy,5.33
nom,12.17
nomad,11.12
nomadic,11.16
nomads,10.07
nomenclature,14.25
nominal,11.21
nominate,10.67
nominated,10.8
nominates,10.8
nomination,11.72
nominative,13.8
nominee,11.0
nonagenarian,16.17
nonaggression,12.56
nonalcoholic,11.79
nonaligned,12.59
nonattendance,12.16
nonbeliever,7.89
nonbinding,12.06
noncancerous,13.24
nonce,14.17
nonchalance,12.31
nonchalant,12.16
noncom,13.78
noncombat,12.71
noncombatant,13.6
noncombustible,12.17
noncommissioned,14.33
noncommittal,15.0
noncompetitive,10.78
noncompliance,14.5
nonconformist,14.58
noncontact,10.38
noncooperation,11.5
noncritical,13.32
nondairy,9.74
nondenominational,14.17
nondescript,12.17
nondisclosure,15.0
nondrinking,10.48
none,5.57
nonentity,13.0
nones,13.0
nonessential,12.53
nonesuch,11.85
nonetheless,10.21
nonevent,13.16
nonexclusive,12.22
nonexistence,11.78
nonexistent,11.0
nonfarm,14.08
nonfat,8.32
nonfatal,11.16
nonfiction,8.53
nonfunctional,12.21
nonfunctioning,11.72
nonhuman,9.35
noninfectious,12.0
nonintervention,12.62
noninvasive,13.68
noninvolvement,12.38
nonjudgmental,10.33
nonlethal,11.7
nonlinear,10.9
nonmetal,10.83
nonmetallic,10.94
nonmilitary,12.63
nonnative,11.44
nonnegotiable,10.89
nonofficial,11.76
nonoperational,12.0
nonorganic,14.88
nonpaid,12.16
nonpareil,14.67
nonparticipation,10.24
nonpartisan,15.35
nonpaying,9.63
nonpayment,10.0
nonperformance,10.79
nonpermanent,10.5
nonperson,10.5
nonphysical,11.17
nonplussed,13.31
nonpolitical,14.17
nonporous,12.93
nonproductive,12.57
nonprofessional,12.67
nonprofit,11.95
nonproliferation,16.0
nonpublic,10.82
nonrandom,12.94
nonreactive,13.0
nonrefundable,10.95
nonreligious,9.67
nonresidential,11.78
nonresistance,12.89
nonresponsive,10.79
nonreturnable,10.58
nonromantic,11.0
nonscheduled,11.28
nonsectarian,17.23
nonsense,6.95
nonsensical,12.33
nonsexual,13.44
nonskid,11.29
nonslip,10.39
nonsmoker,7.74
nonsmoking,9.47
nonspecific,12.75
nonstandard,14.05
nonstarter,13.05
nonstick,9.11
nonsupport,10.74
nonsurgical,13.79
nonthreatening,11.0
nontoxic,10.63
nontraditional,10.63
nonunion,14.62
nonverbal,9.53
nonviable,17.33
nonviolence,9.28
nonviolent,8.94
nonvoting,12.11
noodle,3.44
noodles,5.3
nook,9.74
nooks,9.38
noon,5.89
noonday,9.0
noontide,12.82
noontime,6.56
noose,8.28
nooses,10.12
nor,8.61
norm,9.84
normal,5.53
normalcy,12.89
normality,11.75
normalize,11.28
normally,7.2
normalness,8.82
normals,7.5
normative,14.82
norms,11.53
north,6.55
northbound,10.26
northeast,7.47
northeaster,12.88
northeasterly,12.21
northeastern,10.28
norther,8.8
northerly,10.65
northern,7.95
northerner,9.12
northernmost,10.15
northwest,8.22
northwesterly,10.88
northwestern,8.58
nose,2.95
nosebag,11.11
nosebleed,5.32
nosed,4.31
nosedive,10.29
nosegay,16.8
noses,4.31
nosh,12.65
nosiness,7.44
nosing,4.31
nostalgia,13.21
nostalgic,12.11
nostril,7.37
nostrils,6.47
nosy,5.47
not,3.89
nota,14.67
notability,13.05
notable,10.37
notarial,14.6
notarize,14.11
notary,13.56
notate,13.38
notation,12.78
notch,8.47
notches,9.96
note,6.4
notebook,6.37
noted,5.97
notepad,8.53
notepaper,6.39
notes,5.97
noteworthy,9.94
nothing,5.21
nothingness,10.94
nothings,5.13
notice,7.35
noticeable,8.06
noticed,7.01
notices,7.01
noticing,7.01
notification,9.44
notify,9.89
noting,5.97
notion,11.11
notions,11.15
notochord,15.0
notoriety,13.81
notorious,11.53
nougat,9.07
noun,7.28
nouns,8.24
nourish,9.63
nourishment,9.94
nous,13.25
nouveau,15.0
novel,9.5
novelette,13.67
novelist,10.26
novelistic,13.56
novella,14.71
novels,9.39
novelty,11.71
november,5.67
novena,12.38
novice,10.95
novices,11.9
novitiate,16.38
now,5.25
nowadays,8.61
nowhere,5.41
noxious,12.72
nozzle,9.32
nozzles,8.18
nu,14.0
nuance,11.05
nub,10.0
nubbin,15.23
nubby,12.25
nubile,17.43
nubs,9.6
nuclear,10.83
nuclei,12.9
nucleic,12.82
nucleoside,13.58
nucleus,11.4
nude,8.21
nudeness,9.39
nudes,8.41
nudge,11.05
nudged,8.29
nudges,8.29
nudging,8.29
nudie,11.11
nudism,12.17
nudist,10.94
nudity,9.18
nudnik,12.71
nugget,7.32
nuggets,8.47
nuisance,9.59
nuisances,10.22
nuke,11.0
null,11.53
nullification,15.37
nullify,14.44
num,9.7
numb,9.26
number,3.94
numbered,4.94
numbering,4.94
numbers,4.94
numbing,7.56
numbness,9.55
numbs,7.56
numbskull,7.83
numeral,8.32
numerator,10.55
numeric,9.32
numerical,8.72
numerologist,14.61
numerology,12.95
numerous,8.83
numinous,15.25
numismatics,15.17
numismatist,14.71
nun,8.39
nunnery,13.93
nuns,7.51
nuptial,13.73
nuptials,13.19
nurse,5.84
nursed,5.61
nursemaid,9.75
nurseries,6.08
nursery,6.95
nurses,5.61
nursing,8.21
nursling,14.14
nurture,10.94
nurtured,11.36
nurturer,11.53
nurtures,11.36
nut,5.21
nutcase,7.83
nutcracker,7.24
nuthatch,11.45
nuthouse,10.26
nutmeg,8.83
nutpick,13.67
nutrient,10.53
nutrients,11.96
nutrition,9.74
nutritional,9.72
nutritionist,10.95
nutritious,8.89
nutritive,12.31
nuts,4.47
nutshell,6.67
nuttiness,10.28
nutty,7.45
nuzzle,11.35
nylon,10.0
nylons,11.02
nymph,11.21
nymphet,17.36
nymphomania,17.16
nymphomaniac,15.29
nymphs,12.0
oaf,11.87
oafish,14.82
oafs,10.75
oak,7.35
oaken,11.9
oaks,6.3
oakum,11.67
oaky,11.08
oar,5.83
oars,7.7
oarsman,13.72
oasis,9.11
oat,5.83
oath,11.39
oaths,8.13
oatmeal,4.5
oats,7.49
obbligato,14.33
obdurate,15.12
obedience,8.53
obedient,8.53
obeisance,14.5
obelisk,13.67
obese,9.39
obesity,11.37
obey,5.44
obeyed,5.82
obeying,5.82
obeys,5.82
obfuscate,16.9
obfuscation,15.71
obit,10.0
obituary,9.44
object,7.94
objected,7.29
objectification,13.83
objectify,13.95
objecting,7.29
objection,9.74
objectionable,11.21
objective,12.72
objectivity,10.74
objector,11.95
objects,7.29
objet,10.25
oblate,14.5
obligate,11.68
obligation,10.95
obligatory,12.21
oblige,11.82
obliged,11.38
obliges,11.38
obliging,14.53
oblique,12.89
obliquity,14.5
obliterate,12.72
obliteration,13.16
oblivion,10.94
oblivious,12.56
obliviousness,13.05
oblong,10.39
oblongata,14.8
obloquy,16.33
obnoxious,7.95
obnoxiousness,11.75
oboe,10.78
oboist,14.7
obscene,11.83
obscenest,11.29
obscenity,10.35
obscurantism,15.88
obscurantist,13.67
obscure,11.87
obscured,11.77
obscures,11.77
obscuring,11.77
obscurity,12.06
obsequious,15.09
observable,10.63
observance,9.53
observant,9.32
observation,9.32
observational,12.05
observations,10.6
observatory,9.12
observe,9.53
observed,8.96
observer,9.7
observers,9.6
observes,8.96
observing,8.96
obsess,10.84
obsessed,9.28
obsesses,10.04
obsessing,10.04
obsession,9.61
obsessive,10.89
obsidian,11.5
obsolescence,13.4
obsolescent,15.44
obsolete,12.28
obstacle,7.84
obstante,13.7
obstetric,13.12
obstetrician,12.56
obstetrics,14.69
obstinacy,10.83
obstinate,13.11
obstruct,10.94
obstructed,9.3
obstructing,9.3
obstruction,10.14
obstructions,10.66
obstructs,9.3
obtain,9.32
obtained,9.76
obtaining,9.76
obtains,9.76
obtrude,12.6
obtrusive,14.8
obtuse,12.06
obviate,18.71
obvious,9.11
obviously,8.21
obviousness,9.94
ocarina,12.5
occasion,8.16
occasional,9.05
occasionally,9.61
occasioned,8.5
occasions,8.5
occident,15.4
occidental,13.42
occipital,16.29
occlude,14.2
occluded,15.1
occlusion,14.54
occult,12.65
occultism,15.07
occultist,12.94
occults,12.32
occupancy,9.67
occupant,9.95
occupation,10.89
occupational,10.33
occupations,9.66
occupy,8.89
occur,9.74
occurred,9.9
occurrence,11.44
occurring,9.9
occurs,9.9
ocean,4.74
oceanfront,9.28
oceanic,11.39
oceanographer,12.74
oceanographic,12.83
oceanography,12.71
oceans,6.41
ocelot,10.0
ochre,13.3
ocotillo,13.67
octagon,8.0
octagonal,11.78
octane,15.18
octant,15.5
octave,9.39
octavo,12.0
octet,11.6
octillion,15.0
octogenarian,15.75
octopus,6.26
octoroon,15.2
ocular,13.28
oculist,11.36
odalisque,19.33
odd,6.0
oddball,8.86
odder,5.82
oddest,5.82
oddities,8.92
oddity,10.53
oddness,8.72
odds,8.58
ode,10.84
odes,11.4
odiferous,14.07
odious,14.0
odor,6.81
odorant,10.81
odorless,10.33
odorous,10.95
odors,7.57
odyssey,12.6
oedipal,14.2
oeuvre,16.71
of,4.55
off,3.83
offal,14.4
offbeat,10.11
offence,9.89
offend,9.67
offended,9.13
offender,10.85
offending,9.13
offends,9.13
offense,8.61
offenses,8.79
offensive,9.37
offensiveness,11.41
offer,7.48
offered,7.12
offering,7.12
offers,7.12
offertory,10.75
office,6.68
officemate,12.94
officer,6.5
officers,8.19
offices,6.81
official,8.68
officialdom,15.54
officiate,14.56
officious,14.33
officiousness,13.92
offing,13.0
offish,12.0
offload,11.87
offs,4.34
offset,11.33
offshoot,13.0
offshoots,11.49
offshore,10.47
offspring,11.65
oft,9.67
often,6.53
oftener,6.04
oftenest,6.04
ogle,13.22
ogre,8.33
ogres,9.67
ogress,12.56
oh,4.72
ohm,14.0
oil,7.33
oilcan,7.59
oilcloth,12.53
oiled,6.15
oiling,6.15
oillamp,9.97
oilman,11.07
oilpaper,11.71
oils,6.15
oilskin,13.79
oily,7.37
oink,3.44
ointment,7.9
ointments,9.85
ok,6.34
okapi,11.22
okay,3.43
okayed,6.34
okays,6.34
okra,12.61
old,3.72
olden,9.59
older,4.93
oldest,4.93
oldfashioned,8.61
oldie,6.94
oldness,8.56
olds,4.93
oleander,14.75
oleic,15.75
olfactory,13.46
oligarch,13.93
oligarchy,12.87
olio,14.83
olive,6.68
olives,9.07
olympics,8.31
ombudsman,16.62
ombudsperson,16.78
omega,13.24
omelet,6.5
omelets,6.33
omen,12.05
omens,10.96
omicron,15.78
ominous,12.82
omission,12.5
omit,10.9
omitted,11.7
omitting,11.7
omnibus,14.8
omnipotence,14.0
omnipotent,11.35
omnipresent,10.94
omniscience,13.12
omniscient,13.47
omnivorous,11.53
on,4.01
onboard,8.75
once,4.97
oncologist,14.79
oncology,15.69
oncoming,10.39
one,3.23
oneness,11.42
onerous,13.93
ones,3.99
onetime,8.47
ongoing,8.39
onion,6.05
onions,5.82
onlooker,8.94
only,4.95
onrushing,13.44
onscreen,10.84
onset,10.72
onshore,9.26
onside,9.67
onslaught,12.33
onstage,6.89
ontological,15.15
ontology,16.64
onus,15.92
onyx,13.29
oodles,8.18
oolong,16.75
oomph,9.33
ooze,7.45
oozed,7.43
oozes,7.43
oozing,7.43
oozy,9.3
op,12.43
opacity,12.29
opal,9.28
opals,11.29
opaque,13.95
open,5.0
opened,4.38
opener,7.17
openhanded,9.6
opening,6.28
openings,7.51
openness,8.68
opens,4.38
opera,12.85
operable,13.0
operate,7.11
operated,8.69
operates,8.69
operatic,12.24
operating,8.69
operation,7.84
operational,10.79
operative,9.67
operator,7.95
operators,9.34
operculum,15.8
operetta,16.0
ophthalmic,16.82
ophthalmologist,11.35
ophthalmology,12.41
opiate,14.44
opine,13.7
opinion,8.42
opinionated,10.88
opinions,9.16
opium,12.41
opossum,8.76
opponent,8.63
opportune,10.83
opportunism,14.17
opportunist,13.65
opportunistic,12.21
opportunities,9.39
opportunity,9.72
opposable,10.71
oppose,11.05
opposes,10.07
opposing,8.06
opposite,5.06
opposites,7.47
opposition,11.58
oppositions,10.81
oppress,12.37
oppressed,11.16
oppression,12.22
oppressive,12.44
oppressiveness,12.83
oppressor,13.05
opprobrious,11.0
ops,13.85
opt,12.62
opted,11.56
optic,11.0
optical,10.72
optician,11.24
optics,12.63
optimal,13.74
optimism,12.17
optimist,10.89
optimistic,11.42
optimization,12.44
optimize,11.44
optimum,11.44
opting,11.56
option,8.79
optional,8.79
optioned,8.35
options,8.35
optometrist,8.62
optometrists,12.68
optometry,13.74
opts,11.56
opulence,11.73
opulent,14.71
opus,13.85
or,4.14
oracle,11.82
oral,9.39
orals,9.58
orange,3.26
orangery,12.3
oranges,4.26
orangey,7.07
orangutan,7.83
orate,13.56
oration,13.62
orator,13.0
oratorio,15.1
oratory,14.62
orb,11.17
orbed,10.49
orbit,7.95
orbital,12.65
orbited,10.2
orbiter,9.44
orbiting,10.2
orbits,10.2
orbs,10.49
orchard,7.67
orchards,7.98
orchestra,9.44
orchestral,11.12
orchestrate,11.05
orchestration,11.89
orchid,9.76
orchidaceous,17.25
orchids,9.22
ordain,11.35
ordained,12.06
ordains,12.06
ordeal,10.06
ordeals,10.09
order,6.26
ordered,6.81
ordering,6.81
orderliness,10.4
orderly,8.33
orders,6.81
ordinance,13.17
ordinaries,7.01
ordinariness,12.06
ordinary,8.63
ordinate,12.75
ordination,13.93
ordnance,14.0
ordure,16.25
ore,11.12
oregano,10.88
ores,10.82
organ,8.72
organdy,13.22
organic,13.68
organism,10.61
organismic,14.13
organist,7.68
organization,9.16
organizational,11.27
organize,6.33
organizer,9.55
organs,7.15
orgasm,14.05
orgasmic,15.7
orgiastic,15.0
orgies,12.64
orgy,13.95
oriel,12.25
oriental,8.35
orientate,14.2
orientation,11.78
orifice,11.4
orifices,11.96
origami,9.24
origin,10.25
original,7.67
originality,9.58
originally,8.46
originals,9.21
originate,9.72
origination,11.39
originator,12.61
origins,9.71
oriole,10.0
ormolu,14.8
ornament,6.1
ornamental,9.74
ornamentation,11.11
ornaments,6.15
ornate,10.22
orneriness,12.0
ornery,10.27
ornithological,16.78
ornithologist,14.86
ornithology,15.3
orotund,15.0
orphan,6.94
orphanage,8.89
orphaned,7.9
orphans,8.04
orphic,14.75
ors,4.87
ort,15.4
orthoclase,18.44
orthodontic,11.68
orthodontics,10.79
orthodontist,10.26
orthodox,13.16
orthodoxy,14.78
orthographic,14.7
orthography,14.42
orthopedic,12.37
orthopedics,11.39
orthopedist,14.44
orthotic,14.22
oscillate,14.13
oscillating,12.61
oscillation,14.6
oscillator,13.5
oscilloscope,15.75
osculation,16.64
osier,14.0
osmium,16.4
osmosis,12.5
osmotic,14.11
osprey,15.11
osseous,15.22
ossification,15.18
ossified,16.15
ossuary,18.25
ostensible,16.0
ostentation,14.72
ostentatious,14.17
osteopath,16.1
osteoporosis,14.29
ostracism,14.73
ostrich,6.42
ostriches,7.86
other,5.33
otherness,9.07
others,5.97
otherwise,8.29
otherworld,10.27
otherworldly,11.0
otter,5.47
otters,7.66
ottoman,10.94
oubliette,20.5
ouch,2.42
ought,9.62
ounce,8.78
ounces,6.46
our,4.35
ours,4.6
ourselves,8.13
oust,12.71
ouster,13.07
ousts,12.3
out,3.28
outage,9.06
outback,9.89
outbid,12.39
outboard,11.08
outbound,9.95
outbox,13.75
outbreak,10.5
outbreaks,8.81
outbuilding,10.62
outburst,11.25
outcast,8.84
outcasts,9.45
outclass,9.67
outcome,9.53
outcomes,9.36
outcry,10.11
outdated,9.89
outdistance,12.56
outdo,10.06
outdoor,4.6
outdoors,4.75
outdoorsman,9.14
outdoorsy,10.81
outdraw,10.39
outer,7.32
outermost,11.5
outerwear,9.0
outfield,7.44
outfielder,8.1
outfight,11.47
outfit,7.0
outfits,8.3
outfitted,8.3
outfitter,14.16
outfitting,8.3
outflank,13.07
outflow,11.76
outfox,10.89
outgo,11.8
outgoing,8.11
outgrow,6.94
outgrowth,11.47
outguess,9.84
outgun,10.83
outhouse,7.9
outhouses,9.13
outing,7.95
outlander,11.76
outlandish,12.0
outlast,10.09
outlaw,6.33
outlawry,13.43
outlay,15.06
outlet,8.32
outlets,7.65
outline,8.74
outlive,8.43
outlook,10.65
outlying,11.4
outmaneuver,12.26
outmode,13.86
outmoded,15.8
outnumber,8.3
outnumbered,9.56
outpatient,11.79
outperform,12.67
outplacement,13.25
outplay,10.47
outpost,11.53
outposts,9.51
outpour,12.16
outpouring,10.67
output,10.72
outputs,9.7
outrace,10.46
outrage,9.9
outraged,9.15
outrageous,9.05
outrageousness,10.11
outrages,9.22
outrange,10.93
outrank,10.61
outreach,12.56
outride,12.0
outrigger,11.41
outrun,8.42
outs,4.51
outsell,10.95
outset,11.78
outshine,10.67
outshoot,11.31
outside,3.58
outsider,9.35
outsides,4.83
outsize,12.94
outsized,10.94
outskirts,10.55
outsmart,9.16
outsource,13.5
outspend,10.53
outspoken,11.5
outspokenness,10.58
outstanding,7.22
outstare,9.75
outstay,11.83
outstretched,10.44
outstrip,12.41
outtake,10.95
outtakes,14.0
outtalk,11.53
outthink,11.78
outturn,12.36
outwear,8.65
outweigh,10.7
outwit,10.47
outwork,11.79
outworn,11.39
ouzo,13.33
oval,5.95
ovarian,14.44
ovary,12.26
ovation,11.19
oven,5.67
ovens,4.88
over,5.57
overabundance,10.53
overachieve,9.76
overachiever,11.63
overact,10.44
overactive,11.58
overage,12.3
overall,8.28
overambitious,12.53
overanalyze,14.68
overanxious,12.89
overarm,11.0
overawe,11.82
overbearing,11.0
overbid,9.78
overbill,14.2
overbite,8.0
overblown,9.39
overboard,8.77
overburden,11.89
overcall,10.54
overcast,9.05
overcharge,10.11
overcoat,8.95
overcoats,7.62
overcome,8.0
overcompensate,14.74
overcompensation,12.83
overconfidence,10.47
overconfident,11.53
overcook,9.0
overcrowd,8.42
overcrowded,9.11
overdo,9.17
overdose,11.74
overdraft,15.0
overdramatic,11.4
overdramatize,12.12
overdrawn,13.67
overdress,9.68
overdrive,11.37
overdub,12.8
overdue,7.78
overeager,10.24
overeat,7.67
overeater,8.5
overeducated,12.79
overemotional,10.95
overemphasis,10.95
overenthusiastic,12.0
overestimate,12.53
overestimation,11.22
overexcite,11.18
overexcitement,9.06
overexpose,12.17
overexposed,11.78
overexposure,11.67
overextend,11.63
overextension,13.17
overfeed,9.0
overfill,7.79
overflow,6.44
overgrown,8.7
overhand,8.83
overhang,10.58
overhanging,9.12
overhaul,11.3
overhead,9.14
overheads,10.22
overhear,8.37
overheat,8.74
overheated,7.8
overindulge,11.39
overindulgence,13.11
overindulgent,13.07
overinflated,9.78
overjoyed,9.68
overkill,8.78
overland,10.67
overlap,9.05
overlapped,8.81
overlapping,10.33
overlaps,8.81
overlay,12.21
overload,9.5
overlong,10.87
overlook,9.72
overlord,12.63
overmatch,11.36
overnight,5.06
overnighter,9.16
overpass,9.0
overpay,9.68
overpayment,13.11
overplay,10.65
overpopulate,13.28
overpopulation,13.32
overpower,7.94
overpressure,11.61
overprice,10.21
overpriced,9.06
overproduce,11.71
overproduction,12.47
overprotect,9.0
overprotective,9.52
overqualified,12.5
overrate,11.19
overrated,10.05
overreach,10.68
overreact,9.89
overreaction,10.58
overrepresentation,13.5
override,12.5
overriding,12.45
overrule,8.39
overrun,9.42
oversea,7.76
oversee,11.0
overseer,11.68
oversell,12.76
oversensitive,10.22
oversexed,15.0
overshadow,9.44
overshoe,12.5
overshoot,10.89
oversight,11.28
oversimplification,12.22
oversimplify,11.42
oversized,9.89
oversleep,9.0
overspecialized,14.17
overspend,10.58
overspread,9.57
overstaffed,13.53
overstate,12.83
overstatement,11.22
overstay,10.26
overstep,11.83
overstimulation,11.58
overstock,12.47
overstress,13.56
overstuff,10.11
overt,14.62
overtake,9.44
overtax,11.17
overthrow,10.67
overtime,9.39
overtone,14.06
overtones,11.55
overtrain,13.46
overture,11.47
overturn,8.61
overuse,9.17
overview,10.85
overwater,9.65
overweening,12.79
overweight,8.56
overwhelm,9.21
overwhelming,9.94
overwork,10.78
overworked,9.67
overwrite,11.44
overwrought,14.87
overzealous,11.0
overzealousness,14.16
ovoid,12.73
ovulate,13.26
ovulation,11.61
ovum,12.29
owe,8.61
owed,7.14
owes,7.14
owl,6.21
owlet,11.42
owls,5.5
own,5.21
owned,5.74
owner,7.5
owners,6.57
ownership,9.39
owning,5.74
owns,5.74
ox,4.72
oxalate,15.25
oxblood,12.44
oxbow,11.23
oxcart,10.0
oxen,6.64
oxidation,13.16
oxide,14.53
oxidization,14.0
oxidized,13.2
oxidizer,14.79
oxlips,11.5
oxtail,12.29
oxyacetylene,17.17
oxygen,8.63
oxygenate,12.26
oxygenating,14.0
oxygenation,12.94
oxymoron,14.16
oyster,8.0
oysters,9.36
ozone,12.79
pa,4.6
pabulum,16.2
pace,8.21
paced,8.4
pacemaker,12.42
pacer,12.06
paces,8.4
pachinko,17.2
pachyderm,11.45
pacification,12.52
pacifier,4.56
pacifism,13.39
pacifist,12.75
pacifistic,14.47
pacify,10.37
pacing,8.4
pack,6.55
packable,9.62
package,6.61
packaged,7.3
packages,7.3
packaging,8.89
packed,7.24
packer,10.0
packet,8.94
packets,6.05
packhorse,13.12
packing,7.24
packinghouse,14.6
packs,7.24
packsaddle,13.14
pact,9.37
pacts,10.45
pad,8.83
padded,6.83
paddies,10.9
padding,8.45
paddle,6.58
paddleball,8.16
paddled,6.61
paddler,8.33
paddles,6.61
paddling,6.61
paddock,12.42
paddy,11.69
padlock,8.84
padre,11.39
pads,6.47
paean,14.25
paella,14.45
pagan,13.0
paganism,14.59
pagans,12.75
page,5.16
pageant,10.0
pageantry,10.53
pageants,8.7
pageboy,12.86
pageboys,7.22
paged,4.9
pager,10.11
pages,4.9
paginate,16.29
pagination,15.5
paging,11.45
pagoda,12.38
paid,5.92
pail,6.16
pails,6.53
pain,4.26
pained,8.89
painful,6.44
paining,5.02
painkiller,11.59
painless,8.91
pains,6.53
painstaking,11.17
paint,4.45
paintball,12.5
paintbox,6.35
paintbrush,6.22
painted,4.61
painter,5.6
painterly,14.73
painters,5.96
painting,5.26
paintings,5.3
paints,4.61
paintwork,10.3
pair,5.94
paired,5.26
pairs,5.26
paisley,11.29
pajama,4.27
pajamas,3.48
pal,5.74
palace,6.89
palaces,5.98
palanquin,14.83
palatable,12.72
palate,11.72
palates,11.19
palatial,13.54
palatinate,16.75
palaver,14.71
palazzo,15.5
pale,6.95
paled,6.66
paleface,11.28
paleness,10.0
paleography,14.57
paleontologist,12.5
paleontology,12.83
paler,6.66
pales,6.66
palest,6.66
palette,10.5
palettes,10.66
palfrey,13.78
palimony,15.62
palindrome,13.0
palinode,17.5
pall,12.27
palladium,14.0
pallbearer,9.62
pallet,12.0
pallets,10.73
palliation,17.6
palliative,17.11
pallid,14.53
palling,12.52
pallor,13.23
palm,6.0
palmate,13.5
palmed,6.71
palmetto,12.83
palmistry,14.64
palms,6.71
palmtop,11.1
palmtree,7.44
palmy,14.12
palomino,13.93
palooka,13.6
palpate,15.0
palpation,15.33
palpitate,14.53
palpitation,14.0
pals,5.47
palsied,12.43
palsy,14.25
palter,14.67
paltry,9.82
pampas,13.4
pamper,9.33
pampered,9.13
pampering,9.13
pampers,9.13
pamphlet,9.5
pamphlets,9.94
pan,4.72
panacea,16.5
panache,12.92
panatela,15.0
pancake,4.26
panchromatic,16.5
pancreas,12.84
pancreatic,13.5
pancreatitis,16.12
panda,5.67
pandas,8.37
pandemic,12.26
pandemonium,14.24
pander,13.47
pandowdy,13.8
pane,9.78
panegyric,16.86
panel,9.11
paneling,8.22
panelist,11.44
panels,10.22
panes,9.38
panfry,10.57
pang,10.5
pangs,11.25
panhandle,11.82
panhandler,13.12
panic,8.35
panicked,7.6
panicking,7.6
panicky,9.28
panicle,14.0
panics,7.6
panjandrum,15.5
panned,5.4
panning,5.4
panoply,16.0
panorama,13.88
panoramic,12.39
panpipe,12.27
pans,5.4
pansexual,16.0
pansies,9.58
pansy,8.32
pant,5.94
pantheistic,13.7
pantheon,11.8
panther,6.67
panthers,8.97
panties,5.75
panting,6.1
pantograph,15.14
pantomime,9.33
pantries,7.88
pantry,8.17
pants,3.23
pantsuit,9.42
panty,6.26
pantyhose,6.06
pantywaist,10.53
panzer,14.22
pap,13.0
papa,3.05
papacy,13.35
papal,12.0
paparazzo,14.47
papaw,10.42
papaya,10.84
paper,4.0
paperback,7.94
paperboy,7.56
paperclip,6.42
papered,4.43
paperhanger,10.71
paperless,10.91
papermaking,8.33
papers,4.43
paperweight,6.72
paperwork,7.53
papery,10.38
papilla,14.33
papillary,16.64
papist,13.92
papoose,10.77
paprika,9.63
papyrus,10.88
par,10.16
para,13.02
parable,11.24
parabolic,14.54
parachute,7.0
parachuted,8.69
parachutes,8.69
parachuting,8.69
parachutist,11.11
parade,6.53
paraded,7.6
parades,7.6
paradigm,16.6
paradigmatic,15.58
parading,7.6
paradise,8.67
paradises,9.03
paradisiacal,14.9
paradox,13.78
paradoxical,13.81
paraffin,13.67
paragliding,11.65
paragon,14.5
paragraph,7.05
parakeet,6.53
paraldehyde,16.0
paralegal,15.11
parallel,9.95
parallelism,11.44
parallelogram,11.05
paralysis,10.39
paralytic,16.41
paralyze,9.67
paramecium,14.31
paramedic,9.89
paramedical,12.23
paramedics,8.68
parameter,10.95
parameterization,17.67
paramilitary,13.21
paramour,14.93
paranoia,12.79
paranoiac,15.5
paranoid,12.3
paranormal,12.67
parapet,12.42
paraphernalia,13.27
paraphrase,13.16
paraplegia,13.44
paraplegic,13.53
parapsychologist,16.91
parapsychology,16.33
parasite,9.94
parasitic,11.83
parasitism,14.36
parasol,12.18
parathyroid,15.5
paratroop,11.0
paratrooper,13.41
paratroops,11.8
paratyphoid,15.11
parboil,14.2
parcel,10.67
parceled,5.82
parcels,5.82
parch,11.82
parched,9.19
parchment,10.5
parchments,11.9
pard,15.0
pardon,7.83
pardonable,11.41
pardoned,6.88
pardoner,12.32
pardoning,6.88
pardons,6.88
pare,11.33
paregoric,19.0
parent,4.22
parentage,12.75
parental,10.26
parenthesis,9.39
parenthetic,15.2
parenthood,8.47
parenting,9.72
parentless,9.55
parents,5.71
pares,10.95
paresis,15.3
parfait,10.76
pariah,14.94
parietal,16.64
paring,9.95
parish,10.79
parishes,9.58
parishioner,11.59
parity,14.33
park,4.47
parka,10.32
parkas,11.66
parked,4.8
parking,5.94
parkland,9.56
parks,4.8
parlance,12.8
parlay,13.56
parlayed,13.51
parlays,13.51
parley,13.51
parleyed,13.51
parleying,13.51
parliament,12.0
parliamentarian,14.05
parliamentary,12.44
parliaments,10.02
parlor,8.94
parlors,9.67
parlous,13.22
parmesan,8.21
parochial,13.08
parody,12.69
parole,11.47
paroled,12.64
parolee,13.47
paroles,12.64
paronomasia,16.6
parotid,16.78
paroxysm,15.73
paroxysmal,17.0
parquet,14.14
parquetry,17.75
parricide,13.67
parries,12.85
parrot,5.58
parrotfish,13.62
parrots,6.18
parry,11.15
parrying,12.85
pars,10.25
parse,12.85
parsec,18.0
parser,14.17
parsimonious,14.71
parsley,8.95
parsleys,9.85
parsnip,10.75
parsonage,13.0
part,5.11
partake,10.89
partaken,11.19
partaker,11.24
partakes,11.19
partaking,11.19
parted,5.96
partial,9.68
partiality,11.21
partials,10.41
partible,12.4
participant,8.42
participants,11.28
participate,7.05
participated,10.02
participates,10.02
participating,10.02
participation,7.56
participatory,12.78
participle,12.14
particle,10.28
particleboard,13.5
particular,8.05
particulars,11.7
particulate,14.2
partied,4.78
parties,4.78
parting,7.89
partisan,14.05
partition,14.25
partitioned,9.25
partitions,9.25
partner,5.85
partnered,6.92
partnering,6.92
partners,6.92
partnership,9.89
partook,11.19
partridge,8.05
partridges,11.9
parts,5.96
partway,8.94
party,4.58
partying,4.78
pasha,16.25
pass,5.39
passable,9.79
passage,8.11
passages,7.15
passageway,8.56
passbook,14.55
passe,12.88
passed,5.46
passel,12.67
passenger,6.65
passengers,7.56
passer,11.5
passerby,9.84
passerine,12.0
passes,5.46
passing,5.46
passion,10.79
passionate,11.28
passionless,11.2
passions,10.53
passive,8.89
passives,10.49
passivism,13.78
passivity,13.35
passkey,13.07
passport,12.16
password,8.83
past,6.78
pasta,5.78
pastas,4.91
paste,4.84
pasteboard,9.59
pasted,6.41
pastel,10.05
pastern,12.36
pastes,6.41
pastiche,14.67
pasties,10.55
pastille,14.0
pastime,11.5
pasting,6.41
pastor,6.79
pastoral,11.43
pastors,7.19
pastrami,8.42
pastries,6.83
pastry,7.21
pasts,6.21
pasture,6.33
pastureland,9.11
pastures,7.71
pasty,11.17
pat,5.07
patch,7.28
patched,7.15
patches,7.15
patching,7.15
patchouli,16.58
patchwork,8.65
patchy,9.22
pate,13.42
patella,14.25
patellar,14.89
paten,13.0
patent,12.41
patentable,14.56
patented,11.53
patenting,11.49
patents,11.49
paterfamilias,17.0
paternal,11.32
paternity,13.1
path,6.11
pathetic,9.15
pathfinder,12.22
pathless,11.79
pathogen,13.41
pathogenic,16.24
pathologic,13.39
pathological,12.84
pathologies,12.61
pathologist,14.6
pathology,14.05
pathos,13.13
paths,5.5
pathway,6.5
patience,7.68
patient,7.05
patients,7.34
patina,15.86
patio,8.0
patisserie,14.1
patois,15.29
patriarch,12.5
patriarchal,12.76
patriarchy,12.35
patrician,16.1
patricidal,15.15
patricide,14.0
patrimony,15.31
patriot,10.14
patriotic,8.39
patriotism,9.0
patrol,8.56
patrolled,9.58
patrolling,9.58
patrolman,9.5
patrols,9.58
patron,12.56
patronage,12.95
patroness,12.29
patronize,11.0
patronizing,12.56
patrons,11.64
patronymic,14.5
patroon,13.5
pats,4.67
patted,4.67
patter,9.18
pattering,11.19
pattern,6.89
patterned,8.76
patterns,6.45
patters,11.19
patting,4.67
paucity,15.6
paunch,12.62
paunches,13.01
paunchy,14.13
pauper,9.44
pauperization,15.75
pause,6.75
paused,7.39
pauses,7.39
pausing,7.39
pave,8.37
paved,8.26
pavement,6.3
paver,10.53
paves,8.26
pavilion,10.58
paving,8.26
paw,5.89
pawed,4.93
pawing,4.93
pawn,9.06
pawnbroker,14.19
pawned,10.03
pawning,10.03
pawns,10.03
pawnshop,10.11
pawpaw,8.15
paws,4.93
pay,5.5
payable,8.55
payback,6.72
paycheck,8.78
payday,9.41
payer,10.3
paying,5.92
payload,13.33
paymaster,12.92
payment,8.67
payments,7.35
payoff,10.47
payola,13.62
payout,12.06
payphone,7.11
payroll,12.79
payrolls,12.02
pays,5.92
pea,3.95
peace,6.32
peaceable,9.29
peaceful,7.22
peacefulness,7.65
peacekeeper,9.11
peacekeeping,8.72
peacemaker,9.55
peacemaking,9.79
peacenik,14.57
peaces,6.97
peacetime,10.25
peach,4.21
peaches,5.94
peachy,7.63
peacock,5.76
peacocks,6.66
peahen,12.31
peak,7.11
peaked,8.11
peaking,8.11
peaks,8.11
peaky,8.31
peal,7.11
pealing,8.71
peanut,5.0
peanuts,4.72
pear,4.0
pearl,6.28
pearls,6.84
pearly,8.5
pears,5.19
peas,4.34
peasant,8.56
peasantry,12.17
peasants,8.34
pease,11.83
peashooter,9.79
peat,12.93
peaty,13.08
pebble,5.68
pebbles,5.77
pecan,6.8
pecans,7.26
peccadillo,14.36
peccary,12.71
peck,7.89
pecked,6.09
pecker,9.0
peckerwood,10.0
pecking,6.09
pecks,6.09
pecorino,15.22
pectoral,12.89
peculiar,12.0
peculiarity,12.44
pecuniary,13.5
pedagogue,17.3
pedal,6.5
pedaled,6.2
pedaling,6.2
pedals,6.2
pedant,14.46
pedantic,13.54
peddle,7.29
peddled,7.24
peddler,8.44
peddles,7.24
peddling,7.24
pederast,17.25
pederasty,20.0
pedestal,10.8
pedestrian,9.75
pediatrics,10.72
pedicab,14.0
pedicure,11.42
pedicurist,14.76
pedigree,11.7
pedigreed,12.74
pediment,13.71
pedometer,14.06
pedophile,13.37
pedophilia,14.94
peduncle,16.0
pee,3.89
peek,5.79
peekaboo,3.65
peeked,6.6
peeks,6.6
peel,6.05
peeled,5.22
peeler,8.0
peeling,5.22
peelings,6.44
peels,5.22
peen,14.8
peep,8.22
peeped,5.88
peeper,8.33
peephole,9.35
peeping,5.88
peeps,5.88
peepshow,13.21
peer,10.21
peered,10.6
peering,10.6
peerless,13.71
peers,10.6
peeve,11.88
peeved,10.79
peeves,11.25
peevish,15.47
peg,6.83
pegboard,8.32
pegged,7.44
pegs,7.44
peignoir,16.12
pejorative,13.4
pekoe,14.11
pelage,18.0
pelargonium,18.5
pelf,18.0
pelican,8.22
pellagra,15.11
pellet,10.18
pellets,9.76
peloton,14.18
pelt,10.84
pelted,8.71
pelting,8.71
pelts,8.71
pelvic,10.89
pelvis,9.95
pelvises,11.26
pen,5.11
penal,12.82
penalize,11.0
penalty,8.89
penance,12.5
penances,12.32
pence,3.94
penchant,15.48
pencil,4.06
penciled,4.67
pencils,4.67
pencilsharpener,5.31
pendant,10.3
pendants,10.22
pendent,10.22
pending,11.85
pendulous,13.21
pendulum,11.75
pendulums,8.39
penetrate,10.83
penetrated,10.18
penetrates,10.18
penetration,11.05
penetrative,13.06
penetrator,14.33
penguin,5.68
penguins,7.18
penholder,9.95
penicillin,9.56
penile,13.79
peninsula,9.0
penis,8.53
penitence,12.31
penitent,13.6
penitential,13.2
penitentiary,11.22
penknife,11.61
penlight,11.0
penmanship,9.25
pennant,11.47
pennants,11.29
penned,4.32
pennies,3.94
penniless,10.75
penny,4.67
pennyroyal,14.58
pennyweight,11.43
penologist,16.57
penology,15.88
pens,4.32
pension,13.28
pensioned,11.7
pensioner,14.38
pensions,11.7
pensive,13.63
pent,12.0
pentacle,14.14
pentagram,10.89
pentameter,13.62
pentangle,11.78
pentathlon,13.33
penthouse,13.11
pentobarbital,17.0
pentothal,17.0
penultimate,15.89
penurious,14.29
penury,20.6
peon,11.2
peony,12.27
people,3.52
peopled,5.4
peoples,5.4
pep,8.75
peplum,15.5
pepper,5.47
pepperbox,12.08
peppercorn,11.42
peppered,5.5
peppering,5.5
peppermint,5.7
pepperoni,6.21
peppers,5.5
peppery,8.56
peppy,9.0
pepsin,13.1
peptic,15.47
peptide,15.5
per,8.66
peradventure,11.25
perambulate,14.75
perambulator,14.75
percale,15.62
perceive,10.42
perceived,10.41
perceives,10.41
perceiving,10.41
percent,8.19
percentage,10.26
percentile,12.94
percents,9.56
percept,12.59
perceptible,12.06
perception,11.53
perceptive,11.84
perceptiveness,12.72
perceptual,13.67
perch,9.16
perchance,13.07
perched,8.24
perches,8.24
percipient,16.0
percolate,13.0
percolator,10.19
percussion,10.47
percussionist,9.5
percussive,11.4
perdition,15.73
peregrine,13.29
peremptory,16.75
perennial,14.28
perestroika,14.71
perfect,5.78
perfected,6.4
perfectible,12.12
perfecting,6.4
perfection,9.81
perfectionism,11.61
perfectionist,11.63
perfective,12.95
perfectly,6.16
perfecto,11.5
perfects,6.4
perfidious,15.33
perfidy,13.77
perforate,13.05
perforation,11.42
perforator,11.83
perform,8.39
performance,7.74
performances,9.05
performed,7.07
performer,6.5
performing,7.07
performs,7.07
perfume,7.06
perfumed,8.81
perfumer,10.47
perfumery,12.6
perfumes,6.97
perfunctory,16.27
perfuse,12.42
perfusion,14.73
perhaps,7.6
pericardial,16.75
pericardium,15.0
perigee,14.43
peril,12.47
perilous,12.33
perils,11.59
perimeter,9.63
perineum,17.22
period,6.78
periodic,12.71
periodical,11.23
periodontal,14.07
periods,9.07
peripatetic,16.5
peripheral,13.67
periphery,12.79
periphrasis,14.33
periscope,10.16
perish,10.95
perishable,11.72
perished,11.09
perishes,11.09
perishing,11.09
peristalsis,14.36
peristaltic,16.75
peritoneal,16.86
peritoneum,14.69
peritonitis,18.11
periwig,16.33
periwinkle,10.42
perjure,14.35
perjurer,13.92
perjury,12.78
perk,9.63
perked,9.46
perkier,10.22
perkiness,10.42
perking,9.46
perks,9.46
perky,9.05
perm,9.0
permafrost,14.62
permanence,12.19
permanency,12.0
permanent,7.75
permanganate,16.13
permeability,13.89
permeable,12.93
permeate,14.42
permissible,10.94
permission,6.11
permissive,11.16
permissiveness,12.53
permit,9.47
permits,8.19
permitted,8.19
permitting,8.19
permittivity,15.4
permutation,14.4
permute,15.91
pernicious,14.92
peroxide,9.84
perpendicular,11.33
perpetrate,12.26
perpetration,14.0
perpetrator,12.88
perpetrators,12.75
perpetual,13.75
perpetuate,13.33
perpetuation,14.07
perpetuity,13.25
perplex,12.0
perplexing,12.42
persecute,10.06
persecution,11.8
persecutions,11.28
persecutor,11.95
persecutory,14.67
perseverance,11.0
perseverate,13.69
persevere,11.05
persiflage,17.5
persimmon,15.29
persist,9.5
persisted,9.77
persistence,10.28
persistency,11.22
persistent,10.89
persists,9.77
persnickety,13.0
person,4.67
persona,11.33
personable,11.74
personage,13.06
personal,8.05
personalities,10.02
personality,8.68
personalize,10.17
personally,8.4
personhood,13.46
personification,13.74
personify,12.67
personnel,11.26
persons,5.92
perspective,10.78
perspicacious,15.23
perspicacity,16.33
perspicuity,15.71
perspicuous,13.9
perspiration,10.32
perspire,12.26
persuade,10.79
persuaded,10.04
persuader,11.89
persuades,10.04
persuading,10.04
persuasion,10.9
persuasive,11.72
persuasiveness,12.11
pert,10.41
pertain,11.0
pertinacious,16.57
pertinence,12.06
pertinent,13.93
perturb,11.11
perturbation,14.21
perusal,12.78
peruse,12.94
perused,12.01
peruses,12.01
perusing,12.01
pervade,12.94
pervasive,14.82
perverse,13.11
perverseness,14.06
perversion,13.11
perversity,14.38
pervert,9.84
perverted,12.06
perverts,10.99
peseta,16.14
peskier,9.22
pesky,9.72
peso,11.94
pessimism,12.42
pessimist,12.53
pessimistic,11.63
pest,7.35
pester,7.39
pestered,7.73
pestering,7.73
pesters,7.73
pesthole,11.78
pesticide,11.63
pestiferous,16.83
pestilence,13.06
pestilent,13.0
pestilential,13.5
pestle,13.0
pesto,13.8
pests,6.2
pet,4.05
petal,6.33
petals,6.33
petard,15.25
petite,9.42
petites,10.6
petition,11.06
petitioner,13.18
petrifaction,14.07
petrified,9.05
petrify,10.05
petrochemical,15.0
petrol,12.28
petrolatum,11.0
petroleum,11.11
petrology,13.88
pets,4.56
petted,4.56
petticoat,11.0
pettier,10.34
pettiest,10.34
pettifogging,15.83
pettiness,12.72
pettish,15.0
petty,10.23
petulance,13.7
petulant,13.21
petunia,8.86
pew,8.56
pews,8.56
pewter,13.25
peyote,16.07
pfennig,14.75
phaeton,11.64
phage,15.57
phalange,15.29
phalanx,14.0
phallic,15.07
phallus,14.24
phantasmagoria,17.5
phantom,8.35
phantoms,9.4
pharaoh,8.26
pharisaic,15.6
pharisaical,14.0
pharmaceutical,13.39
pharmaceutics,13.88
pharmacies,11.78
pharmacist,8.79
pharmacists,11.86
pharmacological,14.11
pharmacology,14.83
pharmacopoeia,16.0
pharmacotherapy,16.07
pharmacy,8.79
pharos,13.91
pharyngeal,17.5
phase,9.4
phased,9.56
phases,9.56
phasing,9.56
pheasant,9.68
pheasants,8.87
phenobarbital,17.9
phenol,15.33
phenolphthalein,14.71
phenomenal,10.5
phenomenological,15.18
phenomenon,11.94
phenotype,13.29
phenyl,14.0
pheromone,14.75
phi,13.36
phial,15.4
phials,12.75
philander,14.2
philanderer,17.0
philanthropic,13.58
philanthropist,14.06
philanthropy,14.06
philately,18.17
philharmonic,14.69
philistine,12.21
philodendron,12.85
philologist,14.5
philology,15.54
philosopher,11.63
philosophic,14.06
philosophical,12.26
philosophies,12.17
philosophize,13.82
philosophizer,13.59
philosophy,13.21
phish,15.38
phlebitis,17.12
phlebotomy,14.08
phlegm,11.27
phloem,13.6
phlox,14.57
pho,15.38
phobia,9.83
phobic,11.82
phone,4.11
phoned,5.11
phones,5.11
phonetic,9.94
phonetics,10.94
phoney,8.85
phonics,8.79
phonies,10.32
phoniest,10.32
phoniness,11.55
phoning,5.11
phonograph,9.18
phonographic,11.58
phony,7.58
phooey,7.78
phosgene,18.17
phosphate,13.4
phosphatic,14.8
phosphor,14.67
phosphorescence,14.11
phosphorescent,12.06
phosphoric,14.93
phosphorous,11.15
phosphorus,13.74
photo,5.16
photochemical,14.0
photocopier,10.22
photocopy,11.0
photodynamic,14.85
photoelectric,12.87
photoelectron,14.69
photogenic,11.61
photograph,6.68
photographed,6.11
photographer,7.74
photographic,8.5
photographing,6.11
photographs,6.11
photography,7.84
photojournalism,13.56
photojournalist,12.63
photomontage,13.35
photomultiplier,15.92
photon,12.61
photons,12.75
photoperiodic,16.0
photophobia,14.77
photoplay,13.58
photos,5.48
photosensitive,12.71
photosynthesis,10.67
photosynthesize,11.44
phototropism,14.62
photovoltaic,15.9
phrase,8.44
phrasebook,11.88
phrased,8.69
phrasemaker,12.43
phraseology,16.29
phrases,8.69
phrasing,11.62
phrenologist,16.5
phrenology,16.8
phylum,13.23
physic,11.61
physical,8.16
physicality,13.81
physician,8.68
physicians,11.02
physicist,12.9
physics,11.68
physiognomic,16.17
physiologic,15.19
physiological,12.33
physiologist,15.32
physiology,13.44
physiotherapy,17.4
physique,11.89
physiques,12.43
pi,11.94
pianissimo,10.57
pianist,7.94
pianists,7.22
piano,5.5
pianoforte,12.38
pianos,5.2
piaster,15.0
piazza,13.06
pica,16.18
picador,17.11
picaroon,15.57
picayune,15.75
piccalilli,16.1
pice,14.0
pick,5.26
pickaninny,10.8
pickax,9.79
picked,5.13
picker,8.05
picket,10.79
picketed,11.07
picketing,11.07
pickets,11.07
picking,5.13
pickle,6.05
pickled,9.3
pickles,5.02
pickling,5.02
picklock,11.69
pickoff,9.64
pickpocket,9.37
pickpockets,8.92
picks,5.13
pickup,7.05
pickups,5.62
picky,5.74
picnic,5.53
picnicker,8.42
picnics,5.37
picot,15.33
pictogram,11.75
pictograph,12.88
pictographic,12.71
pictorial,12.89
picture,4.05
pictured,4.52
pictures,5.11
picturesque,13.06
picturing,4.52
piddle,8.33
piddling,11.2
pidgin,9.57
pie,3.67
piece,4.89
pieced,4.99
pieces,4.99
piecework,12.3
piecing,4.99
pied,11.86
pier,9.56
pierce,8.08
pierced,8.36
piercer,11.88
pierces,8.36
piers,8.35
pies,4.65
piety,12.6
piffle,13.38
pig,3.84
pigboat,9.5
pigeon,6.21
pigeonhole,11.22
pigeons,6.56
pigged,4.82
piggery,11.27
pigging,4.82
piggy,4.67
piggyback,5.0
piggybank,5.51
pigheaded,8.95
piglet,5.68
piglets,5.72
pigment,11.06
pigmentation,12.39
pigmy,14.53
pigpen,5.95
pigs,4.82
pigskin,8.39
pigsty,8.16
pigswill,12.5
pigtail,5.89
pigtailed,6.29
pike,12.06
piker,12.33
pikes,9.71
pikestaff,13.9
pilaf,12.25
pilchard,15.0
pile,5.79
piled,6.05
piles,6.05
pileup,8.84
pilfer,11.18
pilferage,14.76
pilferer,15.0
pilgrim,6.26
pilgrimage,10.5
pilgrims,7.19
piling,6.05
pill,6.06
pillage,11.41
pillaged,10.8
pillages,10.8
pillaging,10.8
pillar,8.26
pillars,9.58
pillbox,9.3
pillion,15.0
pillory,15.78
pillow,3.47
pillowcase,5.15
pillows,4.52
pills,6.86
pilot,6.32
piloted,7.66
pilothouse,11.33
piloting,7.66
pilotless,11.13
pilots,7.66
pimiento,10.93
pimp,12.78
pimped,12.26
pimping,12.26
pimple,9.57
pimpled,9.65
pimples,9.58
pimply,11.36
pimps,12.26
pin,4.53
pinafore,13.86
pinball,6.95
pincer,10.85
pinch,5.5
pinched,5.37
pinches,5.37
pinching,5.37
pinchpenny,11.4
pincushion,8.56
pine,5.53
pineal,15.89
pineapple,6.25
pinecone,4.61
pined,7.86
pines,7.86
piney,11.73
pinfeather,12.0
ping,8.76
pinged,9.16
pinging,9.16
pings,9.16
pinhead,10.37
pinheaded,10.68
pinhole,8.71
pining,7.86
pinion,14.67
pink,3.8
pinked,5.19
pinker,5.19
pinkest,5.19
pinkeye,8.71
pinkie,3.21
pinking,5.19
pinkish,8.12
pinks,5.19
pinnacle,12.67
pinnate,16.33
pinned,5.35
pinning,5.35
pinochle,12.46
pinot,15.62
pinpoint,9.68
pinprick,8.89
pins,5.35
pinscher,11.8
pinstripe,9.89
pint,8.37
pinto,9.0
pintos,11.29
pints,6.01
pintsize,7.61
pinup,10.94
pinwheel,7.63
pioneer,7.56
pioneered,9.81
pioneers,9.81
pious,12.81
pip,10.69
pipe,8.17
piped,6.5
pipeline,10.06
piper,7.91
pipers,7.47
pipes,6.5
pipette,13.72
piping,9.95
pipkin,16.6
pips,11.08
pipsqueak,6.88
piquancy,13.17
piquant,15.0
pique,12.59
piquet,16.6
piracy,10.63
piranha,8.74
pirate,6.5
pirates,5.2
piratical,12.27
pirating,5.2
pirouette,10.85
piscatorial,15.25
piscine,17.2
pismire,16.43
piss,7.56
pisser,11.8
pistachio,8.74
pistil,10.31
pistillate,14.33
pistol,7.28
pistols,7.49
piston,10.37
pistons,12.53
pit,6.14
pita,12.0
pitch,6.42
pitchblende,16.67
pitched,8.22
pitcher,6.42
pitches,8.22
pitchfork,6.89
pitching,8.22
pitchman,11.67
piteous,13.0
pitfall,12.61
pith,12.94
pithecanthropus,17.62
pithy,13.14
pitiable,13.17
pitied,7.62
pities,7.62
pitiful,8.8
pitiless,11.5
pitman,10.97
piton,13.0
pits,6.35
pittance,12.0
pitted,6.35
pitter,11.21
pitting,6.35
pituitary,13.06
pity,8.72
pitying,7.62
pivot,10.78
pivotal,12.0
pix,12.5
pixel,13.72
pixie,7.72
pixies,8.2
pixy,8.2
pizza,4.67
pizzas,4.19
pizzazz,12.33
pizzeria,9.47
pizzicato,14.2
placard,12.27
placate,13.6
place,4.95
placebo,11.89
placed,6.04
placeholder,10.56
placekicker,10.79
placement,9.32
placenta,12.06
placental,15.29
placer,10.6
places,6.04
placid,13.11
placing,6.04
placket,13.2
plagiarism,11.28
plagiarist,13.06
plagiarize,12.24
plague,9.26
plagued,8.92
plagues,8.92
plaguing,8.92
plaice,14.0
plaid,8.56
plaids,8.89
plain,7.37
plainclothes,9.76
plainclothesman,13.06
plainer,7.24
plainest,7.24
plainness,9.78
plains,7.24
plaint,12.0
plaintiff,12.33
plaintiffs,12.53
plaintive,13.5
plait,13.0
plan,6.78
plane,4.95
planed,9.9
planeload,9.88
planer,9.14
planes,9.9
planet,6.67
planetarium,9.63
planetary,10.33
planetoid,13.38
planets,8.24
plank,7.84
planks,8.75
plankton,11.21
planned,7.58
planner,9.05
planners,10.72
planning,7.58
plans,7.58
plant,3.95
plantain,12.8
plantar,14.27
plantation,9.72
planted,5.45
planter,7.68
planting,5.45
plants,5.45
plaque,7.39
plaques,9.46
plasm,13.25
plasma,13.05
plasmid,14.6
plaster,9.16
plasterer,11.22
plasterers,9.34
plastic,5.11
plasticity,12.05
plasticizer,16.83
plastics,6.47
plat,14.5
plate,3.84
plateau,9.74
plateaus,10.99
plated,4.71
plateful,8.06
platelet,12.53
platen,17.0
plates,4.71
platform,7.83
platforms,7.71
plating,11.71
platinum,12.28
platitude,12.94
platonic,13.12
platoon,12.33
platoons,11.39
platter,8.68
platters,10.7
platypus,7.71
plausibility,11.33
plausible,12.79
play,4.1
playa,14.23
playable,7.35
playact,10.82
playback,8.5
playbook,10.6
playboy,12.21
played,4.02
player,6.89
playful,6.22
playfulness,7.75
playgirl,13.16
playground,4.28
playhouse,5.17
playing,4.02
playlist,14.44
playmaker,11.68
playmate,5.21
playoff,9.0
playpen,4.41
playroom,6.11
plays,4.02
playsuit,8.64
plaything,8.17
playtime,4.24
playwright,10.44
playwriting,10.68
plaza,9.83
plea,8.42
plead,10.22
pleaded,9.64
pleader,11.12
pleading,9.64
pleads,9.64
pleas,10.87
pleasant,7.67
pleasanter,7.35
pleasantest,7.35
pleasantness,8.44
pleasantry,11.89
please,3.48
pleased,8.26
pleaser,9.33
pleases,3.72
pleasing,7.28
pleasurable,10.56
pleasure,8.21
pleasured,7.86
pleasures,7.86
pleasuring,7.86
pleat,12.0
pleated,9.69
pleats,11.0
plebe,15.0
plebeian,13.69
plebiscite,16.88
plebs,15.57
pled,9.64
pledge,7.17
pledged,10.49
pledges,10.49
pledging,10.49
plenary,15.62
plenipotentiary,16.17
plenitude,12.92
plenteous,15.38
plentiful,8.4
plenty,5.76
plenum,17.6
plesiosaur,10.1
plethora,12.86
pleura,13.86
pleural,10.71
pleurisy,14.23
plexus,16.88
pliability,12.06
pliable,10.94
plied,12.0
pliers,7.0
plies,12.0
plight,11.97
plink,9.36
plod,10.2
plodder,9.89
plods,8.77
plop,7.15
plopped,6.67
plopping,6.67
plops,6.67
plosive,13.42
plot,8.65
plots,8.39
plotted,8.39
plotter,10.95
plotting,8.39
plough,7.29
ploughed,7.29
ploughs,7.29
plow,7.11
plowboy,12.87
plowed,7.29
plowing,7.29
plows,7.29
ploy,12.5
ploys,10.88
pluck,9.78
plucked,8.47
plucking,8.47
plucks,8.47
plucky,11.14
plug,6.05
plugged,4.99
plugging,4.99
plugs,4.99
plum,5.5
plumage,12.94
plumb,9.81
plumbed,8.33
plumber,8.56
plumbers,7.86
plumbing,8.26
plume,11.24
plumes,10.9
plummet,12.79
plump,8.21
plumper,8.89
plums,5.54
plumy,12.12
plunder,12.47
plundered,11.09
plundering,11.09
plunders,11.09
plunge,8.61
plunged,8.09
plunger,9.63
plunges,8.09
plunging,8.09
plunk,9.06
plunks,9.81
pluperfect,15.17
plural,7.45
pluralism,13.76
pluralist,15.94
pluralistic,14.56
plurality,14.3
pluralization,10.53
plus,6.37
pluses,5.84
plush,9.58
plushy,9.35
plutocracy,14.95
plutocrat,12.5
plutocratic,16.12
plutonian,16.14
plutonic,12.67
plutonium,13.68
pluvial,16.33
ply,12.0
plying,12.0
plywood,9.38
pneumatic,14.46
pneumatics,14.93
pneumonia,9.65
pneumonic,12.67
poach,10.06
poacher,10.11
poachers,9.58
poaches,8.33
poaching,8.33
pock,12.0
pocket,4.74
pocketbook,9.35
pocketed,4.73
pocketful,7.37
pocketing,4.73
pocketknife,5.94
pockets,4.73
pockmark,12.88
pocus,10.13
pod,7.95
podcast,15.89
podgy,13.58
podiatric,14.18
podiatrist,15.5
podium,9.35
pods,9.08
poem,6.89
poems,7.11
poesy,12.15
poet,8.61
poetess,13.29
poetic,9.94
poetical,10.95
poetry,8.11
poets,7.49
pogo,7.76
pogrom,14.33
poi,12.56
poignancy,13.07
poignant,13.0
poinsettia,8.89
point,4.55
pointed,6.93
pointer,7.7
pointier,10.24
pointillism,15.09
pointing,6.93
pointless,7.95
points,6.93
pointy,7.39
poise,11.33
poised,10.61
poison,5.58
poisoned,6.77
poisoner,9.47
poisoning,8.14
poisonous,4.89
poisons,6.77
poke,4.95
poked,5.59
poker,9.1
pokers,9.34
pokes,5.59
poking,5.59
poky,7.31
polar,8.16
polarity,13.37
polarization,15.56
polarize,12.37
pole,5.63
polecat,10.57
polecats,10.68
polemic,13.85
poles,6.13
polestar,12.86
police,5.05
policed,5.43
policeman,4.44
policemen,4.99
polices,5.43
policewoman,6.37
policy,10.32
policyholder,14.05
polio,11.67
polish,8.06
polished,5.64
polisher,10.89
polishes,5.64
polishing,5.64
politburo,15.12
polite,4.63
politeness,6.89
politest,5.18
politic,10.76
political,9.83
politician,9.11
politicians,10.07
politicize,14.79
politick,13.71
politico,13.5
politics,9.37
polka,7.56
polkas,11.21
poll,11.58
polled,10.6
pollen,7.86
pollens,8.7
pollinate,9.68
pollination,9.82
polling,10.19
polliwog,7.8
polloi,13.86
polls,10.6
pollutant,10.76
pollute,8.56
polluter,8.24
pollution,8.56
pollywog,11.07
polo,9.95
polonaise,11.4
polonium,13.5
poltergeist,8.94
poltroon,14.0
poly,12.81
polycarbonate,15.56
polychromatic,15.07
polyclinic,14.62
polycyclic,15.36
polycystic,18.09
polyester,10.16
polyethylene,16.15
polygamist,14.26
polygamous,14.35
polygamy,12.95
polygenic,14.15
polyglot,16.91
polygonal,12.33
polygraph,13.33
polygraphist,14.38
polymer,15.5
polymerization,14.87
polymorph,15.0
polymorphic,15.6
polymorphous,15.0
polynomial,13.0
polyp,16.05
polyphonic,15.81
polyps,13.23
polystyrene,15.64
polysyllabic,14.44
polytechnic,15.47
polytheism,12.36
polytheist,14.5
polythene,17.27
polyunsaturated,14.56
polyurethane,13.63
polyvinyl,14.81
pomade,14.5
pomegranate,11.17
pomp,12.38
pompom,8.5
pompon,8.94
pomposity,15.3
pompous,12.71
poncho,8.84
ponchos,8.45
pond,5.16
ponder,11.44
pondered,10.13
pondering,10.13
ponderous,12.8
ponders,10.13
ponds,4.94
pone,14.18
pong,8.68
poniard,14.0
ponies,5.04
pontiff,13.07
pontificate,14.92
pontoon,11.56
pony,5.39
ponytail,5.79
pooch,7.67
pooches,7.98
poodle,6.53
poodles,7.34
poof,5.67
pool,5.15
pooled,4.94
pooling,4.94
poolroom,9.21
pools,4.94
poolside,8.26
pooltable,7.65
poop,4.0
pooped,3.63
pooping,3.63
poops,3.63
poor,6.11
poorer,5.3
poorest,5.3
poorhouse,10.61
poorly,8.08
pop,4.48
popcorn,4.17
pope,8.83
popery,13.44
popes,8.11
popeyed,7.27
popgun,8.75
popinjay,11.67
poplar,10.27
poplin,12.67
popover,8.44
popped,5.94
popper,9.61
poppet,12.29
poppies,9.85
popping,5.94
poppy,10.37
poppycock,10.56
pops,5.94
popsicle,3.78
populace,12.35
popular,6.61
popularity,9.11
popularize,10.89
populate,9.78
population,8.11
populations,9.28
populist,14.14
populous,12.62
porcelain,9.12
porch,5.4
porches,6.45
porcine,15.1
porcupine,6.89
pore,9.89
pork,5.63
porker,10.76
porkpie,11.4
porky,10.53
porn,11.56
porno,12.9
pornographer,14.83
pornographic,12.25
pornography,12.68
porosity,11.75
porous,10.53
porphyry,14.6
porpoise,8.94
porpoises,10.27
porridge,6.35
porridges,9.4
porringer,17.2
port,9.32
portability,12.2
portable,7.95
portage,12.79
portal,11.0
portals,10.22
portative,11.8
portcullis,14.0
portend,14.67
portent,13.43
portentous,15.7
portents,12.5
porter,10.08
porterhouse,14.57
porters,8.77
portfolio,13.84
porthole,10.12
portico,13.0
portiere,17.67
portion,8.39
portions,8.18
portly,11.12
portmanteau,17.78
portrait,7.61
portraitist,13.12
portraits,8.45
portraiture,12.56
portray,10.95
portrayal,10.47
portrayed,10.8
portrayer,11.67
portraying,10.8
portrays,10.8
ports,7.45
portside,11.89
posada,14.5
pose,7.89
posed,8.47
poser,13.22
poses,8.47
poseur,14.92
posh,11.88
posies,8.22
posing,8.47
posit,14.78
position,8.72
positional,10.41
positioned,7.5
positioning,10.06
positions,7.5
positive,8.11
positivity,11.61
positron,15.25
posse,10.56
posses,11.59
possess,11.95
possessed,9.62
possesses,9.62
possessing,9.62
possession,9.95
possessions,9.28
possessive,9.61
possessiveness,11.33
possessor,12.68
possessory,12.33
possibility,8.47
possible,7.32
possum,6.61
possums,7.41
post,8.11
postage,8.33
postal,8.17
postbox,6.65
postcard,6.74
postdate,14.12
postdoctoral,14.94
posted,6.7
poster,8.12
posterior,14.95
posterity,13.53
posters,6.61
postgraduate,14.56
posthaste,12.93
posthole,9.29
posthumous,14.87
posthypnotic,15.08
postlude,13.56
postman,5.22
postmark,11.45
postmaster,11.32
postmen,4.87
postmeridian,13.15
postmistress,13.17
postmodern,14.37
postmodernism,14.71
postmodernist,17.22
postmortem,12.22
postnasal,14.79
postnatal,12.79
postoperative,14.07
postpaid,14.2
postpartum,15.86
postpone,10.42
postponement,11.72
postprandial,17.0
posts,6.7
postscript,12.89
posttraumatic,16.26
postulant,14.3
postulate,13.85
postural,13.62
posture,8.89
postures,9.11
postwar,11.26
posy,8.56
pot,5.95
potable,14.71
potage,13.44
potash,14.56
potassium,11.89
potato,4.84
potatoes,4.82
potbellied,10.56
potboiler,12.92
potency,12.89
potent,11.44
potentate,14.5
potential,9.61
potentiality,13.0
potentiate,13.47
pothead,12.16
pothole,8.42
potholes,10.68
potholing,12.7
pothouse,13.45
potion,7.58
potions,8.53
potlatch,11.86
potluck,7.8
potpie,8.11
potpourri,10.15
pots,4.52
potshot,12.7
pottage,13.88
potted,8.37
potter,8.45
pottery,7.83
potties,3.95
potting,4.52
potty,2.28
pouch,6.56
pouches,7.35
poultice,13.86
poultry,8.39
pounce,9.06
pounced,7.72
pounces,7.72
pouncing,7.72
pound,6.79
poundage,10.53
pounded,6.23
pounder,10.76
pounding,9.12
pounds,6.23
pour,5.0
poured,5.07
pourer,7.58
pouring,5.07
pours,5.07
pout,7.0
pouted,5.73
pouter,11.8
pouting,5.73
pouts,5.73
pouty,7.28
poverty,9.68
powder,5.06
powdered,7.11
powdering,6.89
powderpuff,10.56
powders,6.89
powdery,8.44
power,7.48
powerboat,8.47
powered,7.88
powerful,6.42
powerhouse,9.05
powering,7.88
powerless,9.74
powerlessness,10.33
powers,7.88
powerstrip,12.01
powwow,9.11
pox,8.61
practical,10.0
practicalities,11.09
practicality,10.89
practice,6.24
practiced,7.66
practices,7.66
practicing,7.66
practitioner,13.61
praetor,16.62
praetorian,15.14
pragmatic,15.75
pragmatism,15.59
pragmatist,15.88
prairie,6.5
prairies,8.6
praise,7.95
praised,7.37
praises,7.37
praiseworthy,9.68
praising,7.37
praline,10.83
pram,9.9
prance,8.95
prances,9.56
prancing,9.17
prank,8.39
pranks,8.08
prankster,8.58
praseodymium,17.0
prate,14.4
prater,14.83
pratfall,13.5
prattle,12.25
prattler,13.83
prawn,13.06
pray,5.79
prayed,5.69
prayer,5.25
prayerful,7.06
prayers,5.5
praying,5.69
prays,5.69
preach,7.33
preached,8.12
preacher,6.11
preachers,7.74
preaches,8.12
preaching,8.12
preachment,13.88
preachy,10.63
preadolescence,13.25
preadolescent,12.44
preamble,11.94
prearrange,13.21
prearranged,10.5
prearrangement,13.1
preassigned,11.65
preborn,10.62
precancerous,14.7
precarious,14.53
precaution,11.05
precautionary,11.33
precautions,10.34
precautious,12.12
precede,10.4
precedence,12.53
precedent,10.53
precept,13.67
preceptor,12.06
precinct,11.94
precincts,11.61
preciosity,15.55
precious,7.57
preciousness,10.53
precipice,11.94
precipitate,9.58
precipitated,12.38
precipitating,11.1
precipitation,9.5
precipitous,14.47
precis,13.5
precise,9.68
precision,11.17
preclude,13.12
precocious,12.41
precocity,16.36
precognition,13.06
precognitive,15.35
preconceived,12.89
preconception,13.5
precondition,13.4
preconscious,15.47
precursor,12.42
precursors,13.09
predaceous,13.83
predate,13.41
predation,13.12
predator,8.45
predatory,11.56
predawn,9.83
predecease,14.5
predecessor,13.83
predestinate,13.53
predestination,13.18
predetermined,11.11
predicable,10.53
predicament,10.26
predicate,13.0
predication,12.32
predict,8.0
predictability,12.06
predictable,10.33
predicted,10.13
predicting,10.13
prediction,9.68
predictive,10.89
predictor,10.5
predicts,10.13
predigest,12.81
predilection,15.4
predispose,13.95
predisposition,12.79
prednisone,17.17
predominance,13.31
predominant,14.56
predominate,11.38
preemie,11.69
preeminence,13.13
preeminent,12.67
preempt,14.2
preemption,14.44
preemptive,13.58
preemptory,14.75
preen,13.23
preexisting,10.11
prefab,16.47
prefabricated,13.06
preface,9.67
prefaced,13.64
prefaces,13.64
prefect,11.93
prefectural,14.45
prefecture,12.5
prefer,6.95
preferable,9.0
preference,9.17
preferences,10.54
preferential,12.59
preferment,16.67
preferred,8.02
preferring,8.02
prefers,8.02
prefix,9.56
preflight,13.16
prefrontal,14.08
pregame,12.72
pregnable,13.5
pregnancy,9.16
pregnant,6.76
preheat,8.89
prehensile,17.14
prehistoric,8.05
prehistorical,11.06
prehistory,11.89
preindustrial,12.33
prejudge,10.81
prejudice,9.67
prejudiced,10.3
prejudicial,12.72
prelate,13.17
prelaunch,9.76
prelaw,13.21
prelim,14.0
preliminary,12.28
prelude,11.06
preludes,11.22
premarital,12.78
premature,11.53
prematurity,13.05
premed,11.82
premedical,12.45
premeditate,14.11
premeditation,11.95
premenstrual,12.58
premier,11.32
premiere,8.47
premise,12.47
premised,11.9
premises,12.78
premium,9.95
premiums,11.13
premolar,12.26
premonition,10.47
premonitory,16.43
prenatal,13.89
prenuptial,15.67
preoccupation,11.45
preoccupied,9.84
preoccupy,12.0
preoperative,12.33
preorder,12.64
prep,9.24
prepackaged,9.72
prepaid,13.05
preparation,9.33
preparations,9.75
preparatory,11.62
prepare,7.72
prepared,7.55
preparedness,8.63
preparer,9.84
prepares,7.55
preparing,7.55
prepay,12.2
prepayment,12.45
preponderance,16.33
preposition,11.5
prepositional,12.69
preposterous,11.78
preppy,11.27
preproduction,14.87
preprogram,12.71
preprogrammed,14.25
prepubescent,13.67
prepuce,15.8
prequel,11.73
prerecord,12.67
prerecorded,10.22
prerequisite,12.78
prerogative,13.33
presage,15.92
preschool,4.05
prescience,12.92
prescient,12.9
prescribe,9.2
prescription,9.22
preseason,10.06
presence,9.17
present,4.83
presentable,9.68
presentation,9.5
presented,5.69
presenter,8.9
presentiment,14.5
presenting,5.69
presentment,13.2
presents,5.69
preservation,10.95
preservative,10.74
preserve,9.63
preserved,9.01
preserver,12.28
preserves,9.01
preset,8.24
preshow,10.53
preshrunk,9.81
preside,12.22
presidency,8.44
president,6.89
presidential,8.89
presidents,9.07
presidium,11.0
presoak,9.89
press,6.4
pressboard,11.43
pressed,6.33
presses,6.33
pressroom,11.29
pressure,8.95
pressured,8.81
pressures,8.81
pressuring,8.81
pressurization,14.78
pressurize,11.67
prestidigitation,14.33
prestidigitator,14.92
prestige,11.59
prestigious,12.22
presto,8.29
presume,12.68
presumed,11.49
presumes,11.49
presuming,11.49
presumption,14.28
presumptive,12.89
presumptuous,14.0
presumptuousness,14.32
presuppose,14.59
presupposition,15.31
pretax,15.5
preteen,9.32
pretend,4.56
pretended,5.49
pretender,8.5
pretending,5.49
pretends,5.49
pretense,11.82
pretension,11.06
pretentious,12.95
pretentiousness,13.06
preternatural,13.9
pretext,13.06
pretrial,14.94
prettied,5.13
prettier,5.13
pretties,5.13
prettiest,5.13
prettiness,8.39
pretty,4.09
prettying,5.13
pretzel,5.0
pretzels,10.73
prevail,10.33
prevailed,11.19
prevailing,12.26
prevails,11.19
prevalence,10.72
prevalent,12.86
prevarication,16.2
prevent,8.6
preventable,9.72
preventative,10.71
prevented,9.11
preventer,10.29
preventing,9.11
prevention,8.47
preventive,10.5
prevents,9.11
preverbal,13.56
preview,7.42
previewed,9.58
previews,9.58
previous,8.44
prewar,11.22
prewashed,10.0
prey,9.42
preyed,8.71
preying,8.71
preys,8.71
price,7.35
priced,6.5
priceless,9.76
prices,6.5
pricey,8.44
prick,8.79
pricked,8.82
prickly,6.29
pricks,8.82
pride,8.95
prided,9.13
prideful,8.3
prides,9.13
pried,10.1
pries,10.1
priest,7.1
priestess,12.35
priesthood,10.21
priests,8.18
prig,11.85
priggish,17.11
prim,9.58
prima,13.27
primal,12.32
primaries,6.03
primarily,9.93
primary,8.89
primate,9.32
primates,9.49
primatologist,15.4
prime,8.83
primed,9.73
primer,11.22
primes,9.73
primeval,14.22
priming,9.73
primitive,9.28
primordial,14.94
primp,11.67
primping,10.27
primps,10.27
primrose,12.53
primus,12.13
prince,5.26
princedom,10.11
princely,9.39
princes,5.64
princess,3.95
princesses,5.48
principal,5.58
principals,10.34
principle,9.68
principled,13.67
principles,9.95
print,7.67
printed,7.73
printer,7.61
printers,8.65
printing,8.17
printout,11.56
prints,7.73
prior,10.63
priorities,10.41
prioritize,13.17
priority,10.95
priors,10.47
prism,9.78
prismatic,13.38
prisms,10.32
prison,7.5
prisoner,8.0
prisoners,7.24
prisons,7.05
prissy,9.06
pristine,12.33
prithee,15.3
privacy,7.84
private,6.16
privateer,12.06
privates,7.04
privation,14.2
privatization,13.62
privatize,13.56
privet,14.33
privies,13.17
privilege,9.24
privileged,10.67
privileges,8.2
privy,12.07
prize,5.11
prized,8.37
prizefight,10.25
prizefighter,11.39
prizes,5.18
prizewinning,7.78
pro,8.39
proactive,13.21
probabilistic,14.7
probability,11.0
probable,11.61
probate,11.72
probation,11.58
probationary,13.38
probative,14.13
probe,9.9
probed,10.7
probes,10.7
probing,10.58
probity,14.17
problem,6.06
problematic,11.63
problematical,11.95
problems,7.35
proboscis,11.33
procaine,13.0
procedural,11.12
procedure,9.67
proceed,8.33
proceeded,9.31
proceeding,9.31
proceedings,10.91
proceeds,10.37
process,10.7
processed,8.53
processes,8.53
processing,10.17
procession,11.79
processional,11.18
processions,8.24
processor,12.58
proclaim,11.05
proclaimed,10.7
proclaiming,10.7
proclaims,10.7
proclamation,11.07
proclivity,15.25
proconsul,15.5
procrastinate,10.94
procrastination,11.63
procrastinator,11.05
procreant,11.14
procreate,13.0
procreation,11.53
procreative,14.95
procreator,13.89
proctologist,15.44
proctology,16.82
procurator,14.06
procure,13.67
procurement,13.35
procurer,15.93
procuress,14.89
prod,11.22
prodded,10.46
prodding,10.46
prodigal,11.72
prodigious,12.59
prodigy,11.63
prods,10.46
produce,7.75
produced,8.41
producer,10.89
produces,8.41
producing,8.41
product,8.05
production,9.21
productions,9.6
productive,9.44
productivity,11.79
products,8.73
proem,17.5
profanation,14.11
profane,12.84
profaned,11.09
profaner,13.23
profanes,11.09
profanity,10.58
profess,10.68
profession,9.58
professional,9.06
professionalism,12.28
professionals,9.75
professor,10.89
professorial,11.44
professors,10.22
professorship,12.85
proffer,16.0
proffered,12.01
proficiency,12.2
proficient,12.11
profile,9.0
profiled,9.05
profiler,12.24
profiles,9.05
profit,8.56
profitability,11.72
profitable,11.22
profited,9.77
profiteer,12.11
profiteering,15.5
profiteers,12.43
profiting,9.77
profitless,13.37
profits,9.77
profligate,15.67
profound,12.06
profoundest,11.59
profundity,14.22
profuse,13.17
profusion,12.07
progenitor,15.27
progeny,15.12
progesterone,16.67
prognosis,14.1
prognostic,14.75
prognostication,13.54
prognosticator,16.2
program,8.2
programmatic,16.79
programmed,8.04
programmer,13.28
programmers,12.63
programming,10.58
programs,8.04
progress,9.0
progressed,8.65
progresses,8.65
progressing,8.65
progression,11.0
progressive,11.11
prohibit,10.67
prohibited,9.83
prohibiting,9.83
prohibition,12.05
prohibitive,12.68
prohibits,9.83
project,9.0
projectile,10.21
projectiles,11.7
projecting,11.18
projection,10.0
projectionist,12.63
projector,7.16
projects,6.82
prolapse,14.29
prolapsed,13.0
prolegomenon,15.0
proletarian,15.64
proletariat,15.33
proliferation,14.5
prolific,12.44
prolix,14.0
prolixity,14.62
prologue,12.55
prolong,11.89
prolonged,11.4
prolonging,10.6
prolongs,10.6
prom,10.42
promenade,11.44
promenading,9.24
promethean,16.18
promethium,13.36
prominence,12.61
prominent,10.17
promiscuity,13.65
promiscuous,13.3
promise,5.67
promised,5.97
promises,5.97
promising,7.84
promissory,14.42
promo,12.78
promontory,14.18
promos,10.8
promotable,13.55
promote,10.32
promoted,10.18
promoter,12.41
promotes,10.18
promoting,10.18
promotion,11.32
promotional,10.9
prompt,10.24
prompted,10.12
prompter,14.11
promptitude,15.56
promptly,9.89
promptness,10.89
prompts,10.12
proms,10.61
promulgate,16.82
promulgation,11.83
prone,12.58
proneness,11.6
prong,10.78
pronged,8.71
pronging,8.71
prongs,8.71
pronoun,8.63
pronounce,8.42
pronounced,9.13
pronouncement,10.47
pronounces,9.13
pronouncing,9.13
pronto,9.59
pronunciation,8.38
proof,8.06
proofed,9.03
proofread,8.75
proofreader,9.83
proofs,9.03
prop,10.83
propaganda,12.1
propagandist,14.29
propagandize,15.39
propagate,13.87
propagation,13.0
propane,12.53
propel,10.06
propellant,12.94
propeller,7.0
propensity,15.56
proper,7.63
propertied,11.76
properties,8.86
property,8.16
prophase,14.64
prophecy,12.58
prophesied,9.88
prophesies,9.88
prophesy,10.53
prophet,9.58
prophetess,12.33
prophetic,14.84
prophets,9.14
prophylactic,15.2
prophylaxis,15.36
propinquity,15.57
propitious,12.4
proponent,12.4
proportion,11.79
proportional,10.95
proportionality,13.47
proportionate,11.21
proportioned,10.07
proportions,10.07
proposal,11.05
propose,9.0
proposed,9.43
proposes,9.43
proposing,9.43
proposition,11.79
propound,12.2
propped,9.03
propping,9.03
proprietary,14.22
proprietor,12.21
proprietors,11.02
proprietress,13.24
propriety,15.16
props,9.03
propulsion,12.81
propylene,15.12
prorate,14.59
pros,7.79
prosaic,14.36
proscenium,16.22
prosciutto,15.92
proscribe,14.77
prose,12.06
prosecute,9.5
prosecution,11.83
prosecutor,11.47
prosecutorial,13.69
proselyte,13.6
proselytize,16.92
proslavery,11.53
prospect,10.26
prospecting,11.49
prospective,10.42
prospector,11.78
prospects,11.49
prospectus,18.22
prosper,10.06
prospered,10.6
prospering,10.6
prosperity,10.4
prosperous,13.0
prospers,10.6
prostate,15.0
prostatectomy,15.27
prostatic,11.69
prosthesis,13.22
prosthetic,11.44
prostitute,11.78
prostitution,12.84
prostrate,15.5
prostration,13.38
prosy,13.5
protagonist,13.42
protean,11.83
protease,14.36
protect,6.79
protected,7.51
protecting,7.51
protection,8.33
protectionist,12.57
protections,9.13
protective,8.0
protectiveness,10.26
protector,9.0
protectorate,13.69
protects,7.51
protege,13.16
protegee,12.4
protein,10.39
proteins,9.67
protest,9.11
protestant,12.67
protestants,9.63
protestation,12.89
protested,9.39
protester,11.06
protesting,9.39
protests,9.39
protocol,13.83
proton,11.28
protoplasm,15.28
protoplasmic,14.0
prototype,12.65
prototypical,13.8
protracted,11.35
protraction,14.4
protractor,9.75
protrude,12.45
protrusion,12.37
protuberance,17.07
proud,5.44
prouder,6.01
proudest,6.01
provable,9.82
prove,7.84
proved,8.22
proven,8.22
provenance,14.46
provender,14.75
proverb,8.16
proverbial,13.78
proverbs,9.22
proves,8.22
provide,7.74
provided,9.13
provident,15.92
providential,13.18
provider,9.63
provides,9.13
providing,9.13
province,10.06
provinces,11.19
provincial,12.7
proving,8.22
provision,11.9
provisional,14.29
provisions,10.02
proviso,14.46
provocateur,14.88
provocation,12.41
provocative,12.21
provoke,8.39
provoked,10.8
provoker,10.21
provokes,10.8
provoking,10.8
provost,16.62
prow,12.56
prowess,13.0
prowl,9.5
prowler,10.06
prowling,8.96
prowls,8.96
proxies,13.18
proximal,14.0
proximate,13.05
proximity,12.26
proximo,15.67
proxy,14.88
prude,12.11
prudence,11.87
prudent,12.53
prudery,16.2
prudes,10.82
prudish,12.44
prune,7.85
pruned,9.3
prunes,9.3
pruning,10.95
prurient,13.6
prussic,16.0
pry,8.06
prying,10.1
psalm,8.76
psalmist,11.14
psalmody,15.0
psalms,9.24
pseudo,13.75
pseudonym,13.26
pseudoscience,15.4
pseudoscientific,14.72
psi,14.86
psilocybin,15.0
psittacosis,17.6
psoriasis,16.0
psych,10.11
psyche,12.53
psychedelic,12.32
psychiatric,12.05
psychiatrist,12.61
psychiatry,11.61
psychic,11.47
psychical,10.86
psychics,12.45
psycho,8.22
psychoactive,15.07
psychoanalysis,14.35
psychoanalyst,15.37
psychoanalytic,15.47
psychoanalytical,16.3
psychoanalyze,15.56
psychobabble,14.47
psychobiological,14.86
psychodrama,15.74
psychodynamic,17.69
psychodynamics,15.47
psychokinetic,14.53
psycholinguistics,16.4
psychological,11.65
psychologies,12.5
psychologist,11.77
psychologists,11.87
psychology,11.72
psychometric,14.75
psychoneurosis,17.0
psychoneurotic,16.21
psychopath,13.22
psychopathic,11.89
psychopathological,14.95
psychopathology,16.0
psychophysics,14.77
psychophysiology,15.38
psychos,9.31
psychosexual,19.19
psychosis,16.07
psychosocial,15.44
psychosomatic,14.8
psychosurgery,15.75
psychotherapist,15.06
psychotherapy,14.39
psychotic,10.94
psychotropic,15.76
pterodactyl,10.33
ptomaine,14.2
pub,12.05
pubertal,16.0
puberty,11.21
pubes,11.0
pubescence,12.76
pubescent,14.0
pubic,10.47
pubis,11.46
public,8.47
publican,13.46
publication,10.89
publicist,13.61
publicity,10.9
publicize,11.44
publics,8.15
publish,9.0
published,9.63
publisher,11.15
publishes,9.63
publishing,10.0
pubs,10.17
puce,15.14
puck,7.79
pucker,7.61
puckish,11.45
pucks,11.22
pudding,4.79
puddings,5.02
puddle,5.37
puddles,5.49
puddling,8.55
pudgy,8.39
pueblo,11.94
puerile,13.91
puerility,17.29
puff,6.44
puffball,7.87
puffer,10.88
puffery,11.73
puffin,9.23
puffiness,7.78
puffing,8.22
puffs,7.08
puffy,7.42
pug,9.17
pugilism,17.44
pugilist,14.87
pugilistic,14.89
pugilists,12.81
pugnacious,14.58
pugnacity,15.19
pugs,9.31
puissance,16.0
puke,6.94
puked,7.35
pukes,7.35
puking,7.35
pukka,14.25
pulchritude,16.0
pulchritudinous,18.67
pull,4.79
pullback,10.6
pulled,5.62
puller,11.15
pullet,13.57
pulley,9.9
pulleys,10.39
pulling,5.62
pullout,10.29
pullover,8.05
pulls,5.62
pulmonary,13.05
pulp,9.63
pulpit,11.0
pulpits,9.28
pulps,7.77
pulpy,10.18
pulsar,13.93
pulsars,13.29
pulsate,13.88
pulsation,13.05
pulse,10.21
pulses,8.85
pulsing,8.85
pulverize,12.63
puma,9.0
pumas,10.06
pumice,12.18
pummel,12.39
pump,6.06
pumped,7.01
pumper,8.77
pumping,7.01
pumpkin,4.78
pumpkins,7.58
pumps,7.01
pun,11.21
punch,5.75
punchbowl,8.44
punched,5.57
puncheon,18.17
puncher,7.56
punches,5.57
punching,5.57
punchingbag,7.92
punchy,13.18
punctilio,17.5
punctilious,14.5
punctual,10.79
punctuality,10.53
punctuate,8.28
punctuation,8.61
puncture,8.89
punctured,10.32
punctures,10.32
pundit,14.36
pungency,13.62
pungent,13.29
punier,10.41
puniest,10.41
punish,6.68
punishable,9.17
punished,6.16
punisher,8.32
punishes,6.16
punishing,6.16
punishment,5.47
punishments,6.88
punitive,13.06
punk,10.0
punks,9.38
puns,10.9
punster,12.87
punt,8.18
punted,8.68
punter,9.71
punting,8.68
punts,8.68
puny,8.0
pup,5.11
pupa,11.18
pupate,13.27
pupil,8.06
pupils,8.87
puppet,5.0
puppeteer,8.21
puppetry,8.61
puppets,4.86
puppies,4.26
puppy,3.28
pups,5.13
purblind,10.0
purchase,8.11
purchased,7.8
purchaser,10.22
purchases,7.8
pure,7.95
pureblood,9.94
purebred,11.42
puree,10.94
pureness,10.58
purer,7.22
purest,7.22
purgation,15.18
purgative,13.92
purgatorial,14.61
purgatory,11.61
purge,11.56
purged,11.34
purges,11.34
purging,11.34
purification,10.89
purifier,10.22
purify,11.0
purist,12.11
puritan,13.26
puritanical,13.18
purity,9.89
purl,14.2
purlieu,17.0
purloin,13.69
purple,3.6
purples,6.2
purplish,6.88
purport,16.44
purpose,8.37
purposeful,10.21
purposefulness,10.9
purposeless,11.55
purposes,8.51
purr,5.25
purred,3.91
purring,3.91
purrs,3.91
purse,5.53
purser,14.27
purses,5.09
pursing,5.09
pursue,10.0
pursued,10.62
pursuer,10.7
pursues,10.62
pursuing,10.62
pursuit,10.44
pursuits,9.85
purulent,15.5
purveyor,13.36
purview,14.62
pus,7.78
push,4.26
pushbutton,8.5
pushcart,9.39
pushchair,9.97
pushed,4.74
pusher,9.0
pushes,4.74
pushiness,8.5
pushing,4.74
pushover,10.81
pushrod,14.12
pushup,7.53
pushy,7.7
pusillanimity,15.5
pusillanimous,15.2
puss,8.5
pussy,9.58
pussycat,5.76
pussyfoot,12.29
pustule,14.0
put,3.72
putative,15.22
putdown,9.5
putrefaction,14.1
putrefied,12.5
putrefy,12.08
putrescence,14.93
putrescent,14.91
putrid,13.14
putridity,14.81
puts,4.87
putsch,15.75
putt,8.67
putter,9.33
putting,4.87
putts,7.72
putty,7.72
puzzle,5.11
puzzled,7.5
puzzlement,11.37
puzzler,10.11
puzzles,6.47
pygmies,12.96
pygmy,12.77
pyjamas,5.78
pylon,13.47
pylons,13.4
pyloric,16.56
pyorrhea,14.88
pyramid,7.61
pyramidal,13.5
pyramids,7.92
pyre,14.07
pyres,13.57
pyrethrum,16.0
pyrite,12.18
pyromania,13.12
pyromaniac,13.0
pyrophosphate,14.67
pyrotechnic,12.93
pyrotechnics,14.62
pyrrhic,17.11
python,7.89
pythons,7.88
quack,5.25
quacked,5.13
quackery,10.91
quacking,5.13
quacks,5.13
quad,12.58
quadrangle,13.15
quadrangular,13.54
quadrant,12.76
quadrants,12.11
quadratic,12.6
quadriceps,13.42
quadrille,13.8
quadrillion,11.36
quadrillionth,13.06
quadripartite,16.67
quadriplegia,15.41
quadriplegic,13.5
quadroon,14.38
quadruped,12.37
quadruple,11.22
quadruplet,11.21
quads,9.83
quaff,13.71
quagmire,14.04
quail,9.72
quails,10.54
quaint,12.58
quainter,11.48
quaintest,11.48
quaintness,12.78
quake,8.15
quakes,9.03
quaking,9.03
qualification,10.95
qualifications,10.76
qualified,9.79
qualifier,12.89
qualify,10.05
qualitative,15.28
quality,8.78
qualm,12.67
qualms,12.62
quandary,12.79
quantifiable,14.67
quantify,14.0
quantitative,14.0
quantities,8.34
quantity,11.11
quantum,14.26
quarantine,12.81
quarantining,13.0
quarrel,8.32
quarreled,6.43
quarreling,6.43
quarrelling,6.43
quarrels,6.43
quarrelsome,9.63
quarries,9.83
quarry,10.56
quart,7.5
quarter,5.79
quarterback,7.63
quarterdeck,13.8
quartered,6.73
quarterfinal,12.06
quarterly,11.24
quartermaster,13.29
quarters,6.32
quarterstaff,12.2
quartet,9.0
quartets,11.7
quartette,10.88
quarto,13.38
quarts,8.68
quartz,9.28
quasar,14.25
quash,12.1
quasi,13.27
quaternary,16.0
quatrain,13.88
quay,14.7
queasiness,10.89
queasy,11.37
queen,4.42
queer,11.1
queered,11.13
queerer,11.13
queerest,11.13
queers,11.13
quell,13.58
quells,12.45
quench,10.44
quenched,10.03
quencher,11.15
quenches,10.03
quenelle,16.11
queried,9.38
queries,9.38
query,13.58
quesadilla,11.2
quest,10.4
questing,13.53
question,6.16
questionable,8.16
questioned,6.35
questioner,9.78
questioning,6.35
questionnaire,10.84
questions,6.35
quests,8.26
quetzal,13.44
queue,12.17
queued,6.94
queues,6.94
queuing,6.94
quibble,11.86
quibbled,11.19
quibbles,11.19
quibbling,11.19
quiche,13.13
quick,5.89
quicken,8.63
quicker,5.07
quickest,5.07
quickie,12.75
quicklime,14.92
quickly,6.32
quickness,8.28
quicksand,9.6
quicksilver,12.06
quickstep,12.06
quid,11.27
quiet,4.15
quieted,4.37
quieter,4.37
quietest,4.37
quieting,4.37
quietness,7.53
quiets,4.37
quietude,15.07
quietus,14.33
quill,9.04
quills,10.53
quilt,6.55
quilted,10.26
quilter,10.58
quilts,10.37
quin,12.49
quince,14.0
quinine,12.4
quinoa,17.2
quinsy,14.0
quint,12.5
quintal,14.17
quintessence,16.15
quintessential,15.62
quintet,10.38
quintillion,15.4
quintuple,10.65
quintuplicate,13.29
quip,12.75
quips,12.34
quire,14.9
quirk,11.39
quirkiness,11.88
quirks,10.46
quirky,9.94
quisling,12.67
quit,5.26
quitclaim,15.67
quite,7.44
quits,7.43
quitted,7.43
quitter,7.16
quitting,7.43
quiver,11.05
quivered,9.11
quivering,10.74
quivers,9.11
quivery,10.8
quixotic,13.57
quiz,7.05
quizmaster,9.05
quizzed,6.87
quizzes,6.87
quizzical,11.65
quizzing,6.87
quondam,13.2
quorum,14.85
quota,12.64
quotable,11.19
quotas,11.19
quotation,9.38
quote,8.44
quoted,9.68
quotes,9.68
quoth,14.18
quotidian,13.8
quotient,10.61
quoting,9.68
rabbet,12.6
rabbi,8.88
rabbinic,12.0
rabbinical,13.18
rabbis,11.51
rabbit,3.94
rabbits,4.31
rabble,11.59
rabid,9.22
rabies,8.22
raccoon,6.79
raccoons,5.14
race,6.0
racecourse,7.84
raced,5.22
racehorse,6.67
raceme,18.0
racer,4.84
races,5.22
racetrack,9.0
raceway,8.06
racial,10.89
racialism,13.79
racialist,13.73
racing,5.22
racism,9.56
racist,9.44
racists,11.38
rack,6.26
racked,7.71
racket,8.2
racketeer,14.35
racketeering,15.94
rackets,7.71
racking,7.71
racks,7.71
raconteur,17.78
racoon,6.14
racquet,7.71
racquetball,11.0
racquets,7.71
racy,11.33
radar,9.53
radial,11.31
radiance,9.56
radiant,9.68
radiate,12.5
radiation,11.44
radiator,8.53
radical,11.9
radicalism,14.41
radicalize,15.0
radicchio,17.67
radio,5.17
radioactive,12.11
radioactivity,12.06
radiocarbon,16.2
radioed,6.41
radiogram,15.75
radiograph,15.33
radioing,6.41
radioisotope,16.23
radiologic,11.41
radiological,13.24
radiologist,12.83
radiology,12.61
radioman,9.71
radiometer,13.79
radionuclide,16.7
radios,6.41
radiotherapy,15.32
radish,5.25
radishes,8.28
radium,14.1
radius,9.94
radix,14.0
radon,15.67
raffia,14.0
raffish,14.5
raffle,9.22
raffled,8.04
raffles,8.04
raffling,8.04
raft,7.35
rafted,6.51
rafter,10.74
rafting,8.1
rafts,6.51
rag,5.22
raga,15.0
ragamuffin,8.11
rage,8.79
raged,7.12
rages,7.12
ragged,8.5
raggedy,6.11
ragging,12.41
raging,10.63
ragout,10.86
rags,5.48
ragtag,9.5
ragtime,11.94
ragweed,11.12
ragwort,13.83
raid,9.53
raided,7.81
raider,9.47
raiding,7.81
raids,7.81
rail,7.89
railbird,12.2
railcar,7.78
railed,5.62
railhead,12.18
railing,6.56
raillery,13.71
railroad,6.06
railroadtracks,7.05
rails,5.62
railway,6.65
raiment,14.57
rain,3.6
rainbow,4.26
rainbows,4.31
raincoat,5.5
raindrop,6.11
rained,4.41
rainfall,5.44
rainforest,7.45
raining,4.41
rainmaker,9.47
rains,4.41
rainstorm,4.44
rainwater,6.21
rainy,4.0
raise,6.72
raised,6.97
raiser,9.31
raises,6.97
raisin,5.05
raising,6.97
raisins,5.09
rake,5.32
raked,6.77
rakes,6.77
raking,6.77
rakish,14.64
rallied,9.85
rallies,9.85
rally,10.75
rallying,9.85
ram,8.32
ramble,10.6
rambled,8.82
rambler,11.44
rambles,8.82
rambling,10.75
rambunctious,9.7
ramjet,17.12
rammed,7.63
rammer,11.0
ramming,7.63
ramose,18.0
ramp,7.28
rampage,10.14
rampages,10.22
rampaging,10.22
rampant,12.4
rampart,10.0
ramparts,12.43
ramping,7.7
ramps,7.7
ramrod,10.5
rams,7.63
ramshackle,12.0
ran,3.82
ranch,7.35
rancher,9.72
ranchero,13.06
ranches,8.03
ranching,8.83
rancid,9.94
rancidity,14.25
rancorous,14.54
random,9.33
randomization,12.94
randomness,9.67
rang,6.08
range,7.11
ranged,8.88
rangeland,12.88
ranger,8.67
ranges,8.88
ranging,8.88
rank,9.42
ranked,8.73
rankest,8.73
ranking,9.28
rankness,12.19
ranks,8.73
ransack,11.32
ransom,9.83
ransomed,10.6
ransoms,10.6
rant,9.22
ranted,10.25
ranting,10.25
rants,11.0
ranunculus,16.5
rap,9.14
rapacious,15.36
rapacity,16.67
rape,10.74
raped,12.4
rapes,12.4
rapeseed,14.36
rapid,8.62
rapidity,12.82
rapids,8.7
rapier,14.12
rapine,15.88
raping,12.4
rapist,12.05
rapped,8.73
rappel,13.36
rapper,10.74
rapping,8.73
rapport,13.18
rapprochement,16.27
raps,8.73
rapscallion,16.25
rapt,14.69
raptor,11.24
rapture,11.6
raptures,11.9
rapturous,13.81
rare,7.45
rarebit,12.0
rarefied,14.19
rarely,9.46
rarer,8.5
rarest,8.5
raring,12.67
rarity,10.94
rascal,6.89
rascality,12.31
rascals,6.57
rash,5.78
rashes,5.64
rashness,12.33
rasp,12.65
raspberry,5.33
rasps,10.95
raspy,10.89
rat,5.11
ratatouille,16.06
ratchet,10.21
ratchets,11.39
rate,8.84
rated,9.03
rates,9.03
ratfink,11.0
rather,6.94
ratification,13.11
ratify,12.45
rating,9.47
ratio,10.58
ratiocinate,14.4
ratiocination,14.5
ration,10.4
rational,10.06
rationale,12.17
rationalist,14.24
rationality,11.65
rationalization,12.22
rationalize,11.63
rationed,9.87
rationing,11.83
rations,9.87
ratios,10.41
rats,5.22
rattail,9.61
rattan,13.57
ratted,5.22
ratting,5.22
rattle,4.5
rattlebrained,11.59
rattled,4.02
rattler,7.06
rattles,4.02
rattlesnake,6.78
rattling,4.02
rattrap,7.47
ratty,9.44
raucous,14.4
raunchy,11.42
ravage,12.53
ravaged,10.22
ravager,13.67
ravages,10.22
ravaging,10.22
rave,12.33
raved,10.32
raven,8.56
ravening,7.96
ravenous,12.44
ravens,7.96
raves,10.32
ravine,10.61
ravines,11.39
ravioli,6.58
ravish,12.57
ravisher,14.1
ravishing,12.22
raw,7.17
rawest,6.81
rawhide,9.59
rawness,8.68
ray,6.73
rayon,13.06
rays,6.5
raze,11.88
razor,7.11
razorback,12.44
razorblade,7.59
razors,7.98
razz,11.42
razzle,11.28
reach,4.89
reachable,9.16
reached,5.1
reaches,5.1
reaching,5.1
reacquaint,13.17
reacquainted,10.24
reacquire,13.37
reacquisition,14.06
react,6.67
reactant,13.56
reacted,8.47
reacting,8.47
reaction,8.3
reactionary,13.24
reactions,9.98
reactivate,11.36
reactivation,13.0
reactive,10.37
reactor,12.63
reacts,8.47
read,4.11
readable,8.09
readdress,10.78
reader,5.37
readership,10.6
readied,4.93
readies,4.93
readiest,4.93
readiness,9.67
readjust,10.5
readjustment,12.67
readmit,11.54
readout,11.07
ready,5.53
readying,4.93
readymade,8.89
reaffirm,11.89
reaffirmation,13.3
reagent,14.0
real,4.95
realer,5.72
realest,5.72
realign,9.53
realignment,12.35
realism,13.47
realist,13.48
realistic,8.55
realities,9.28
reality,10.05
realization,11.33
realize,8.23
realized,7.24
realizes,7.24
realizing,7.24
reallocation,16.24
really,5.94
realm,10.78
realms,11.02
realness,6.71
realtor,11.71
realty,11.4
ream,12.71
reamed,11.78
reamer,13.5
reams,11.78
reanimate,12.11
reanimation,12.65
reap,9.83
reaped,11.19
reaper,11.37
reaping,11.19
reappear,8.65
reappearance,10.11
reapportionment,13.67
reappraisal,14.1
reappraise,12.76
reaps,11.19
rear,6.89
reared,7.47
rearguard,13.17
rearing,7.47
rearm,12.53
rearmament,14.5
rearrange,8.11
rearrangement,9.39
rears,7.47
rearward,11.22
reason,7.84
reasonable,8.32
reasonableness,11.59
reasoned,7.26
reasoning,10.14
reasons,7.26
reassemble,9.05
reassert,11.68
reassess,12.79
reassessment,13.5
reassign,11.0
reassignment,10.44
reassume,11.44
reassurance,10.68
reassure,9.33
reattach,10.1
reattachment,10.11
reawaken,9.16
rebalance,11.11
rebar,12.0
rebate,12.21
rebel,9.95
rebelled,9.13
rebelling,9.13
rebellion,10.0
rebellious,10.26
rebelliousness,11.37
rebels,9.13
rebirth,10.0
rebook,12.45
reboot,13.56
rebooting,10.6
reborn,10.39
rebound,9.39
rebounded,9.24
rebounder,12.85
rebounding,9.24
rebounds,9.24
rebroadcast,10.21
rebuff,13.0
rebuild,8.95
rebuke,13.0
rebuked,10.02
reburial,14.0
rebury,9.42
rebut,12.33
rebuttable,14.47
rebuttal,14.44
recalcitrance,15.91
recalcitrant,15.0
recalculate,11.53
recalibrate,14.11
recalibration,14.89
recall,11.45
recalled,9.85
recalling,9.85
recalls,9.85
recant,13.73
recanted,11.8
recap,9.83
recapitalize,13.56
recapitulate,16.67
recapitulation,14.33
recapping,10.6
recaps,10.6
recapture,10.42
recast,11.95
recede,11.65
receipt,8.53
receipts,10.19
receivable,10.28
receive,8.11
received,6.84
receiver,10.17
receivership,14.93
receives,6.84
receiving,6.84
recency,14.33
recent,8.13
receptacle,10.24
receptacles,11.02
reception,9.17
receptionist,9.95
receptionists,9.86
receptive,12.26
receptivity,12.18
receptor,12.3
recertification,13.67
recess,6.33
recessed,5.25
recesses,5.25
recession,13.74
recessionary,15.31
recessive,13.06
recharge,8.61
recharger,10.83
recheck,9.85
rechristen,12.24
recidivism,15.8
recidivist,16.6
recipe,6.95
recipient,7.89
reciprocal,11.8
reciprocate,13.0
reciprocation,12.65
reciprocity,14.83
recirculation,12.17
recital,6.95
recitation,13.56
recite,8.16
reckless,9.06
recklessness,10.68
reckon,8.84
reckoned,8.33
reckoning,12.89
reckons,8.33
reclaim,10.61
reclamation,13.37
recline,8.53
recliner,6.11
reclining,8.79
recluse,11.28
recluses,11.9
reclusive,13.06
recognition,9.5
recognizable,8.58
recognizance,13.73
recognize,8.89
recoil,10.74
recoilless,13.33
recollect,9.67
recollection,10.61
recollections,10.49
recombinant,16.06
recombination,12.5
recombine,13.12
recommence,13.58
recommend,9.11
recommendation,10.86
recommended,9.21
recommending,9.21
recommends,9.21
recommit,12.61
recompense,13.35
recompression,12.69
recon,13.89
reconcile,10.47
reconcilement,12.25
reconciliation,10.82
reconciliatory,14.94
recondition,11.74
reconfiguration,13.74
reconfigure,12.78
reconfirm,12.28
reconnaissance,12.78
reconnect,8.89
reconnection,9.83
reconnoiter,11.67
reconsider,9.68
reconsideration,12.0
reconstitute,14.1
reconstitution,13.17
reconstruct,10.63
reconstruction,11.95
reconstructive,10.7
reconvene,13.0
reconversion,13.17
reconvict,12.82
record,6.3
recordable,10.53
recorded,9.25
recorder,8.37
recording,7.0
recordplayer,6.37
records,9.25
recount,8.84
recoup,12.74
recourse,13.35
recourses,13.18
recover,7.56
recoverable,12.21
recovered,7.88
recovering,7.88
recovers,7.88
recovery,8.05
recreant,12.91
recreate,9.21
recreation,8.83
recreational,8.89
recriminate,14.89
recrimination,14.47
recruit,10.68
recruited,10.7
recruitment,10.5
recruits,10.7
rectal,13.06
rectangle,5.0
rectangular,5.42
rectification,14.8
rectify,15.89
rectitude,13.0
rector,13.17
rectory,14.31
rectum,9.84
rectus,13.21
recumbent,13.93
recuperate,11.74
recuperation,11.53
recuperative,14.28
recur,11.17
recurrence,11.79
recurrent,10.84
recurring,9.89
recursive,13.0
recyclable,9.11
recycle,10.61
recycled,8.32
recycling,10.53
red,3.68
redbird,7.94
redbone,12.89
redbreast,8.69
redcap,14.0
redcoat,9.78
redden,9.21
redder,4.26
reddest,4.26
reddish,6.17
redecorate,9.74
redecoration,10.06
rededicate,11.86
rededication,15.36
redeem,9.28
redeemable,10.39
redeemed,10.46
redeemer,11.22
redeemers,10.45
redeems,10.46
redefine,10.16
redefinition,12.39
redemption,10.89
redeploy,13.25
redeployment,15.38
redesign,9.56
redevelop,12.11
redevelopment,13.11
redeye,10.38
redhead,5.79
redheaded,6.47
redial,9.42
redirect,10.95
rediscover,11.25
rediscovery,9.72
redistribute,11.0
redistribution,12.47
redistrict,14.31
redline,11.57
redneck,8.61
redness,6.17
redo,7.94
redouble,10.12
redoubt,12.6
redoubtable,15.62
redraft,12.54
redraw,10.89
redress,12.35
reds,4.26
redskin,10.32
reduce,8.44
reduced,8.6
reducer,12.72
reduces,8.6
reducible,11.56
reducing,8.6
reduction,11.26
reductionist,14.07
reductions,10.02
reductive,13.38
redundancy,14.53
redundant,12.72
reed,8.78
reedit,11.86
reeds,7.39
reeducation,13.62
reef,9.72
reefed,10.24
reefer,13.76
reefers,12.22
reefs,10.24
reek,8.71
reeked,10.32
reeking,10.32
reeks,10.32
reel,9.12
reelect,10.61
reelection,11.25
reeled,7.98
reeling,7.98
reels,7.98
reemerge,11.74
reemphasize,11.39
reenact,13.83
reenactment,10.5
reengage,12.35
reenlist,11.5
reenlistment,13.61
reenter,9.84
reentry,11.95
reestablish,10.33
reevaluate,10.68
reevaluation,12.17
reexamination,12.56
reexamine,11.0
ref,7.5
refection,11.62
refer,9.18
referable,12.31
referee,7.61
refereeing,7.06
reference,8.67
referendum,14.44
referendums,12.74
referent,12.64
referential,15.24
referral,10.84
referred,9.13
referring,9.13
refers,9.13
refight,8.86
refill,7.37
refilled,8.11
refilling,8.11
refills,8.11
refinance,15.95
refine,11.84
refined,9.75
refinement,11.11
refinements,10.81
refiner,13.0
refinery,11.11
refinish,10.18
refit,12.0
reflect,9.89
reflectance,13.53
reflected,9.93
reflecting,9.93
reflection,5.5
reflective,11.0
reflectivity,13.33
reflector,8.6
reflects,9.93
reflex,8.17
reflexes,8.79
reflexive,11.37
reflexivity,12.68
reflexology,15.12
reflux,15.56
refocus,11.16
reform,12.74
reformat,13.32
reformation,12.17
reformatory,13.07
reformer,14.26
reforming,10.8
reformist,13.61
reforms,10.8
reformulate,13.67
refract,12.13
refraction,11.82
refractive,12.07
refractor,13.81
refractory,13.75
refrain,10.5
refrained,10.41
refraining,10.41
reframe,10.26
refreeze,9.94
refresh,10.83
refresher,9.95
refreshing,7.5
refreshment,7.24
refried,8.65
refrigerant,13.6
refrigerate,5.72
refrigeration,7.39
refrigerator,4.11
refuel,10.22
refuge,11.05
refugee,10.56
refund,9.47
refundable,11.17
refunded,9.54
refunds,9.54
refurbish,12.67
refurbishment,13.06
refurnish,11.68
refusal,8.37
refuse,9.33
refused,7.86
refuses,7.86
refusing,7.86
refutation,14.29
refute,14.11
refuted,12.22
refutes,12.22
regain,10.63
regained,9.88
regaining,9.88
regains,9.88
regal,9.58
regale,12.57
regalia,14.08
regard,10.2
regarded,10.13
regards,9.57
regatta,13.43
regency,12.45
regenerate,10.44
regeneration,11.68
regenerative,14.2
regenerator,13.39
regent,15.95
reggae,11.56
regime,13.0
regimen,10.84
regiment,12.26
regimental,12.93
regimentation,12.94
regimented,13.37
regimes,12.19
region,9.14
regional,10.95
regionalism,13.45
regions,8.77
register,8.63
registered,6.01
registering,6.01
registers,6.01
registrar,15.06
registration,10.62
registry,13.0
regress,13.22
regression,13.95
regressive,14.78
regret,9.61
regretful,9.89
regrets,8.51
regrettable,10.37
regretted,8.51
regretting,8.51
regroup,9.63
regular,8.56
regularity,11.56
regularization,14.55
regularize,11.94
regularly,8.38
regulate,11.78
regulation,11.06
regulator,12.38
regulatory,12.05
regurgitate,10.79
regurgitation,10.3
rehab,13.58
rehabilitate,12.89
rehabilitation,13.53
rehabs,11.09
rehash,12.24
rehearsal,7.79
rehearse,8.72
rehearsed,8.53
rehearses,8.53
rehearsing,8.53
reheat,7.82
rehire,12.37
rehydrate,13.63
rehydration,10.0
reign,9.42
reigned,8.92
reigning,10.67
reignite,10.11
reigns,8.92
reimburse,12.67
reimbursement,11.8
rein,9.61
reincarnate,12.37
reincarnation,11.06
reindeer,3.58
reindeers,4.69
reinforce,10.2
reinforcement,10.35
reinitialize,14.39
reinitiate,13.94
reins,8.59
reinsert,10.32
reinsertion,12.94
reinstall,12.5
reinstate,12.62
reinstatement,12.42
reinstitute,14.21
reinsure,13.78
reintegrate,12.9
reintegration,14.84
reinterpretation,11.75
reintroduce,11.65
reintroduction,11.32
reinvent,11.17
reinvention,11.63
reinvest,13.33
reinvestigate,12.38
reinvestment,14.7
reinvigorate,12.17
reissue,12.16
reiterate,12.76
reiteration,12.64
reject,9.53
rejected,9.21
rejecting,9.21
rejection,8.7
rejects,9.21
rejoice,8.61
rejoiced,8.62
rejoices,8.62
rejoicing,8.62
rejoin,10.61
rejoinder,14.67
rejuvenate,11.74
rejuvenated,12.22
rejuvenation,12.35
rekindle,12.79
relabel,12.53
relapse,12.89
relapsed,11.29
relapsing,11.29
relatable,12.87
relate,10.33
related,9.36
relates,9.36
relating,9.36
relation,8.11
relational,11.18
relations,7.5
relationship,9.11
relative,6.47
relativism,14.94
relativistic,15.67
relativity,12.06
relax,7.11
relaxant,13.06
relaxation,9.56
relaxed,7.63
relaxer,11.0
relaxes,8.29
relaxing,8.0
relay,9.15
relayed,8.22
relaying,8.22
relays,8.22
relearn,9.4
releasable,11.06
release,8.53
released,7.98
releases,7.98
releasing,7.98
relegate,12.0
relent,11.81
relentless,9.89
relentlessness,13.44
relevance,11.56
relevancy,11.53
relevant,10.37
reliability,10.06
reliable,9.32
reliance,10.53
reliant,11.75
relic,10.63
relics,11.51
relict,14.62
relied,8.87
relief,7.79
reliefs,8.79
relies,8.87
relieve,7.95
relieved,9.3
reliever,10.21
relieves,9.3
relieving,9.3
relight,8.22
religion,7.06
religionist,14.0
religions,7.01
religiosity,13.71
religious,7.84
relinquish,12.44
relinquishment,13.05
reliquary,14.0
relish,7.83
relished,10.49
relishes,10.49
relishing,10.49
relive,10.05
reload,8.95
relocate,9.79
relocation,9.95
relock,8.89
reluctance,11.0
reluctant,11.11
rely,9.32
relying,8.87
remade,8.82
remain,8.17
remainder,8.0
remained,8.2
remaining,7.28
remains,7.87
remake,8.11
remakes,8.82
remaking,8.82
remand,12.65
remark,8.37
remarkable,9.72
remarked,8.34
remarking,8.34
remarks,8.34
remarriage,11.32
remarry,8.65
rematch,9.05
rematerialize,12.82
remedial,13.0
remedied,9.71
remedies,9.71
remedy,8.83
remember,5.63
remembered,6.01
remembering,6.01
remembers,6.01
remembrance,11.3
remind,8.15
reminded,7.34
reminder,7.5
reminding,7.34
reminds,7.34
reminisce,12.5
reminiscence,11.63
reminiscences,13.21
reminiscent,11.95
remiss,12.07
remission,13.58
remit,15.88
remittance,13.67
remittances,11.64
remitted,11.53
remitting,11.53
remix,9.73
remnant,11.71
remodel,10.0
remodeler,11.11
remold,13.43
remonstration,15.12
remora,14.0
remorse,11.11
remorseful,11.29
remorseless,11.24
remortgage,15.38
remote,7.05
remoteness,10.42
remotes,8.6
remotest,8.6
remount,15.07
removable,9.63
removal,6.63
removals,8.09
remove,5.67
removed,7.08
remover,7.21
removes,7.08
removing,7.08
remuneration,15.79
remunerative,17.8
renaissance,11.72
renal,17.13
rename,9.06
renascence,13.4
rend,12.92
render,12.44
rendered,11.9
renderer,12.8
renders,11.9
rendezvous,11.79
rendezvoused,11.39
rendezvousing,11.39
rending,12.26
rendition,11.95
rends,12.26
renegade,10.21
renege,13.33
reneged,12.4
reneging,12.4
renegotiate,13.26
renegotiation,11.19
renew,10.06
renewable,10.67
renewal,10.74
renewed,8.7
renewing,8.73
renews,8.73
renitent,14.17
rennet,15.2
rennin,14.71
renounce,12.72
renounced,12.64
renounces,12.64
renouncing,12.64
renovate,11.4
renovated,10.72
renovating,10.72
renovation,11.12
renown,11.0
renowned,11.4
rent,8.89
rental,10.0
rentals,7.65
rented,7.72
renter,10.0
renting,7.72
rents,7.72
renunciation,14.94
reoccur,10.65
reoccurrence,11.44
reoccurring,8.5
reopen,8.78
reorder,8.0
reorganization,14.29
reorganize,9.59
reorient,14.43
reorientation,12.83
rep,9.5
repack,9.47
repackage,9.68
repacking,9.76
repagination,16.4
repaint,8.33
repair,7.81
repairable,9.83
repaired,6.3
repairer,9.0
repairing,6.3
repairman,7.25
repairs,6.3
reparation,12.37
reparative,12.19
repartee,11.88
repast,13.3
repatriate,15.42
repatriation,14.0
repay,9.75
repayment,11.94
repeal,12.0
repeat,5.28
repeatable,10.17
repeated,7.82
repeater,10.65
repeating,7.82
repeats,7.82
repel,10.4
repellant,9.56
repelled,10.07
repellent,10.32
repelling,10.07
repels,10.07
repent,8.53
repentance,11.0
repentant,10.68
repented,10.22
repenting,10.22
repents,10.22
repercussion,13.44
repertoire,14.2
repertory,14.41
repetition,7.56
repetitious,10.17
repetitive,9.11
rephrase,9.25
repine,14.17
replace,7.2
replaceable,7.89
replaced,7.96
replacement,9.74
replacer,10.38
replaces,7.96
replacing,7.96
replant,7.83
replay,7.0
replenish,9.33
replenishment,10.89
replete,14.14
repletion,14.54
replica,10.47
replicable,11.38
replicate,11.26
replication,12.61
replied,7.11
replies,7.11
reply,7.74
replying,7.11
repopulate,12.0
repopulation,12.11
report,6.6
reportable,10.61
reportage,14.0
reported,7.35
reporter,8.11
reporting,7.35
reportorial,13.17
reports,7.35
repose,12.94
reposed,11.8
reposes,11.8
reposition,11.28
repository,14.83
repossess,13.0
repossession,11.89
repot,8.44
repower,12.07
reprehend,12.65
reprehensible,12.95
represent,10.33
representation,9.17
representational,10.95
representative,11.0
representatives,10.94
represented,10.02
representing,10.02
represents,10.02
repress,12.11
repressed,12.78
represses,11.91
repressing,11.91
repression,12.5
repressions,12.06
repressive,12.65
repressiveness,13.0
repressor,15.88
reprieve,13.38
reprieved,12.01
reprieves,12.01
reprimand,9.5
reprimanded,10.23
reprimanding,10.23
reprimands,10.23
reprint,9.12
reprisal,13.89
reprisals,12.49
reprise,13.78
repro,14.12
reproach,13.76
reproachful,12.26
reprobate,14.29
reprocess,13.05
reproduce,9.89
reproducible,12.17
reproduction,10.63
reproductive,11.2
reprogram,12.42
reproof,12.57
reprove,12.89
reptile,6.05
reptiles,8.46
reptilian,10.37
republic,10.83
republican,11.28
republics,10.92
republish,11.65
repudiate,17.71
repudiation,14.86
repugnance,13.22
repugnant,12.59
repulse,10.58
repulsion,12.11
repulsive,10.32
repulsiveness,12.0
repurchase,10.5
reputable,12.58
reputation,8.84
reputations,10.96
repute,12.38
reputed,13.0
request,8.74
requested,8.77
requester,11.53
requesting,8.77
requests,8.77
requiem,13.47
require,8.67
required,9.31
requirement,8.44
requires,9.31
requiring,9.31
requisite,15.58
requisition,13.42
requite,15.64
rerate,14.55
reread,8.42
rerecord,10.35
rerelease,10.58
reroute,11.05
rerun,7.63
res,11.0
resalable,14.17
resale,8.55
rescan,14.44
reschedule,9.81
rescind,13.88
rescinded,13.29
rescinding,13.29
rescission,15.06
rescore,10.53
rescue,7.17
rescued,7.35
rescuer,8.25
rescues,7.35
rescuing,7.35
reseal,10.0
research,8.33
researched,11.09
researcher,10.22
researchers,11.73
researches,11.09
researching,11.09
reseat,8.75
resection,14.4
reseed,10.53
resell,10.0
resemblance,9.52
resemble,10.05
resend,10.05
resent,11.22
resented,10.58
resentful,11.89
resenting,10.58
resentment,11.53
resentments,10.6
resents,10.58
reservation,11.17
reserve,10.22
reserved,9.0
reserves,9.0
reserving,9.0
reservist,14.33
reservoir,10.11
reset,9.53
resets,9.03
resetting,9.03
resettlement,11.53
reshape,9.22
reshaping,9.79
reship,13.18
reshoot,10.72
reshuffle,9.0
reside,10.74
residence,9.11
residency,11.32
resident,8.47
residential,9.72
residual,11.94
residuary,13.58
residue,10.82
resign,11.61
resignation,11.61
resigned,10.24
resigning,10.24
resigns,10.24
resilience,12.53
resiliency,12.22
resilient,12.88
resin,12.07
resins,12.53
resist,9.28
resistance,10.0
resistant,8.95
resisted,9.43
resistible,12.53
resisting,9.43
resistor,12.89
resists,9.43
resize,9.33
resole,10.93
resolute,11.67
resolution,11.21
resolutions,10.81
resolve,11.0
resolved,10.8
resolves,10.8
resolving,10.8
resonance,12.53
resonant,13.31
resonate,14.47
resort,9.28
resorted,8.85
resorting,8.85
resorts,8.85
resound,12.62
resounding,11.67
resource,10.0
resourceful,10.65
resourcefulness,10.9
resources,8.62
respect,8.5
respectability,9.84
respectable,8.33
respecter,11.15
respectful,6.26
respective,10.78
respects,8.73
respiration,12.21
respirator,10.11
respiratory,11.0
respite,14.31
resplendent,14.64
respond,8.84
responded,7.72
respondent,12.56
responder,11.05
responding,7.72
responds,7.72
response,7.22
responses,8.77
responsibilities,10.13
responsibility,6.89
responsible,10.15
responsive,10.58
responsiveness,10.62
rest,4.22
restack,8.47
restage,12.0
restart,7.95
restate,11.19
restatement,12.95
restaurant,5.95
restaurateur,11.58
rested,5.51
restful,8.84
restfulness,9.47
resting,5.51
restitution,13.12
restless,9.74
restlessness,11.6
restock,12.59
restorable,8.95
restoration,11.17
restorative,12.94
restore,10.78
restored,9.3
restorer,10.89
restores,9.3
restoring,9.3
restrain,9.06
restrained,10.04
restrainer,11.76
restraining,10.37
restrains,10.04
restraint,9.5
restraints,10.32
restrict,9.47
restricted,8.11
restricting,9.13
restriction,9.72
restrictive,11.0
restricts,9.13
restring,9.84
restroom,6.63
restructure,11.0
restructuring,12.53
rests,5.51
resubmit,10.53
result,8.22
resultant,13.67
resulted,8.09
resulting,8.09
results,8.09
resume,13.47
resumption,13.06
resurface,10.5
resurgence,15.35
resurrect,10.0
resurrection,8.42
resurvey,14.0
resuscitate,11.74
resuscitation,11.79
resuscitator,13.24
ret,13.7
retail,10.5
retailer,10.4
retailing,12.94
retails,9.85
retain,11.32
retained,9.58
retainer,11.5
retaining,9.58
retains,9.58
retake,8.79
retaliate,10.0
retaliation,13.0
retaliatory,12.41
retard,7.84
retardant,13.94
retardation,10.11
retarded,8.0
retch,11.06
retches,12.22
retching,12.22
retell,8.53
retention,12.61
retentive,15.37
retentiveness,14.36
retest,9.47
rethink,8.95
rethread,11.18
reticence,15.0
reticent,15.31
reticular,11.3
reticulation,15.78
reticulum,14.29
retie,7.41
retime,11.56
retina,10.76
retinal,15.62
retinitis,17.31
retinoblastoma,17.0
retinopathy,15.27
retire,10.5
retired,10.04
retiree,11.63
retirement,9.11
retires,10.04
retiring,10.04
retool,12.17
retort,11.5
retrace,7.6
retract,12.17
retractable,13.2
retracted,10.6
retracting,10.6
retraction,12.75
retractor,13.11
retracts,10.6
retrain,10.33
retraining,11.72
retransmit,12.29
retread,13.53
retreat,10.53
retreated,8.69
retreating,8.69
retreats,8.69
retrench,15.0
retrenchment,13.77
retrial,13.06
retribution,13.17
retributive,14.06
retrievable,9.89
retrieval,10.33
retrieve,7.61
retrieved,9.67
retriever,8.74
retrieves,9.67
retrieving,9.67
retro,11.9
retroactive,13.11
retrocede,14.0
retrofit,12.88
retrograde,13.42
retrogression,15.31
retrogressive,13.86
retroperitoneal,15.86
retrorocket,13.44
retrospect,14.63
retrospective,13.56
retrovirus,15.0
retry,8.0
retune,10.71
return,5.61
returnable,10.06
returned,7.29
returnee,10.75
returner,9.05
returning,7.29
returns,7.29
retype,9.56
reuben,14.42
reunification,13.94
reunify,13.12
reunion,10.05
reunite,9.44
reupholster,13.94
reusable,6.89
reuse,7.17
rev,10.67
revalue,12.22
revamp,13.06
reveal,9.47
revealed,9.59
revealer,10.82
reveals,9.59
reveille,13.4
revel,12.0
revelation,9.95
reveling,11.19
revelry,12.67
revels,11.19
revenge,8.0
revenged,9.24
revengeful,10.26
revenue,11.74
revenues,11.17
reverb,13.93
reverberant,13.62
reverberate,12.78
reverberating,13.56
reverberation,14.82
revere,10.47
revered,11.36
reverence,13.06
reverend,12.11
reverent,11.5
reveres,11.36
reverie,13.78
reversal,8.11
reverse,6.89
reversed,7.6
reverses,7.6
reversible,8.84
reversing,7.6
reversion,14.19
revert,13.11
reverted,11.63
reverting,11.63
reverts,11.63
review,8.84
reviewed,10.75
reviewer,9.68
reviewing,10.75
reviews,10.75
revile,12.59
revise,11.67
revised,10.31
revises,9.31
revising,9.31
revision,10.33
revisionist,16.53
revisit,10.0
revitalize,12.42
revival,10.17
revive,10.47
revived,9.94
reviver,11.28
revives,9.94
reviving,9.94
revocable,13.21
revocation,14.69
revoke,12.1
revoked,12.24
revoking,12.24
revolt,10.67
revolting,9.74
revolts,9.85
revolution,10.0
revolutionary,10.28
revolutionize,11.85
revolutions,10.19
revolve,8.28
revolver,9.26
revolving,11.0
revote,13.5
revs,10.68
revue,13.71
revues,12.85
revulsion,12.41
revved,10.68
revving,10.68
reward,6.89
rewarded,7.26
rewarding,8.11
rewards,7.26
rewash,6.05
reweigh,9.89
rewind,7.79
rewire,9.56
reword,10.72
rework,9.8
rewrap,9.16
rewrite,9.78
rewriter,12.47
rhapsody,12.95
rhesus,15.75
rhetoric,13.69
rhetorical,14.25
rheum,17.38
rheumatic,14.41
rheumatism,13.57
rheumatoid,14.3
rheumatology,15.11
rhinestone,11.06
rhinitis,18.07
rhino,5.89
rhinoceros,6.0
rhinoceroses,7.8
rhinos,4.91
rhizome,13.47
rho,15.45
rhodium,14.7
rhododendron,11.53
rhomboid,12.67
rhombus,10.88
rhubarb,10.53
rhyme,5.47
rhymed,5.2
rhymes,5.2
rhymester,14.25
rhythm,7.16
rhythmic,10.65
rhythmical,12.06
rhythms,7.71
rib,6.3
ribald,11.38
ribaldry,15.0
riband,13.0
ribbed,11.44
ribbon,5.25
ribbons,5.82
ribcage,8.56
riboflavin,14.37
ribonucleic,12.71
ribs,6.81
rice,3.72
rich,6.32
richer,5.99
riches,8.33
richest,5.99
richness,9.28
rick,7.8
rickets,11.69
rickety,10.67
rickshaw,11.94
ricochet,10.5
ricotta,12.67
rid,6.79
riddance,12.72
ridden,4.68
ridding,7.49
riddle,7.17
riddled,6.82
riddles,6.82
riddling,6.82
ride,4.67
rider,6.37
rides,4.68
ridge,8.84
ridgepole,14.0
ridges,8.6
ridicule,11.85
ridiculous,7.0
ridiculousness,9.15
riding,4.68
rids,7.49
riel,15.67
rife,12.83
riff,9.84
riffle,9.15
riffraff,8.26
rifle,7.85
rifled,6.5
rifleman,9.67
rifles,6.5
rifling,6.5
rift,12.0
rifts,10.82
rig,8.95
rigatoni,8.93
rigged,10.49
rigger,12.71
right,4.35
righted,4.87
righteous,10.21
righteousness,9.94
righter,4.87
rightful,9.32
righting,4.87
rightist,14.43
rightness,10.0
rights,4.87
rightward,11.41
righty,7.75
rigid,9.16
rigidities,11.28
rigidity,11.47
rigmarole,15.2
rigor,11.11
rigorous,11.6
rigorousness,14.15
rigors,12.64
rigs,10.49
rile,10.95
riled,11.78
riles,11.78
riling,11.78
rill,15.75
rim,8.05
rimless,11.36
rims,7.74
rimy,10.25
rind,8.95
rinds,10.68
ring,4.53
ringed,6.08
ringer,8.8
ringleader,9.74
ringmaster,7.53
rings,6.08
ringside,9.88
ringtail,10.69
ringtone,13.78
ringworm,10.28
rink,8.69
rinks,8.51
rinse,4.95
rinsed,6.23
rinses,6.23
rinsing,6.23
riot,9.95
rioted,9.03
rioting,10.16
riotous,12.53
riots,9.03
rip,6.11
ripcord,10.84
ripe,7.11
ripen,7.22
ripened,7.37
ripeness,12.11
ripening,7.37
ripens,7.37
riper,6.35
ripest,6.35
riposte,15.6
ripped,5.75
ripper,8.29
ripping,5.75
ripple,8.47
rippled,9.85
ripples,9.85
rippling,6.58
rips,5.75
ripsaw,13.08
riptide,10.39
rise,6.72
risen,6.3
riser,10.56
rises,6.3
rising,6.3
risk,7.58
risked,7.92
risking,7.92
risks,7.92
risky,8.16
risotto,16.0
rissole,14.86
rite,10.42
rites,11.02
ritual,11.74
ritualistic,12.89
ritualize,13.17
ritualized,11.44
ritzy,10.28
rival,10.0
rivaled,9.76
rivaling,9.76
rivalry,10.86
rivals,9.76
rive,10.71
riven,14.25
river,4.9
riverbank,6.44
riverbed,9.59
riverboat,7.9
riverfront,9.47
rivers,4.84
rivet,12.83
riveter,11.21
riveting,13.32
rivulet,12.0
riyal,17.25
roach,7.15
roaches,12.66
road,4.55
roadbed,11.62
roadblock,9.28
roadhouse,14.12
roadie,12.88
roadrunner,7.32
roads,4.31
roadside,8.26
roadstead,13.8
roadster,12.07
roadsweeper,9.83
roadway,6.89
roadwork,7.56
roam,8.58
roamed,8.75
roaming,8.75
roams,8.75
roan,13.0
roar,4.79
roared,5.67
roaring,5.67
roars,5.67
roast,8.5
roasted,7.11
roaster,9.48
roasting,6.43
roasts,6.43
rob,7.28
robbed,6.34
robber,5.74
robbery,7.43
robbing,6.34
robe,6.38
robes,7.2
robin,6.69
robins,4.82
robot,5.35
robotic,10.61
robotics,10.3
robots,6.13
robs,6.34
robust,13.16
rock,3.22
rocked,4.64
rocker,7.06
rocket,5.63
rocketed,5.62
rocketry,13.93
rockets,5.62
rocking,4.64
rockingchair,5.78
rocks,4.64
rockslide,9.72
rococo,15.0
rod,7.42
rode,4.68
rodent,6.95
rodents,7.65
rodeo,8.33
rods,5.67
roe,15.4
roentgen,14.33
rogue,11.48
roguery,14.92
rogues,8.81
roguish,12.07
roil,13.0
roister,13.62
role,6.65
roles,7.63
roll,4.47
rollaway,11.63
rollback,11.37
rolled,4.88
roller,6.65
rollerblade,10.8
rollercoaster,6.07
rollerskate,6.32
rollick,15.33
rollicking,12.07
rolling,4.88
rollingpin,7.6
rollout,12.13
rollover,8.1
rolls,4.88
romaine,11.62
roman,9.52
romance,9.28
romanced,9.22
romancer,13.62
romances,9.22
romancing,9.22
romantic,8.11
romanticism,13.29
romanticist,13.17
romanticize,13.0
romp,10.3
romper,13.28
romping,10.3
rood,12.33
roof,5.0
roofer,7.84
roofing,8.37
roofline,11.93
roofs,9.83
rooftop,5.89
rooftree,12.31
rook,11.59
rookery,13.64
rookie,9.39
rookies,9.22
rooks,11.93
rooky,9.73
room,4.22
roomed,5.03
roomer,12.73
roomette,13.88
roomful,8.72
roommate,9.21
rooms,4.11
roomy,7.58
roost,10.5
rooster,6.41
roosters,5.56
roosting,8.19
roosts,8.19
root,5.94
rooted,6.5
rooter,10.57
rooting,6.5
rootless,8.94
roots,6.5
rope,5.44
roped,5.73
ropes,5.21
roping,5.73
rosary,8.21
rose,6.11
rosebud,8.12
rosebuds,7.39
rosebush,4.89
roses,5.57
rosewater,10.69
rosin,13.44
roster,8.78
rosters,7.88
rostrum,18.0
rot,7.57
rotary,10.32
rotate,7.89
rotated,7.72
rotates,7.72
rotating,7.72
rotation,8.11
rotational,10.18
rotations,9.75
rotator,13.5
rotatory,11.85
rote,11.15
rotenone,17.0
rotgut,12.67
rotisserie,11.26
rotor,12.71
rots,7.08
rotted,7.08
rotten,6.95
rottener,6.84
rottenest,6.84
rottenness,8.71
rotting,7.08
rotund,13.42
rotunda,11.44
roue,17.29
rouge,12.33
rough,6.21
roughage,12.4
roughed,6.07
roughen,10.38
rougher,6.07
roughest,6.07
roughhouse,8.33
roughing,6.07
roughly,7.69
roughneck,11.17
roughness,8.39
roughs,6.07
roulette,12.82
round,4.75
roundabout,12.74
rounded,5.04
roundelay,16.0
rounder,5.04
roundhouse,10.24
rounding,5.04
roundish,8.75
roundness,7.16
rounds,5.04
roundtable,9.84
roundup,9.84
rouse,12.84
rouser,13.71
rousing,12.19
roust,11.58
roustabout,13.5
rout,11.59
route,11.4
routed,11.1
router,12.68
routes,8.86
routine,9.26
routines,8.62
routs,11.1
roux,15.0
rove,12.35
roves,11.7
roving,11.44
row,7.0
rowboat,6.05
rowdier,8.28
rowdies,8.28
rowdy,7.75
rowel,15.0
rower,8.71
rowing,7.68
royal,7.17
royalist,12.65
royals,6.66
royalties,7.12
royalty,8.0
rub,6.0
rubbed,4.93
rubber,7.62
rubberneck,10.84
rubbers,5.88
rubbery,7.53
rubbing,4.93
rubbish,10.63
rubbishy,10.31
rubble,9.59
rubdown,10.89
rubicund,14.0
rubies,7.92
ruble,12.67
rubout,12.31
rubric,13.25
rubs,4.93
ruby,6.83
rucksack,14.3
ruckus,9.26
rudder,10.39
rudderless,12.27
rudders,11.59
ruddiness,13.06
ruddy,13.31
rude,7.11
rudeness,8.89
ruder,5.62
rudest,5.62
rudiment,13.33
rudimentary,13.12
rue,11.98
rues,11.09
ruff,7.29
ruffian,13.25
ruffle,7.58
ruffles,8.96
ruffling,8.96
rug,4.61
rugby,11.42
rugged,10.58
rugs,4.82
ruin,7.16
ruination,12.38
ruined,7.83
ruing,11.09
ruining,7.83
ruinous,12.0
ruins,7.83
rule,4.72
ruled,7.22
ruler,5.94
rulers,6.3
rules,7.22
ruling,9.89
rum,11.56
rumba,11.0
rumble,8.33
rumbled,8.45
rumbles,8.45
rumbling,8.45
rumen,12.57
ruminant,14.47
ruminate,14.5
rumination,12.08
rummage,9.0
rummaged,9.49
rummaging,9.49
rummies,11.7
rummy,11.17
rumor,9.56
rumored,8.04
rumormonger,15.92
rumors,8.04
rump,8.95
rumps,9.24
rumpus,10.93
rumrunner,15.25
rums,10.25
run,4.47
runabout,12.55
runaround,8.28
runaway,8.37
rundle,13.86
rundown,7.78
rung,8.27
rungs,8.24
runic,15.36
runnel,13.29
runner,5.0
runners,6.16
running,3.82
runny,5.68
runoff,10.28
runs,3.82
runt,8.39
runts,8.44
runty,10.07
runway,8.35
rupee,11.6
rupees,11.81
rupiah,14.0
rupture,11.05
ruptures,11.09
rural,7.95
ruse,12.17
rush,6.7
rushed,7.57
rusher,10.35
rushes,7.57
rushing,7.57
rusk,12.38
russet,12.46
rust,7.75
rusted,7.39
rustic,10.37
rusticate,15.77
rusticity,14.57
rustics,11.9
rusting,7.6
rustle,10.32
rustled,10.13
rustler,11.0
rustles,10.13
rustling,10.13
rustproof,11.44
rusts,7.6
rut,9.17
rutabaga,10.44
ruthless,12.26
ruthlessness,12.75
ruts,9.81
rutting,13.65
rye,9.26
ryes,9.87
sabbatical,15.39
saber,7.29
sabers,11.19
sable,11.85
sables,12.11
sabotage,10.42
saboteur,13.56
sac,9.0
saccharin,11.92
saccharine,13.64
sachet,11.62
sack,5.83
sackcloth,11.46
sacked,6.18
sacker,10.82
sacks,6.18
sacral,14.14
sacrament,11.22
sacramental,12.0
sacred,8.53
sacredness,10.18
sacrifice,9.61
sacrificial,11.94
sacrilege,11.07
sacrilegious,11.28
sacristan,14.2
sacristy,12.36
sacroiliac,14.0
sacrosanct,15.6
sacrum,15.5
sad,3.24
sadden,8.83
saddened,7.92
saddens,7.92
sadder,4.9
saddest,4.9
saddle,6.42
saddleback,11.11
saddlebag,11.37
saddled,6.92
saddler,11.71
saddles,6.92
saddling,6.92
sadism,15.16
sadist,13.72
sadistic,13.3
sadists,10.99
sadness,5.0
sadomasochism,17.74
sadomasochist,19.07
sadomasochistic,15.44
safari,8.44
safe,5.11
safecracker,9.67
safeguard,11.0
safekeeping,8.19
safeness,8.06
safer,5.31
safes,5.31
safest,5.31
safeties,6.83
safety,5.84
safetypin,6.53
safflower,13.83
saffron,14.89
sag,6.95
saga,10.42
sagacious,15.82
sagacity,19.0
sagas,9.98
sage,11.39
sagebrush,10.88
sager,12.5
sages,9.77
sagged,8.33
sagging,8.33
saggy,8.52
sags,8.33
saguaro,18.2
said,4.99
sail,6.47
sailboat,4.65
sailcloth,10.69
sailed,5.84
sailfish,8.31
sailor,6.44
sailorman,8.65
sailors,5.69
sails,5.84
saint,7.49
sainted,10.18
sainthood,10.53
saintly,10.06
saints,7.86
sake,8.74
sakes,9.6
salaam,14.83
salable,13.64
salacious,13.92
salad,5.61
salads,6.88
salamander,6.89
salami,7.18
salaried,13.44
salaries,10.96
salary,10.11
sale,6.76
sales,7.52
salesgirl,7.89
saleslady,8.83
salesman,8.29
salesmanship,12.11
salesmen,8.6
salespeople,8.11
salesperson,8.39
saleswoman,7.8
salicylic,16.07
salient,15.62
saline,11.71
salinity,12.5
saliva,8.42
salivary,10.76
salivate,10.56
sallow,11.29
salmon,8.0
salmonella,14.89
salmons,7.29
salon,9.5
salons,8.04
saloon,9.0
saloonkeeper,10.31
saloons,9.83
salsa,9.78
salt,5.05
salted,7.89
saltine,7.22
salting,4.82
saltpan,12.27
saltpeter,15.67
salts,4.82
saltshaker,5.42
saltwater,9.39
salty,5.33
salubrious,15.0
salutary,13.27
salutation,11.28
salutatorian,14.06
salute,7.42
saluted,8.24
salutes,8.24
saluting,8.24
salvage,10.11
salvageable,12.1
salvaged,9.87
salvaging,9.87
salvation,9.05
salve,9.12
salver,12.6
salves,11.78
salvo,14.33
samarium,12.5
samba,13.13
same,5.62
sameness,10.11
samovar,14.44
sampan,16.57
sample,7.21
sampled,7.26
sampler,10.35
samplers,10.6
samples,7.26
samurai,10.47
sanatorium,12.73
sanctify,12.89
sanctimonious,15.64
sanctimony,15.33
sanction,12.68
sanctioned,11.9
sanctions,11.9
sanctity,13.88
sanctuary,9.72
sanctum,13.22
sanctums,13.18
sand,4.63
sandal,5.21
sandalwood,13.0
sandbag,7.83
sandbank,8.79
sandbar,10.41
sandblaster,12.24
sandbox,4.14
sandcastle,5.42
sanded,4.52
sandglass,9.75
sandhog,14.25
sanding,4.52
sandlot,8.74
sandman,7.05
sandpaper,6.33
sandpiper,11.21
sands,4.52
sandstone,10.05
sandstorm,9.44
sandwich,4.79
sandwiched,4.93
sandwiches,4.93
sane,8.5
saner,9.71
sanest,9.71
sang,4.37
sangfroid,16.33
sangria,15.11
sanguine,16.62
sanitarium,10.88
sanitariums,11.87
sanitary,10.5
sanitation,11.1
sanitize,10.89
sanitizer,10.89
sanity,10.29
sank,4.58
sap,7.53
saphead,12.36
sapience,15.33
sapiens,11.67
sapling,9.2
sapped,9.19
sapper,11.9
sapphire,9.22
sapphires,10.6
sappy,9.44
saps,9.19
sapsucker,13.19
saran,11.3
sarcasm,9.06
sarcastic,11.05
sarcoma,17.0
sarcophagus,11.93
sardine,7.74
sardines,7.09
sardonic,14.93
sari,13.44
sarong,12.92
sarsaparilla,11.36
sartorial,15.47
sash,7.67
sashay,11.35
sashes,9.16
sashimi,16.53
sassafras,10.53
sassy,8.22
sat,3.56
satanic,9.11
satchel,12.35
satchels,6.03
sate,12.0
sateen,11.0
satellite,11.68
sati,16.43
satiate,16.75
satiety,13.21
satin,10.37
satins,8.96
satinwood,14.12
satiny,11.75
satire,13.07
satiric,14.22
satirical,12.39
satirist,14.12
satirize,14.47
satisfaction,9.53
satisfactions,9.22
satisfactory,8.84
satisfied,9.68
satisfies,7.96
satisfy,10.0
satisfying,9.95
saturate,12.84
saturated,10.63
saturation,12.05
saturday,5.48
satyr,13.36
satyriasis,16.33
sauce,5.37
saucebox,12.64
sauced,5.3
saucepan,7.89
saucer,8.44
saucers,9.67
sauces,5.3
sauciness,12.06
saucy,10.53
sauerbraten,16.9
sauerkraut,9.26
sauna,10.28
saunas,9.85
saunter,12.28
saurian,16.25
sausage,6.05
sausages,4.6
sauterne,18.4
sauternes,16.0
savage,10.05
savaged,8.69
savagery,13.42
savages,8.69
savannah,12.0
savant,13.92
save,5.44
saved,6.16
saver,7.84
saves,6.16
saving,6.16
savings,8.79
savior,6.68
saviors,8.53
savor,10.14
savored,9.49
savoring,9.49
savors,9.49
savory,13.78
savvier,11.49
savvy,12.35
saw,5.36
sawbuck,12.56
sawdust,7.16
sawed,6.16
sawhorse,9.58
sawing,6.16
sawmill,9.6
sawn,6.16
saws,6.16
sax,8.75
saxophone,9.1
saxophones,10.22
saxophonist,8.89
say,3.42
saying,4.95
sayings,5.87
sayonara,9.56
says,4.99
scab,6.65
scabbard,14.09
scabby,9.06
scabies,12.0
scabrous,15.4
scabs,6.1
scaffold,12.11
scaffolding,11.22
scalable,14.13
scalawag,12.12
scald,10.26
scalding,9.46
scalds,9.46
scale,8.85
scaled,7.92
scaleless,11.53
scalene,11.92
scales,6.48
scaling,7.92
scallop,11.26
scallywag,11.94
scalp,6.68
scalped,7.35
scalpel,10.73
scalpels,11.26
scalper,10.75
scalps,7.35
scaly,7.83
scam,10.63
scamp,10.43
scamper,7.78
scampi,14.5
scamps,11.4
scan,9.6
scandal,10.83
scandalize,11.06
scandalmonger,17.83
scandalous,11.89
scandals,10.8
scandium,15.78
scanned,8.47
scanner,11.37
scanning,8.47
scans,8.47
scansion,15.2
scant,12.16
scanty,13.67
scapegoat,11.75
scapegrace,11.67
scapula,14.88
scar,5.68
scarab,10.88
scarce,10.53
scarcely,10.38
scarcer,7.92
scarcity,11.65
scare,4.22
scarecrow,5.56
scared,3.79
scaremonger,16.4
scares,6.03
scarf,5.68
scarify,13.0
scariness,6.89
scaring,6.03
scarlet,11.36
scarper,14.17
scarred,6.67
scars,6.67
scarves,5.5
scary,4.26
scat,11.76
scathe,13.57
scathing,13.33
scatological,18.12
scatology,14.25
scatter,7.95
scatterbrain,10.16
scatterbrained,9.95
scattered,8.2
scattergun,13.5
scattering,8.2
scatters,8.2
scattershot,15.23
scavenge,10.63
scavenger,9.32
scenario,10.95
scenarist,14.0
scene,8.17
scenery,9.7
scenes,8.45
sceneshifter,15.18
scenic,9.11
scent,5.94
scented,7.7
scenting,9.36
scents,9.36
scepter,10.15
scepters,11.9
schedule,7.47
scheduler,10.61
schematic,14.45
scheme,9.65
schemed,9.39
schemer,11.67
schemes,9.39
scheming,9.39
scherzo,15.4
schilling,14.08
schism,12.71
schist,13.62
schizoid,15.08
schizophrenia,13.44
schizophrenic,12.33
schlemiel,15.1
schlep,13.0
schlimazel,16.17
schlock,12.4
schlocky,14.8
schmaltz,15.3
schmaltzy,15.33
schmooze,10.64
schmuck,12.64
schnapps,15.62
schnauzer,11.0
schnitzel,12.06
schnook,12.91
schnooks,15.0
schnozzle,12.5
scholar,10.37
scholarly,10.25
scholars,10.75
scholarship,11.11
scholastic,9.0
school,3.89
schoolbag,5.76
schoolbook,6.1
schoolboy,6.63
schoolchild,6.33
schooldays,5.84
schooled,4.73
schoolgirl,6.68
schoolhouse,6.76
schoolhouses,7.39
schooling,6.37
schoolmarm,12.5
schoolmaster,8.0
schoolmate,6.56
schoolmistress,14.0
schoolroom,5.53
schools,4.73
schoolteacher,4.06
schoolwork,5.21
schoolyard,5.5
schooner,12.33
schooners,12.96
schottische,20.25
schwa,15.5
sciatic,16.09
sciatica,15.55
science,7.32
sciences,9.07
scientific,8.74
scientist,6.89
scientists,9.68
scientologist,14.82
scientology,15.3
scimitar,14.54
scintilla,14.33
scintillate,16.08
scintillating,15.5
scintillation,14.53
scion,16.85
scissor,4.56
scissors,4.5
sclera,15.0
scleroderma,15.5
sclerosis,14.22
scoff,12.48
scoffed,11.78
scoffing,11.78
scoffs,11.78
scold,8.53
scolded,7.18
scolding,7.18
scolds,7.18
scoliosis,13.0
sconce,14.07
scone,10.26
scoop,5.14
scooped,5.45
scooper,7.21
scooping,5.45
scoops,5.45
scoot,6.0
scooter,6.68
scope,9.83
scoped,11.19
scopes,11.19
scoping,11.19
scopolamine,19.4
scorch,9.58
scorched,10.12
scorcher,9.19
scorches,10.12
scorching,10.12
score,5.83
scoreboard,7.37
scorecard,7.53
scored,6.05
scorekeeper,7.5
scorekeeping,9.0
scoreless,8.32
scorer,8.82
scores,6.05
scoring,6.05
scorn,10.32
scorned,9.32
scornful,10.67
scorns,9.32
scorpion,7.84
scot,9.36
scotch,11.83
scotches,9.74
scoundrel,12.82
scoundrels,8.65
scour,10.94
scoured,8.73
scourge,14.06
scourged,12.24
scourges,12.24
scouring,8.73
scours,8.73
scout,6.94
scouted,7.45
scouting,7.45
scoutmaster,9.0
scouts,6.41
scow,12.82
scowl,9.56
scowling,7.96
scrabble,9.32
scraggy,12.69
scram,9.24
scramble,8.83
scrambled,5.61
scrambler,11.59
scrambles,7.37
scrambling,7.37
scrap,7.68
scrapbook,7.56
scrape,6.21
scraped,6.37
scraper,8.18
scrapes,6.37
scrapheap,9.5
scraping,6.37
scrapped,6.71
scrapper,10.72
scrapping,6.71
scrapple,11.5
scrappy,9.11
scraps,6.71
scratch,5.61
scratched,5.5
scratcher,7.62
scratches,5.5
scratching,5.5
scratchy,5.16
scrawl,11.73
scrawled,11.26
scrawls,11.26
scrawnier,9.13
scrawny,9.11
scream,4.2
screamed,5.37
screamer,7.65
screaming,5.37
screams,5.37
screech,8.17
screeched,7.56
screeches,7.56
screeching,7.56
screechy,9.11
screen,5.84
screened,6.05
screener,13.06
screening,10.16
screenland,16.83
screenplay,12.22
screens,6.05
screenwriter,12.81
screenwriting,11.76
screw,6.65
screwball,8.94
screwdriver,6.0
screwdrivers,6.27
screwed,6.28
screwing,6.28
screws,6.28
screwy,10.95
scribble,5.67
scribbled,5.43
scribbler,9.53
scribbles,5.43
scribbling,5.43
scribe,10.1
scribes,10.65
scribing,10.65
scrimmage,9.89
scrimmages,8.45
scrimmaging,8.45
scrimp,10.25
scrip,13.0
script,9.79
scripts,9.11
scriptural,8.82
scripture,7.28
scriptwriter,10.74
scrivener,14.88
scrod,13.64
scroll,9.89
scrolling,9.07
scrolls,9.07
scrollwork,14.53
scrotal,13.87
scrotum,14.44
scrotums,13.18
scrounge,10.35
scrounger,12.06
scrub,8.7
scrubbed,5.86
scrubber,8.21
scrubbing,5.86
scrubby,11.5
scrubs,5.86
scrubwoman,11.07
scruff,10.32
scruffy,8.24
scrum,11.44
scrumptious,10.32
scrums,9.71
scrunch,6.67
scruple,11.84
scruples,11.41
scrupulosity,16.92
scrupulous,14.21
scrutinize,14.59
scrutiny,13.0
scuba,7.6
scuff,8.56
scuffle,9.53
scull,10.31
scullery,13.93
scullion,15.0
sculls,10.49
sculpt,9.0
sculpted,11.53
sculpting,11.53
sculptor,9.84
sculptors,10.89
sculptress,12.79
sculpts,11.53
sculptural,11.22
sculpture,7.47
sculptures,8.37
scum,9.83
scumbag,11.0
scummy,10.28
scup,15.5
scupper,15.12
scuppernong,16.33
scurf,12.22
scurried,10.23
scurries,10.23
scurrilous,15.44
scurry,9.44
scurrying,10.23
scurvy,10.64
scuttle,10.58
scuttlebutt,11.46
scuttled,10.9
scuttles,10.9
scuttling,10.9
scythe,11.87
sea,4.74
seabed,10.89
seaboard,10.68
seacoast,7.82
seadog,10.67
seafarer,12.94
seafaring,11.5
seafloor,9.11
seafood,6.86
seafront,9.65
seagoing,12.4
seagull,5.42
seahorse,5.83
seal,5.42
sealant,12.92
sealed,6.88
sealer,10.12
sealing,6.88
seals,6.88
sealskin,10.36
seam,7.6
seaman,9.45
seamanship,9.2
seamen,6.97
seamless,10.95
seamlessness,13.05
seams,9.03
seamstress,9.71
seamy,15.0
seaplane,11.47
seaport,10.74
seaquake,12.15
sear,11.78
search,8.72
searched,6.92
searcher,8.1
searches,6.92
searching,6.92
searchlight,8.15
seared,11.56
searing,11.68
seas,4.37
seascape,10.88
seashell,7.06
seashore,6.44
seasick,8.89
seasickness,8.74
seaside,7.24
season,6.05
seasonable,10.12
seasonal,8.17
seasoned,8.52
seasoning,7.45
seasons,6.62
seat,4.58
seatbelt,6.47
seated,5.01
seating,6.43
seats,5.01
seawall,12.81
seaward,10.15
seawater,6.56
seaway,11.83
seaweed,6.74
seaworthy,10.05
sebaceous,13.23
seborrhea,13.1
sec,9.61
secede,12.11
secession,13.2
seclude,9.95
secluded,11.1
seclusion,10.39
second,4.68
secondary,9.11
seconded,6.04
secondhand,9.16
seconds,6.04
secrecy,8.89
secret,5.39
secretarial,11.0
secretariat,13.08
secretaries,9.01
secretary,7.75
secretaryship,12.11
secrete,13.0
secretion,12.05
secretive,9.63
secretiveness,8.58
secretor,12.94
secrets,5.14
sect,13.39
sectarian,13.64
section,6.78
sectional,10.68
sectioned,8.39
sections,8.39
sector,13.0
sectors,11.56
sects,12.06
secular,13.67
secularist,15.0
secure,8.42
secured,8.51
secures,8.51
securing,8.51
securities,10.02
security,8.06
sedan,8.0
sedans,11.49
sedate,11.84
sedated,11.19
sedation,13.2
sedative,11.85
sedatives,11.02
sedentary,13.53
sedge,12.75
sediment,11.28
sedimentary,11.47
sedimentation,12.8
sedition,14.2
seduce,11.95
seducer,12.72
seducible,13.44
seduction,13.83
seductions,12.28
seductive,11.89
seductiveness,11.5
seductress,12.28
sedulous,16.67
see,3.06
seeable,9.56
seed,4.72
seeded,5.62
seediness,11.56
seeding,5.62
seedless,7.11
seedling,6.89
seedpod,9.12
seeds,5.62
seedy,9.68
seeing,4.62
seek,6.94
seeker,7.68
seeking,6.5
seeks,6.5
seem,6.74
seemed,6.53
seeming,6.53
seemingly,9.79
seems,6.53
seen,4.62
seep,10.06
seepage,13.94
seeped,10.95
seeping,10.95
seeps,10.95
seer,10.56
seers,11.96
seersucker,14.46
sees,4.62
seesaw,4.81
seethe,13.28
segment,11.11
segmentation,11.79
segments,8.51
segregate,11.17
segregation,11.28
segue,13.67
seismic,12.39
seismograph,10.65
seismographic,12.71
seismological,13.68
seismologist,13.0
seismology,13.24
seismometer,12.62
seize,10.15
seized,9.43
seizes,9.43
seizing,9.43
seizure,9.74
seizures,10.51
seldom,7.95
select,8.0
selected,7.6
selectee,14.75
selecting,7.6
selection,7.21
selections,8.71
selective,9.5
selectivity,12.0
selectman,14.0
selector,11.65
selects,7.6
selenium,14.67
self,5.0
selfish,5.26
selfishness,6.61
selfless,9.28
selflessness,11.15
selfness,12.05
sell,7.05
sellable,10.3
seller,6.84
selling,6.23
sellout,10.95
sells,6.23
seltzer,11.11
selvedge,13.4
selves,6.62
semantic,15.59
semantics,13.53
semaphore,14.33
semblance,13.06
semen,12.37
semester,12.25
semi,8.85
semiannual,11.8
semiarid,14.93
semiautomatic,13.61
semiautomatics,13.11
semibreve,13.71
semicircle,7.95
semicircles,8.98
semicolon,8.39
semiconductor,14.79
semiconscious,13.12
semifinal,10.67
semiformal,13.0
semiliterate,15.12
seminal,12.67
seminar,11.8
seminarian,13.14
seminary,12.39
semiotics,16.67
semiprecious,13.38
semiprivate,13.35
semipro,12.69
semiquaver,14.8
semiskilled,14.81
semisolid,11.11
semisweet,10.17
semolina,14.0
senate,10.79
senator,9.58
senatorial,13.19
senators,12.29
send,5.68
sender,7.28
senders,8.09
sending,5.79
sendoff,11.0
sends,5.79
senescence,17.75
seneschal,17.5
senile,11.26
senility,11.39
senior,8.26
seniority,12.75
seniors,8.47
senor,12.41
senora,9.9
senorita,11.05
sensation,9.17
sensational,8.94
sensationalism,13.37
sensationalist,12.83
sensationalistic,14.06
sensationalize,13.61
sense,7.32
sensed,6.77
senseless,9.95
senselessness,10.06
senses,6.77
sensibility,10.65
sensible,8.78
sensing,6.77
sensitive,8.19
sensitivity,9.11
sensor,11.8
sensorial,14.11
sensors,9.67
sensory,10.84
sensual,12.1
sensuality,13.61
sensuous,11.53
sensuousness,14.12
sent,5.79
sentence,5.84
sentenced,6.53
sentences,6.53
sentencing,11.61
sententious,15.57
sentience,13.61
sentient,11.77
sentiment,11.89
sentimental,12.05
sentimentalist,13.21
sentimentality,12.17
sentimentalize,11.56
sentiments,10.13
sentinel,13.11
sentries,12.11
sentry,11.12
separable,11.33
separate,6.63
separated,7.37
separateness,9.78
separates,7.37
separating,7.37
separation,8.89
separations,9.07
separatist,11.94
separator,9.33
sepia,14.4
seppuku,12.33
sepsis,16.33
septet,15.0
septic,11.13
septicemia,17.0
septum,14.94
septuplet,14.18
sepulcher,15.15
sepulture,17.0
sequel,10.22
sequels,10.92
sequence,10.28
sequenced,9.67
sequencer,13.08
sequences,9.67
sequencing,12.84
sequent,13.67
sequential,10.5
sequester,15.07
sequestration,16.5
sequin,8.76
sequined,9.2
sequitur,17.22
ser,13.57
seraglio,17.17
serape,16.73
serenade,11.22
serendipitous,13.79
serendipity,12.61
serene,11.38
serenity,11.05
serf,10.33
serfdom,13.08
serfs,11.78
sergeant,9.0
sergeants,9.58
serial,10.42
serialization,13.8
serialize,13.84
series,9.05
serif,13.25
serious,6.58
seriousness,8.1
sermon,6.6
sermons,9.68
serological,15.12
serotonin,16.8
serpent,8.0
serpentine,12.89
serpents,9.94
serrated,11.29
serration,12.29
serum,10.22
servant,7.89
servants,8.09
serve,7.17
served,6.94
server,9.94
serves,6.94
service,8.0
serviceable,13.68
serviced,7.92
serviceman,8.79
services,7.92
servicing,7.92
servile,15.27
serving,6.94
servitor,17.17
servitude,11.71
servo,12.92
servomechanism,16.71
sesame,7.41
sesquipedalian,15.67
sessile,14.67
session,9.89
sessions,10.06
set,6.0
setback,10.4
setbacks,10.73
sets,6.97
settee,14.36
setter,9.64
setting,6.97
settle,8.26
settled,7.96
settlement,8.74
settlements,9.45
settler,9.72
settles,7.96
settling,7.96
setup,8.89
seven,5.36
sevens,4.62
seventh,6.96
sevenths,5.56
sever,9.05
several,6.77
severance,14.39
severe,9.05
severest,7.96
severity,11.06
sew,6.05
sewage,8.47
sewed,5.27
sewer,7.05
sewerage,10.85
sewers,7.49
sewing,6.11
sewingmachine,5.71
sewn,5.27
sews,5.27
sex,9.79
sexagenarian,15.0
sexed,8.92
sexes,8.92
sexiness,11.68
sexing,8.92
sexism,13.63
sexist,11.32
sexless,14.72
sexology,15.79
sexploitation,17.6
sexpot,13.83
sextant,13.79
sextet,12.4
sextuplet,13.45
sexual,11.33
sexuality,11.83
sexy,10.65
shabbier,9.49
shabbiest,9.49
shabby,10.56
shack,6.15
shacked,7.63
shacking,7.63
shackle,12.16
shacks,7.63
shade,6.37
shaded,5.89
shades,5.96
shading,8.5
shadow,5.0
shadowed,6.3
shadowing,6.3
shadows,6.3
shadowy,6.6
shady,10.65
shaft,10.17
shafted,9.87
shafts,9.87
shag,10.53
shagged,10.82
shagging,10.82
shags,10.82
shake,5.26
shakedown,12.32
shaken,5.3
shaker,8.33
shakers,8.6
shakes,5.3
shakeup,8.84
shaking,5.3
shaky,8.0
shale,11.94
shall,8.42
shallot,14.79
shallow,7.0
shallower,7.09
shallowest,7.09
shallowness,10.33
shallows,11.39
sham,11.6
shaman,12.25
shamanic,16.42
shamanism,14.07
shamanistic,13.86
shamans,12.75
shamble,11.16
shame,6.55
shamed,6.7
shameful,7.89
shameless,9.79
shamelessness,10.5
shames,6.7
shaming,6.7
shamming,10.65
shampoo,5.39
shampooed,4.64
shampooing,4.64
shampoos,4.64
shamrock,10.0
shams,10.65
shank,11.89
shanks,11.1
shanty,13.33
shantytown,13.69
shape,4.47
shaped,5.51
shapeless,10.09
shapely,12.71
shaper,9.0
shapes,5.51
shaping,5.51
shard,9.9
share,4.84
sharecropper,14.56
shared,5.54
shareholder,14.25
sharer,8.47
shares,5.54
sharing,5.54
shark,5.47
sharking,5.18
sharks,5.18
sharkskin,8.94
sharp,6.11
sharpen,5.61
sharpener,6.44
sharper,4.77
sharpest,4.77
sharpie,9.61
sharpness,8.58
sharpshooter,11.06
sharpshooting,13.1
shatter,9.33
shattered,8.53
shattering,8.0
shatterproof,10.44
shatters,8.53
shave,5.89
shaved,7.86
shaven,8.39
shaver,7.89
shaves,7.86
shaving,7.86
shawl,9.74
shawls,6.67
she,3.57
sheaf,11.07
shear,8.67
sheared,10.1
shearing,10.1
shears,9.46
shearwater,15.22
sheath,10.93
sheathe,14.13
sheathed,12.9
sheaths,11.41
sheave,13.25
shebang,9.92
shed,7.33
shedder,9.87
shedding,4.79
sheds,4.79
sheen,10.39
sheens,11.85
sheep,4.25
sheepdog,7.11
sheepfold,13.8
sheepherder,9.1
sheepish,11.56
sheepshank,13.71
sheepskin,10.21
sheer,9.63
sheerest,10.17
sheet,5.33
sheeting,10.73
sheetrock,12.89
sheets,5.16
sheik,12.82
sheikh,12.37
sheikhs,12.37
sheiks,12.37
shekel,10.67
shekels,14.94
shelf,5.5
shell,5.22
shellacking,12.87
shelled,5.75
shellfire,12.75
shellfish,9.1
shells,5.75
shellshock,13.17
shelter,9.21
sheltering,7.05
shelters,7.05
shelve,6.38
shelved,6.67
shelves,5.75
shenanigan,10.5
shepherd,6.67
shepherdess,9.42
shepherds,5.62
sherbet,7.0
sherbets,6.68
sheriff,6.0
sheriffs,6.61
sherries,9.83
sherry,13.58
shiatsu,16.92
shied,5.33
shield,6.5
shielded,7.03
shielding,7.03
shields,7.03
shier,5.33
shies,5.33
shift,9.17
shifted,7.6
shifter,11.06
shiftless,12.12
shifts,7.6
shifty,11.68
shiitake,12.88
shill,11.77
shillelagh,17.0
shilling,11.16
shillings,11.9
shills,12.32
shim,11.92
shimmer,10.0
shimmering,10.05
shimmers,8.7
shimmery,8.84
shimmy,10.0
shin,8.39
shinbone,9.12
shindig,11.29
shine,5.79
shined,5.88
shiner,8.21
shiners,10.41
shines,5.88
shingle,8.56
shingles,9.2
shinier,4.98
shiniest,4.98
shining,7.0
shinny,7.69
shinplaster,10.5
shins,7.35
shiny,4.32
ship,5.33
shipboard,10.12
shipbuilder,7.5
shipbuilders,9.21
shipbuilding,9.29
shipload,8.68
shipmate,9.42
shipment,9.74
shipments,9.67
shipped,5.13
shipper,9.94
shipping,9.15
ships,5.13
shipshape,8.69
shipwreck,10.35
shipwright,12.29
shipyard,10.47
shiraz,18.56
shire,10.92
shirk,13.0
shirker,14.36
shirking,12.6
shirks,12.6
shirt,3.53
shirtfront,10.41
shirtless,7.0
shirts,5.5
shirtsleeve,6.47
shirttail,8.89
shit,6.53
shitfaced,12.76
shithead,11.84
shitload,11.53
shitty,10.06
shiver,7.5
shivered,6.24
shivering,6.24
shivers,6.24
shivery,10.87
shoal,13.07
shoals,12.09
shoat,12.67
shock,7.53
shocker,11.58
shocking,7.61
shockproof,12.26
shocks,7.58
shockwave,11.16
shod,3.29
shoddiest,11.9
shoddy,11.61
shoe,2.6
shoed,3.29
shoehorn,7.89
shoeing,3.29
shoelace,4.16
shoemaker,7.58
shoes,3.29
shoeshine,7.05
shoestring,6.21
shoetree,11.42
shogun,11.4
shoguns,11.8
shone,5.88
shook,5.3
shoot,5.53
shooter,8.0
shooting,6.66
shootout,8.72
shoots,6.66
shop,5.78
shopkeeper,8.11
shopkeepers,6.04
shopkeeping,11.07
shoplift,8.47
shoplifted,10.23
shoplifter,8.74
shoplifting,8.83
shopped,4.37
shopper,6.58
shopping,4.7
shops,4.37
shoptalk,13.06
shopworn,11.07
shore,6.93
shored,6.47
shoreline,6.83
shores,6.47
shoring,6.47
shorn,10.1
short,4.32
shortage,9.89
shortages,8.24
shortbread,8.78
shortcake,6.79
shortchange,11.82
shortcoming,9.28
shortcut,7.22
shorted,5.48
shorten,7.33
shortened,7.01
shortening,7.01
shortens,7.01
shorter,5.48
shortest,5.48
shortfall,13.28
shorthand,11.11
shorthorn,14.14
shorting,5.48
shortlist,12.67
shortness,8.11
shorts,3.95
shortsighted,11.26
shortsightedness,13.0
shortstop,8.24
shortwave,13.5
shot,5.84
shotgun,7.53
shots,6.23
should,5.37
shoulder,4.5
shouldered,5.41
shouldering,5.41
shoulders,5.41
shout,4.72
shouted,4.74
shouter,7.2
shouting,4.74
shouts,4.74
shove,6.7
shoved,6.53
shovel,6.28
shoveled,5.81
shovelful,6.65
shoveling,5.81
shovels,5.81
shoves,6.53
shoving,6.53
show,6.21
showbiz,9.05
showboat,11.72
showboating,12.75
showcase,9.94
showcasing,12.12
showdown,8.39
showed,5.19
shower,4.72
showered,9.05
showerhead,8.05
showering,9.05
showers,9.05
showgirl,11.72
showground,11.79
showing,5.19
showman,10.21
showmanship,11.5
shown,5.19
showoff,7.32
showpiece,12.67
showplace,11.33
showroom,11.22
shows,5.19
showstopper,12.06
showy,10.26
shrank,7.41
shrapnel,12.06
shred,9.28
shredder,8.78
shredding,7.42
shreds,7.42
shrew,11.82
shrewd,11.37
shrewder,12.13
shrewdness,11.82
shrewish,13.11
shrews,10.41
shriek,8.94
shrieked,6.84
shrieking,6.84
shrieks,6.84
shrift,12.14
shrill,11.44
shrillest,11.26
shrimp,7.11
shrimper,12.5
shrimps,6.06
shrine,9.63
shrines,10.25
shrink,7.06
shrinkage,10.83
shrinks,7.41
shrivel,9.61
shriven,14.22
shroud,11.65
shrouded,11.73
shrouds,11.73
shrove,13.83
shrub,8.06
shrubbery,8.89
shrubs,7.66
shrug,7.94
shrugged,8.13
shrugging,8.13
shrugs,8.13
shrunk,7.41
shrunken,8.94
shtick,14.58
shuck,9.76
shucked,10.46
shucking,10.46
shudder,10.16
shuddered,9.34
shuddering,9.34
shudders,9.34
shuffle,8.95
shuffleboard,10.63
shuffled,7.22
shuffler,10.1
shuffles,7.22
shuffling,8.2
shun,11.33
shunned,9.89
shunning,9.89
shuns,9.89
shunt,13.53
shunted,12.3
shush,5.75
shushed,5.95
shushes,5.95
shushing,5.95
shut,4.89
shutdown,8.74
shuteye,8.25
shutoff,8.06
shutout,9.3
shuts,4.93
shutter,7.83
shutterbug,11.62
shuttered,10.11
shutters,7.77
shutting,4.93
shuttle,8.37
shuttled,9.31
shuttles,9.31
shy,5.32
shyest,5.33
shying,5.33
shyness,7.63
shyster,12.62
sibilance,15.5
sibilant,14.45
sibling,7.58
siblings,6.54
sick,4.05
sickbay,10.76
sickbed,9.88
sicken,7.74
sickening,7.26
sicker,4.14
sickest,4.14
sickle,11.35
sickles,10.6
sickly,7.37
sickness,5.53
sicknesses,7.15
sickout,11.58
sickroom,8.76
side,4.72
sidearm,11.78
sideband,12.06
sidebar,12.61
sideboard,10.24
sideburn,9.53
sideburns,8.44
sidecar,9.78
sided,5.48
sidekick,9.85
sideline,8.32
sidelong,13.81
sideman,10.38
sidepiece,10.2
siderite,15.43
sides,5.48
sidesaddle,9.94
sideshow,10.32
sidesplitting,11.0
sidestep,9.84
sidestroke,9.35
sideswipe,12.5
sidetrack,11.0
sidewalk,4.28
sidewall,11.22
sideway,7.0
sidewinder,11.25
siding,9.18
sidings,9.13
siege,12.28
sieges,9.92
sienna,11.44
siesta,11.82
sieve,12.36
sift,9.6
sifted,8.41
sifter,11.0
sifting,8.41
sifts,8.41
sigh,7.39
sighed,7.6
sighing,7.6
sighs,7.6
sight,5.44
sighted,6.08
sighting,9.79
sightless,9.05
sights,6.08
sightsee,6.63
sightseeing,11.0
sightseer,11.42
sigil,15.25
sigma,14.36
sigmoid,12.75
sign,4.32
signage,12.26
signal,6.67
signaled,6.66
signaling,6.66
signalman,8.5
signals,6.66
signatory,15.13
signature,8.83
signboard,10.06
signed,6.27
signer,7.53
signet,13.09
significance,10.11
significant,9.89
signifier,12.53
signify,11.89
signing,6.27
signor,13.33
signora,15.75
signpost,7.89
signs,6.27
silence,4.6
silenced,8.54
silencer,11.84
silences,8.54
silencing,8.54
silent,4.42
silhouette,8.9
silica,15.86
silicate,13.75
silicon,12.67
silicone,13.55
silk,7.39
silken,11.11
silks,8.11
silkscreen,12.94
silkworm,7.95
silky,9.1
sill,7.33
sillier,5.54
sillies,5.54
silliest,5.54
silliness,5.58
sills,10.87
silly,4.17
silo,9.93
silos,10.7
silt,11.75
silver,6.21
silverback,11.73
silverfish,11.88
silversmith,11.16
silverware,5.89
silvery,8.5
simian,14.27
similar,7.33
similarity,8.89
simile,11.68
simmer,9.65
simmering,10.26
simmers,8.54
simonize,14.0
simpatico,17.27
simper,11.85
simpering,14.0
simpers,10.92
simple,6.89
simpleminded,12.45
simpler,6.16
simples,6.16
simplest,6.16
simpleton,10.88
simplicity,9.89
simplification,12.11
simplify,8.53
simplistic,10.72
simply,7.92
simulacrum,16.17
simulate,11.5
simulated,11.37
simulation,10.53
simulator,10.11
simultaneous,11.68
sin,6.74
since,6.85
sincere,8.79
sincerely,9.6
sincerest,9.96
sincerity,8.67
sine,13.69
sinew,12.56
sinewy,11.77
sinful,8.79
sinfulness,9.28
sing,3.47
singe,11.57
singed,11.12
singer,5.06
singers,6.35
singes,11.12
singing,4.37
single,6.68
singled,6.93
singleness,10.12
singles,6.93
singling,6.93
sings,4.37
singsong,7.67
singular,9.8
singularity,14.55
sinister,10.75
sink,4.47
sinker,6.9
sinkhole,11.5
sinking,4.58
sinks,4.58
sinless,10.26
sinned,7.98
sinner,7.35
sinning,7.98
sins,7.98
sinuosity,15.17
sinus,10.05
sinuses,9.67
sinusitis,14.0
sip,4.26
siphon,11.88
sipped,4.53
sipper,8.0
sipping,4.53
sips,4.53
sir,6.37
sire,10.12
sired,11.63
siren,7.06
sirens,6.98
sires,11.63
sirloin,11.33
sirocco,16.5
sirs,5.39
sis,4.19
sisal,12.0
sissified,10.79
sissy,7.4
sister,3.68
sisterhood,9.53
sisterly,8.35
sisters,4.19
sit,3.47
sitar,13.0
sitcom,10.05
site,8.63
sited,8.23
sites,8.23
sits,3.56
sitter,5.68
sitting,3.56
situate,13.11
situation,9.26
situational,11.85
situations,9.05
six,5.25
sixes,4.52
sixpence,10.5
sixteen,4.8
sixth,5.36
sixths,5.35
sixties,5.77
sixty,5.74
sizable,10.11
size,4.84
sizes,5.69
sizing,5.69
sizzle,8.16
sizzled,8.12
sizzles,8.12
sizzling,8.12
skate,5.37
skateboard,6.94
skateboarder,9.84
skated,6.53
skater,6.57
skates,6.53
skating,6.53
skedaddle,7.84
skeet,12.53
skein,11.2
skeletal,9.44
skeleton,6.68
skeptic,11.17
skeptical,10.74
skepticism,12.47
sketch,9.0
sketchbook,7.52
sketched,7.66
sketcher,9.53
sketches,7.66
sketchpad,8.84
sketchy,11.59
skew,10.94
skewer,8.94
skewing,11.63
ski,6.68
skid,8.11
skidded,8.19
skidding,8.19
skidoo,8.31
skids,8.19
skied,4.34
skier,8.88
skies,4.34
skiff,13.2
skiing,7.89
skilful,10.06
skill,6.8
skilled,8.68
skillet,8.2
skillets,8.2
skills,8.6
skim,8.84
skimmed,8.26
skimmer,10.82
skimming,8.26
skimp,11.25
skimped,10.17
skimping,10.17
skimpy,10.67
skims,8.26
skin,4.48
skincare,9.39
skinflint,15.06
skinhead,12.56
skinless,9.8
skinned,4.47
skinnier,7.71
skinniest,7.71
skinning,4.47
skinny,5.16
skins,4.47
skintight,11.39
skip,4.68
skipjack,10.45
skipped,5.37
skipping,5.37
skips,5.37
skirl,16.6
skirmish,11.83
skirmishes,10.9
skirmishing,10.9
skirt,5.67
skirts,5.3
skis,8.82
skit,9.17
skits,8.15
skitter,10.83
skittish,10.0
skittle,7.07
skive,12.67
skivvies,9.68
skivvy,11.4
skulk,13.29
skulking,12.26
skulks,12.26
skull,6.33
skullcap,14.06
skullduggery,13.56
skulls,8.41
skunk,5.32
skunked,9.43
skunks,9.43
sky,4.17
skycap,12.09
skydive,8.78
skydiver,9.28
skyhook,13.27
skylark,10.18
skylarks,7.86
skylight,8.6
skyline,11.0
skyrocket,8.8
skyscraper,8.26
skywriter,12.18
skywriting,9.88
slab,8.53
slabs,8.9
slack,9.63
slacken,12.18
slacker,8.41
slacking,8.41
slackness,9.89
slacks,8.41
slade,10.29
slag,11.67
slagheap,16.4
slain,9.53
slake,12.33
slalom,13.75
slam,6.94
slammed,6.08
slammer,10.1
slamming,6.08
slams,6.08
slander,14.0
slandered,11.09
slanderer,13.78
slandering,11.09
slanderous,13.36
slanders,11.09
slang,10.68
slangs,9.19
slant,7.33
slants,7.98
slap,4.67
slapdash,12.3
slaphappy,11.6
slapped,5.3
slapper,10.33
slapping,5.3
slaps,5.3
slapstick,12.29
slash,7.47
slashed,7.93
slashes,7.93
slashing,7.93
slat,11.56
slate,9.25
slated,9.38
slates,9.38
slather,10.58
slats,11.02
slattern,13.75
slaughter,9.56
slaughtered,9.3
slaughterer,11.88
slaughterhouse,10.8
slaughtering,9.3
slaughters,9.3
slave,7.84
slaved,7.66
slaveholder,12.83
slaver,10.42
slavery,8.32
slaves,7.66
slaving,7.66
slavish,13.07
slaw,8.28
slay,9.39
slayer,11.5
slaying,9.53
slays,9.53
sleaze,11.21
sleazebag,12.48
sleazy,11.85
sled,4.89
sledding,5.61
sledge,10.06
sledgehammer,9.52
sleds,5.61
sleek,11.17
sleeker,10.02
sleekest,10.02
sleep,2.79
sleeper,7.33
sleepiness,6.0
sleeping,3.99
sleepless,8.45
sleeplessness,10.06
sleepover,5.5
sleeps,3.99
sleepwalk,7.0
sleepwalker,8.89
sleepwear,7.44
sleepy,3.37
sleepyhead,5.06
sleet,11.72
sleety,9.58
sleeve,4.94
sleeveless,6.75
sleeves,5.56
sleigh,6.0
sleighs,6.4
sleight,13.29
slender,10.11
slept,3.99
sleuth,10.82
sleuthhound,13.27
sleuthing,11.63
sleuths,11.63
slew,9.8
slews,11.04
slice,5.69
sliced,5.07
slicer,8.79
slices,5.07
slicing,5.07
slick,9.3
slicked,10.6
slicker,9.33
slickest,10.6
slicks,10.6
slid,4.74
slide,4.79
slider,10.06
slides,4.74
slideshow,7.45
slight,10.33
slighter,8.54
slightest,8.54
slightly,8.12
slightness,12.19
slim,7.26
slime,6.78
slimes,8.13
slimmed,9.77
slimmer,9.77
slimmest,9.77
slims,9.77
slimy,6.28
sling,8.67
slinger,12.53
slinging,8.15
slings,8.15
slingshot,6.53
slink,9.37
slinky,7.16
slip,6.17
slipcover,10.37
slipknot,11.05
slippage,11.5
slipped,5.24
slipper,5.26
slippers,4.8
slippery,6.72
slipping,5.24
slips,5.24
slipshod,15.64
slipstream,12.64
slipup,9.84
slipway,10.15
slit,10.44
slither,8.05
slithery,9.56
slits,7.3
slitting,7.3
sliver,7.11
slob,7.11
slobber,7.67
slobbery,9.56
slog,12.64
slogan,10.63
sloganeer,13.0
slogans,10.99
sloop,11.07
slop,7.95
slope,8.67
sloped,6.67
slopes,6.67
sloping,10.58
slopped,8.65
sloppiness,7.37
slopping,8.65
sloppy,5.89
slops,8.65
slosh,8.59
slot,6.85
sloth,8.37
slothful,12.53
slothfulness,12.62
sloths,11.21
slotmachine,11.81
slots,7.79
slotted,7.79
slouch,9.11
slouches,8.12
slouching,8.12
slouchy,8.37
slough,14.65
sloughed,11.81
sloughing,11.81
slovenly,13.44
slow,4.15
slowdown,6.68
slowed,5.09
slower,5.09
slowest,5.09
slowing,5.09
slowly,6.32
slowness,8.16
slowpoke,5.45
slows,5.09
sludge,8.8
slug,6.0
slugabed,14.67
slugfest,11.76
slugged,5.82
slugger,8.38
slugging,5.82
sluggish,9.05
slugs,5.82
sluice,14.36
slum,11.9
slumber,8.83
slumbering,8.34
slumberous,14.07
slumbers,8.34
slumlord,14.53
slumming,10.0
slummy,10.06
slump,10.58
slumped,9.11
slumping,9.11
slumps,9.11
slums,10.0
slung,8.15
slur,10.72
slurp,6.76
slurred,9.67
slurring,9.67
slurry,12.88
slurs,9.67
slush,6.95
slushy,7.14
slut,12.67
sluts,12.3
slutty,12.4
sly,8.55
slyer,8.61
smack,5.94
smacked,4.29
smacker,9.5
smacking,4.29
smacks,4.29
small,3.22
smaller,4.31
smallest,4.31
smallish,8.16
smallness,6.47
smallpox,10.71
smalls,4.31
smalltime,9.85
smarmy,13.11
smart,5.5
smartass,8.32
smarten,9.33
smarter,6.33
smartest,6.33
smartness,7.26
smarts,6.33
smarty,5.94
smash,4.65
smashed,5.67
smasher,9.06
smashes,5.67
smashup,9.19
smattering,13.0
smear,8.84
smearcase,11.14
smeared,7.49
smearing,7.49
smears,7.49
smell,4.22
smelled,4.68
smeller,8.29
smelling,4.68
smells,4.68
smelly,4.32
smelt,13.64
smelter,14.38
smelting,15.44
smelts,9.96
smidge,9.17
smidgen,11.89
smile,3.51
smiled,4.29
smiles,4.29
smiley,5.71
smiling,4.29
smirk,8.0
smirking,9.67
smirks,9.67
smite,11.5
smites,12.75
smithereens,8.07
smitten,12.75
smock,6.26
smocks,8.56
smog,10.47
smoggy,10.56
smoke,4.0
smoked,6.37
smokehouse,10.89
smokeless,11.89
smoker,6.19
smokes,6.37
smokescreen,10.89
smokestack,8.94
smoking,6.73
smoky,6.58
smooch,6.74
smooches,6.63
smooth,5.61
smoothbore,14.43
smoothed,7.18
smoother,7.18
smoothes,7.18
smoothest,7.18
smoothie,8.73
smoothing,7.18
smoothness,7.61
smorgasbord,9.46
smote,12.75
smother,6.63
smothered,8.77
smothering,8.77
smothers,8.77
smothery,12.44
smudge,6.11
smudged,7.84
smudges,7.84
smudging,7.84
smudgy,8.65
smug,9.33
smugger,10.12
smuggle,9.94
smuggled,10.13
smuggler,9.95
smuggles,10.13
smugness,10.56
smut,12.74
smutty,13.29
snack,2.78
snacked,3.47
snacking,3.47
snacks,3.47
snaffle,14.8
snafu,12.07
snafus,13.86
snag,9.75
snagged,8.44
snagging,8.44
snaggletooth,9.88
snags,8.44
snail,5.79
snails,5.19
snake,5.1
snakebite,6.72
snaked,5.88
snakelike,7.33
snakeroot,11.75
snakes,5.88
snakeskin,9.28
snaking,5.88
snaky,8.53
snap,6.05
snapdragon,10.94
snapped,5.75
snapper,8.39
snapping,5.75
snappish,12.86
snappishness,12.47
snappy,9.05
snaps,5.75
snapshot,10.0
snare,10.68
snared,9.89
snares,9.89
snarky,16.56
snarl,8.75
snarled,9.31
snarling,9.31
snarls,9.31
snatch,8.18
snatched,5.88
snatcher,9.88
snatches,5.88
snatching,5.88
snazzy,10.37
sneak,5.83
sneaked,6.23
sneaker,6.25
sneakiness,8.28
sneaking,6.23
sneaks,6.23
sneaky,6.58
sneer,9.2
sneered,9.24
sneering,9.24
sneers,9.24
sneeze,4.17
sneezed,4.14
sneezer,6.63
sneezes,4.14
sneezing,4.14
snick,16.33
snicker,8.84
snide,10.33
sniff,6.16
sniffed,5.73
sniffer,8.79
sniffing,5.73
sniffle,7.22
sniffs,5.73
snifter,12.93
snigger,12.71
snip,7.24
snipe,11.5
sniper,11.05
sniping,11.55
snipped,8.33
snippet,13.2
snippety,10.0
snipping,8.33
snippy,10.58
snips,8.33
snit,11.2
snitch,10.56
snitched,8.8
snitcher,9.83
snitches,8.8
snitching,8.8
snivel,12.33
snob,9.32
snobbery,10.88
snobbish,9.24
snobby,9.72
snobs,8.05
snood,10.75
snooker,11.22
snoop,8.44
snooped,7.72
snooper,9.39
snooping,7.72
snoops,7.72
snoopy,5.47
snoot,11.75
snootiest,9.4
snooty,9.06
snooze,6.84
snoozer,10.41
snoozing,7.72
snore,5.94
snored,5.96
snorer,7.79
snores,5.96
snoring,5.96
snorkel,9.11
snorkeled,8.04
snorkeler,9.71
snorkeling,8.04
snorkels,8.04
snort,7.42
snorted,8.6
snorting,8.6
snorts,8.6
snot,5.47
snotty,7.22
snout,6.83
snouts,7.22
snow,4.11
snowball,4.74
snowballed,4.87
snowballing,4.87
snowballs,4.87
snowberry,10.33
snowbird,10.12
snowboard,11.14
snowboarder,11.15
snowboarding,11.18
snowbound,10.76
snowcap,9.9
snowdrift,11.37
snowdrop,7.47
snowed,4.17
snowfall,5.63
snowflake,5.32
snowing,4.17
snowman,3.47
snowmobile,8.78
snowplow,8.21
snows,4.17
snowshoe,7.68
snowstorm,5.89
snowsuit,6.39
snowy,4.83
snub,12.1
snubbed,10.28
snubbing,10.28
snubs,10.28
snuck,6.23
snuff,11.79
snuffbox,12.47
snuffed,10.27
snuffs,10.27
snug,6.38
snugger,7.01
snuggle,5.39
snuggled,6.13
snuggles,6.13
snuggling,6.13
so,5.15
soak,6.53
soaking,5.92
soaks,5.92
soap,3.17
soapbox,8.0
soaped,4.62
soaping,4.62
soaps,4.62
soapstone,17.06
soapwort,14.71
soapy,5.72
soar,9.58
soared,8.08
soars,8.08
soave,12.62
sob,9.0
sobbed,5.43
sobbing,5.43
sober,10.84
sobered,11.02
sobering,12.89
soberness,10.83
sobers,11.02
sobriety,13.26
sobriquet,17.33
sobs,5.43
soc,13.0
soccer,5.89
sociability,13.63
sociable,9.94
social,10.43
socialism,13.68
socialist,13.61
socialistic,13.76
socialists,12.63
socialite,12.56
socialization,12.83
socialize,10.17
socials,9.63
societal,12.38
societies,9.81
society,8.7
socioeconomic,16.0
sociological,14.33
sociologist,12.44
sociology,12.83
sociopath,13.28
sociopathic,14.67
sociopolitical,15.67
sock,2.94
socked,3.67
socket,8.06
sockets,8.79
socking,3.67
sockless,6.79
socks,3.67
sod,10.82
soda,4.42
sodas,4.91
sodbuster,15.22
sodden,15.15
sodium,9.72
sodomite,13.33
sodomize,14.26
sodomy,14.95
sods,10.17
soever,14.38
sofa,4.5
sofas,5.18
soft,3.95
softball,6.42
soften,7.37
softened,6.53
softener,9.44
softening,6.53
softens,6.53
softer,4.62
softest,4.62
softheaded,10.81
softhearted,9.05
softie,9.47
softness,4.83
software,12.21
softwood,12.12
soggy,5.9
soil,6.48
soiled,6.98
soiling,6.98
soils,6.98
soiree,13.41
soirees,13.18
sojourn,12.69
sojourner,14.73
solace,12.73
solar,9.05
solarium,11.86
sold,6.23
solder,13.12
soldier,6.94
soldiered,5.62
soldiering,5.62
soldierly,11.06
soldiers,5.62
soldiery,12.19
sole,7.06
solemn,12.5
solemnity,12.33
solemnize,14.38
solenoid,16.0
soles,8.47
solicit,11.71
solicitation,13.78
solicitor,12.53
solicitors,10.53
solicitous,12.53
solicitude,16.0
solid,7.79
solidarity,13.3
solider,7.22
solidify,11.26
solidity,10.53
solids,7.22
soliloquy,13.06
solipsism,15.56
solipsistic,17.43
solitaire,8.95
solitary,9.16
solitude,12.0
solo,7.28
soloed,8.04
soloist,10.05
solos,8.04
solstice,10.5
soluble,11.94
solute,11.54
solution,9.0
solutions,9.98
solvable,10.06
solve,6.58
solved,7.72
solvency,13.71
solvent,12.65
solvents,12.22
solver,10.0
solves,7.72
solving,7.72
somatic,14.86
somber,11.8
sombrero,9.06
some,4.85
somebody,5.31
someday,6.32
somehow,8.02
someone,4.92
someplace,6.41
somersault,5.63
somersaults,7.39
something,5.05
sometime,6.53
sometimes,6.37
someway,7.06
somewhere,6.26
sommelier,15.2
somnambulant,14.56
somnambulism,17.25
somnambulistic,16.75
somnolent,13.33
son,3.78
sonar,11.42
sonata,14.93
song,4.26
songbird,7.47
songbook,6.39
songs,4.99
songster,12.21
songstress,12.09
songwriter,7.72
songwriting,9.37
sonic,11.0
sonnet,12.38
sonnets,12.79
sonogram,11.47
sonorous,14.5
sons,4.77
soon,4.83
sooner,4.55
soonest,4.55
soot,7.2
sooth,9.44
soothe,8.4
soothed,6.88
soothes,6.88
soothing,8.4
soothsayer,14.11
soothsaying,14.29
sooty,11.07
sop,12.71
sophistic,13.71
sophisticate,14.05
sophisticated,11.05
sophistication,10.16
sophistry,15.62
sophomore,10.5
sophomoric,13.07
soporific,15.22
sopped,10.54
sopping,9.76
soppy,9.88
soprano,11.44
sopranos,10.22
sops,10.54
sorbet,12.0
sorcerer,11.37
sorceress,9.82
sorcery,10.39
sordid,13.62
sordidness,13.85
sore,5.84
sorehead,11.36
soreness,7.6
sorer,5.18
sores,5.18
sorest,5.18
sorghum,13.92
sorority,14.22
sorrel,14.0
sorrier,4.5
sorriest,4.5
sorrow,8.42
sorrowful,10.11
sorrowing,12.44
sorrows,7.86
sorry,3.44
sort,6.81
sorted,6.88
sorter,11.0
sortie,13.38
sorting,6.88
sorts,6.88
sot,13.92
soubise,16.0
soubrette,17.33
souffle,11.8
sough,13.72
sought,6.5
souk,15.0
soul,6.17
soulful,11.37
soulfulness,11.39
soulless,11.32
souls,9.22
sound,3.72
sounded,4.87
sounder,11.2
soundest,4.87
sounding,4.87
soundings,11.12
soundness,11.9
soundproof,11.2
sounds,4.87
soundtrack,8.56
soup,5.37
soupcon,15.4
soups,4.52
soupy,7.29
sour,4.89
sourball,9.0
source,9.21
sourced,9.58
sources,9.58
sourdough,9.58
soured,7.09
sourer,7.09
sourest,7.09
sourpuss,8.83
sours,7.09
sousaphone,15.07
souse,15.62
south,6.06
southbound,9.72
southeast,8.63
southeasterly,12.63
southeastern,9.58
southerly,14.0
southern,7.56
southerner,9.68
southernmost,10.83
southpaw,11.47
southwest,8.89
southwester,10.17
southwesterly,11.24
southwestern,7.79
souvenir,8.0
sovereign,13.0
sovereigns,13.07
sovereignty,14.13
soviet,10.2
soviets,13.64
sow,9.67
sowbelly,14.7
sowed,7.62
sowing,7.62
sown,7.62
sows,7.62
sox,3.67
soy,13.56
soya,15.29
soybean,11.6
spa,11.06
space,5.67
spacecraft,6.85
spaced,7.08
spaceman,7.63
spaceport,13.12
spacer,10.0
spaces,7.08
spaceship,4.67
spacesuit,6.75
spacing,8.78
spacious,8.58
spackle,10.11
spade,8.11
spades,7.99
spadework,14.5
spaghetti,4.33
spall,14.43
spam,13.58
span,12.06
spandex,9.89
spangle,10.67
spangled,9.11
spaniel,7.94
spaniels,11.29
spank,4.22
spanked,4.65
spanker,10.83
spanking,3.86
spanks,4.65
spanned,9.03
spanner,12.5
spanning,9.03
spans,9.03
spar,10.94
spare,8.35
spared,7.3
sparerib,10.07
spareribs,9.94
spares,7.3
sparest,7.3
sparing,7.3
spark,7.95
sparked,7.37
sparker,8.07
sparking,7.37
sparkle,5.95
sparkler,6.26
sparkles,5.43
sparkling,7.56
sparkly,4.53
sparkplug,9.58
sparks,7.37
sparrow,7.49
sparrowgrass,15.43
sparrows,5.69
spars,11.48
sparse,11.83
sparser,11.56
spas,9.38
spasm,8.89
spasmodic,12.79
spasms,10.96
spastic,11.65
spat,8.8
spate,13.19
spatial,13.31
spats,8.26
spatter,9.68
spattered,9.31
spatters,9.31
spatula,7.32
spawn,11.25
spawned,11.19
spawns,11.19
spay,11.74
speak,3.56
speakeasy,11.33
speaker,6.11
speakerphone,9.72
speakers,7.72
speaking,4.93
speaks,4.93
spear,7.22
speared,7.52
spearfish,12.47
spearhead,11.67
spearing,7.52
spearmint,7.16
spears,7.52
spec,12.47
special,5.0
specialist,10.05
specialists,10.19
specialization,11.21
specialize,11.33
specialness,9.44
specials,6.6
specialty,9.05
specie,10.53
species,8.32
specific,9.28
specification,12.39
specificity,11.82
specified,10.41
specifies,10.41
specify,9.21
specimen,11.72
specious,15.92
speciousness,16.9
speck,8.48
speckled,9.26
specks,7.09
specs,12.94
spectacle,9.37
spectacular,8.95
spectator,10.89
specter,13.67
spectra,11.59
spectral,13.43
spectrogram,13.29
spectrograph,14.33
spectrographic,16.67
spectrometer,14.79
spectrometry,16.15
spectroscope,15.18
spectroscopic,16.14
spectroscopy,16.64
spectrum,12.2
speculate,11.28
speculation,12.57
speculative,12.89
speculator,11.78
speculum,14.27
sped,6.81
speech,6.22
speeches,7.39
speechify,13.91
speechless,8.68
speechmaker,10.89
speechmaking,10.47
speechwriter,11.11
speed,5.11
speedball,12.27
speedboat,6.5
speeded,6.81
speeder,10.12
speeding,6.81
speedometer,9.35
speeds,6.81
speedster,9.44
speedway,9.0
speedy,6.63
spell,5.06
spellbinder,10.0
spellbinding,11.56
spellbound,10.33
spellcheck,11.42
spelled,5.64
speller,7.39
spelling,5.86
spells,5.64
spelt,5.64
spelunking,12.46
spend,6.44
spendable,9.83
spender,8.53
spending,5.72
spends,5.72
spendthrift,13.21
spent,5.72
sperm,11.14
spermaceti,16.89
spermatogenesis,16.71
spermicidal,15.06
sperms,11.7
spew,8.67
spewed,9.16
spewing,9.16
spews,9.16
sphenoid,15.83
sphere,8.26
spheres,8.77
spherical,12.17
spheroidal,13.38
sphincter,13.8
sphinx,10.22
sphinxes,11.17
sphygmomanometer,17.33
spic,11.88
spice,6.78
spices,6.69
spicing,7.63
spick,12.5
spicy,5.06
spider,3.43
spiders,4.84
spiderweb,4.9
spidery,10.0
spied,7.26
spiel,12.82
spies,7.26
spiff,14.0
spiffy,9.26
spigot,9.5
spike,7.58
spiked,7.09
spikes,7.09
spiking,7.09
spiky,7.67
spill,3.84
spillage,11.39
spilled,4.77
spilling,4.77
spillover,13.72
spills,4.77
spillway,11.21
spilt,4.77
spin,5.0
spinach,4.94
spinal,9.73
spindle,10.72
spindling,12.75
spindly,10.71
spine,7.35
spineless,11.05
spinelessness,11.89
spines,8.41
spinet,14.91
spinnaker,13.3
spinner,9.89
spinney,12.27
spinning,5.22
spinningwheel,8.02
spinout,10.61
spins,5.22
spinster,13.29
spinsterhood,12.72
spinsterish,15.44
spinsters,12.22
spiny,10.22
spiral,8.89
spiraled,7.72
spiraling,7.72
spirals,7.72
spire,11.69
spires,8.69
spirit,7.11
spirited,9.17
spiriting,7.77
spiritless,12.26
spirits,8.56
spiritual,8.7
spiritualism,11.47
spiritualist,13.22
spiritualistic,12.94
spiritualists,12.58
spirituality,9.05
spiritualize,11.44
spirituous,12.5
spit,5.06
spitball,7.53
spite,11.7
spiteful,10.89
spitefulness,11.22
spitfire,12.0
spiting,8.77
spits,5.37
spitting,5.37
spittle,9.73
spittoon,11.12
splash,3.67
splashdown,10.53
splashed,4.62
splashes,4.62
splashing,4.62
splashy,6.05
splat,6.4
splatter,8.05
splattered,7.72
splattering,7.72
splatters,7.72
splay,15.5
spleen,11.35
spleens,11.48
spleeny,14.0
splendid,7.22
splendiferous,14.92
splendor,10.79
splendors,10.8
splenetic,17.33
splenic,16.2
splice,13.32
spliced,11.04
splicer,14.94
splices,11.04
splicing,11.04
splint,9.16
splinter,4.72
splints,9.38
split,6.25
splits,6.5
splitter,9.5
splitting,6.5
splotch,8.33
splotches,10.17
splotchy,10.38
splurge,10.56
splurged,10.32
splurging,10.32
splutter,12.87
spluttering,7.37
splutters,7.37
spoil,6.3
spoiled,5.94
spoiler,10.3
spoiling,5.94
spoils,8.89
spoilsport,8.06
spoilt,5.94
spoke,6.23
spoken,4.93
spokes,6.62
spokesman,9.05
spokesperson,10.5
spokeswoman,12.25
spoliation,15.1
sponge,5.0
sponged,5.48
sponger,14.58
sponges,5.48
spongiform,14.86
sponging,5.48
spongy,8.89
sponsor,10.72
sponsorship,13.37
spontaneity,12.95
spontaneous,9.85
spoof,9.72
spook,6.56
spooked,7.15
spookier,7.09
spooking,7.15
spooks,7.15
spooky,6.0
spool,8.0
spools,10.25
spoon,2.5
spoonbill,16.0
spooned,3.94
spoonful,5.39
spooning,3.94
spoons,3.94
spoor,12.86
sporadic,12.3
spore,10.76
spores,11.26
sporran,16.5
sport,5.74
sporting,8.79
sportive,12.93
sports,5.07
sportscast,9.16
sportscaster,9.67
sportsman,10.78
sportsmanlike,9.56
sportsmanship,9.28
sportswear,9.78
sportswoman,9.48
sportswriter,11.89
sporty,7.05
spot,5.39
spotless,7.47
spotlight,7.94
spots,5.35
spotted,5.35
spotter,11.57
spotting,5.35
spotty,6.78
spousal,12.56
spouse,9.94
spout,8.0
spouted,7.84
spouting,7.84
spouts,7.84
sprain,9.06
sprained,8.22
sprains,8.22
sprang,5.5
sprawl,9.6
sprawled,9.17
sprawling,11.5
sprawls,9.17
spray,5.8
sprayed,7.01
sprayer,7.71
spraying,7.01
sprays,7.01
spread,5.72
spreader,9.21
spreading,6.62
spreads,6.62
spreadsheet,14.6
spree,10.39
sprees,10.45
sprig,10.31
sprigs,11.63
spring,5.5
springboard,11.25
springbok,14.88
springing,5.5
springs,5.5
springtime,5.65
springy,8.89
sprinkle,5.5
sprinkled,6.2
sprinkler,5.53
sprinkles,6.2
sprinkling,6.2
sprint,8.61
sprinter,9.74
sprinting,8.41
sprints,8.41
sprit,8.46
sprite,9.17
sprites,7.91
spritsail,17.43
sprocket,12.94
sprout,9.11
sprouted,8.8
sprouts,8.8
spruce,10.84
spruced,10.75
sprucing,10.75
sprung,5.5
spry,12.27
spud,9.05
spuds,9.61
spumoni,14.33
spun,5.22
spunk,10.85
spunky,8.38
spur,9.35
spurge,14.55
spurious,14.5
spurn,11.88
spurned,12.07
spurns,12.07
spurred,10.2
spurs,10.2
spurt,10.0
spurting,8.09
spurts,8.09
sputter,10.05
sputum,14.58
spy,8.0
spyglass,10.83
spying,7.26
spyware,13.94
squab,12.87
squabble,10.44
squad,9.55
squadron,13.53
squadrons,12.64
squads,8.69
squalid,13.71
squall,11.59
squalling,10.39
squalls,10.39
squalor,13.67
squander,11.05
squandered,12.75
squandering,12.75
squanders,12.75
square,4.11
squared,5.15
squares,5.15
squarest,5.15
squaring,5.15
squash,6.94
squashed,5.77
squashes,5.77
squashing,5.77
squashy,9.86
squat,8.21
squats,9.71
squatted,9.71
squatter,11.39
squatting,9.71
squatty,11.0
squaw,8.16
squawk,9.26
squawked,8.68
squawker,10.83
squawking,8.68
squawks,8.68
squaws,11.78
squeak,5.84
squeaked,5.13
squeaker,9.16
squeaking,5.13
squeaks,5.13
squeaky,4.63
squeal,7.0
squealed,7.22
squealer,9.79
squealing,7.22
squeals,7.22
squeamish,10.22
squeegee,9.94
squeeze,5.42
squeezebox,11.38
squeezed,5.45
squeezer,8.12
squeezes,5.45
squeezing,5.45
squelch,11.75
squelches,12.55
squelching,14.81
squelchy,14.67
squib,14.12
squid,7.32
squids,7.29
squiggle,8.11
squiggly,6.65
squint,8.05
squinted,7.98
squinting,7.98
squints,7.98
squinty,10.75
squire,11.0
squires,10.34
squiring,10.34
squirm,9.18
squirming,7.42
squirms,7.42
squirmy,7.7
squirrel,4.44
squirreling,6.46
squirrels,6.46
squirt,6.53
squirted,7.08
squirting,7.08
squirts,7.08
squish,5.65
squishier,7.75
squishy,5.68
stab,6.4
stabbed,6.94
stabber,9.28
stabbing,6.94
stabile,11.25
stability,10.89
stabilization,11.5
stabilize,11.26
stabilizer,13.94
stable,8.9
stabled,5.94
stableman,10.21
stables,5.94
stabs,6.94
staccato,10.29
stack,5.63
stacked,7.51
stacking,7.51
stacks,7.51
stadium,7.0
staff,10.0
staffed,8.23
staffer,12.94
staffing,11.42
staffs,8.23
stag,12.35
stage,6.32
stagecoach,9.0
stagecraft,15.38
staged,7.49
stagehand,11.0
stages,7.49
stagey,12.85
stagger,9.56
staggered,10.22
staggers,10.22
stagnant,11.86
stagnate,12.12
stagnation,13.22
stags,8.54
stagy,12.2
staid,11.43
stain,5.24
stainable,9.59
stained,6.3
staining,6.3
stainless,10.72
stains,6.3
stair,3.84
staircase,6.5
stairs,4.22
stairway,4.15
stairwell,8.94
stake,8.47
staked,8.85
stakeout,11.17
stakes,8.85
staking,8.85
stalagmite,11.6
stale,7.61
stalemate,10.67
staler,7.37
stalk,8.22
stalked,8.39
stalker,11.16
stalking,8.39
stalks,8.39
stall,7.75
stalled,7.11
stalling,7.11
stallion,9.42
stalls,7.11
stalwart,14.4
stamen,11.43
stamina,10.94
stammer,9.89
stammered,10.0
stammering,10.0
stammers,10.0
stamp,6.33
stamped,5.07
stampede,9.55
stampeded,8.2
stampedes,8.2
stamping,5.07
stamps,5.07
stance,10.0
stances,11.26
stanch,13.64
stanchion,16.69
stand,4.39
standard,9.2
standardization,12.89
standardize,10.72
standardized,10.42
standards,9.34
standby,10.56
standee,13.67
standing,5.13
standoff,9.58
standoffish,11.82
standout,10.55
standpipe,14.0
standpoint,12.11
stands,5.13
standstill,10.0
standup,7.28
stank,5.54
stanza,11.47
stanzas,12.07
staph,13.5
staphylococcus,14.64
staple,7.18
stapled,7.04
stapler,5.83
staplers,7.04
staples,7.04
star,3.89
starboard,13.72
starch,10.67
starches,9.66
starchy,10.67
stardom,10.06
stardust,9.16
stare,7.61
stared,6.73
stares,6.73
starfish,5.76
stargaze,10.17
stargazer,11.47
staring,6.73
stark,12.01
starless,8.67
starlet,11.17
starlets,11.19
starlight,7.37
starling,13.0
starlings,6.77
starlit,9.59
starred,4.14
starring,4.14
starry,7.89
stars,4.14
starship,9.0
start,4.37
started,6.46
starter,7.35
starting,6.46
startle,9.17
startled,8.69
startles,8.69
startling,10.33
starts,6.46
startup,11.25
starvation,8.53
starve,8.32
starveling,14.25
starves,7.6
starving,6.32
stash,10.0
stasis,13.22
stat,12.58
state,6.39
statecraft,14.83
stated,8.69
statehood,12.29
statehouse,11.87
stateless,13.73
stately,11.68
statement,8.89
statements,9.51
stateroom,11.94
stateside,12.11
statesman,12.94
statesmanlike,14.06
statesmanship,10.56
statewide,9.95
static,9.28
stating,8.69
station,7.11
stationary,7.22
stationed,6.09
stationery,8.42
stationmaster,9.67
stations,6.09
statistic,11.0
statistical,15.11
statistician,12.65
statistics,11.55
statuary,12.06
statue,7.55
statues,8.09
statuesque,14.0
statuette,13.62
stature,11.12
statures,10.23
status,11.63
statuses,10.87
statute,10.39
statutes,10.6
statutory,14.58
staunch,11.44
staunchest,12.78
stave,12.69
stay,4.22
stayed,5.74
staying,5.74
stays,5.74
staysail,15.14
stead,11.28
steadfast,13.89
steadfastness,13.3
steadier,8.62
steadies,8.62
steadiness,8.89
steady,6.7
steadying,10.72
steak,6.63
steakhouse,10.53
steaks,6.64
steal,6.17
stealer,8.24
stealing,6.01
steals,6.01
stealth,10.58
stealthy,10.68
steam,6.26
steamboat,7.67
steamer,9.11
steamers,9.43
steaming,9.72
steamroll,11.12
steamroller,7.67
steams,6.24
steamship,7.06
steamy,8.8
steed,10.88
steeds,10.61
steel,7.68
steeled,8.6
steelhead,11.38
steelmaking,10.1
steels,8.6
steelworker,10.27
steely,12.68
steep,8.0
steeped,6.86
steeper,6.86
steepest,6.86
steeple,7.21
steeplechase,12.54
steeplechaser,13.0
steeplejack,12.7
steeples,7.24
steer,6.0
steerage,13.22
steerageway,13.75
steered,7.15
steering,7.56
steeringwheel,5.41
steers,7.15
steersman,12.79
stegosaurus,8.95
stein,14.32
steins,12.47
stele,13.5
stellar,11.53
stem,7.26
stemmed,6.75
stemming,6.75
stems,6.75
stemware,11.6
stench,9.17
stencil,6.94
steno,13.69
stenographer,13.5
stenographic,14.38
stenography,13.56
stenotype,13.31
stent,11.74
step,4.11
stepbrother,7.72
stepchild,7.89
stepdaughter,8.61
stepdaughters,9.01
stepfather,8.42
stepladder,7.22
stepmother,6.33
stepmothers,8.65
stepparent,8.94
steppe,12.33
stepped,4.71
stepper,8.94
steppes,13.05
stepping,4.71
steppingstone,12.16
steps,3.67
stepsister,8.06
stepsisters,8.65
stepson,7.94
stepstool,7.95
stereo,5.95
stereochemistry,14.67
stereoisomerism,13.67
stereomicroscope,14.82
stereophonic,14.13
stereopticon,14.8
stereoscopic,12.47
stereoscopy,16.5
stereotype,10.56
stereotyped,13.26
stereotypical,12.67
sterile,11.39
sterility,13.72
sterilization,11.72
sterilize,11.68
sterilizer,10.85
sterling,10.7
stern,9.47
sternal,15.6
sterner,8.45
sternest,8.45
sternness,10.42
sternum,12.65
steroid,13.67
steroids,13.18
stethoscope,8.5
stevedore,13.71
stew,6.95
steward,12.17
stewardess,9.35
stewardesses,11.26
stewards,9.7
stewardship,13.74
stewing,7.14
stewpot,9.24
stews,7.14
stick,3.89
stickball,8.6
sticker,4.42
stickiness,7.17
sticking,5.24
stickler,11.95
sticklers,11.8
stickman,6.88
stickpin,10.57
sticks,5.24
stickup,8.71
sticky,4.06
stiff,8.16
stiffed,6.66
stiffen,10.32
stiffened,8.73
stiffener,10.89
stiffening,8.73
stiffens,8.73
stiffer,6.66
stiffest,6.66
stiffing,6.66
stiffness,10.56
stiffs,6.66
stifle,10.26
stigma,15.56
stigmata,12.01
stigmatic,15.13
stigmatism,13.26
stile,10.95
stiletto,12.24
still,5.26
stillborn,13.05
stilled,5.72
stillness,8.1
stills,5.72
stilly,12.67
stilt,10.25
stilts,9.46
stimulant,12.16
stimulate,9.95
stimulating,12.05
stimulation,8.63
stimulator,11.8
stimulatory,13.22
stimulus,14.58
sting,6.21
stinger,7.79
stingiest,8.9
stinginess,8.84
stinging,6.78
stings,5.35
stingy,7.78
stink,4.3
stinkbug,9.06
stinker,4.33
stinkpot,9.94
stinks,5.54
stinkweed,9.93
stinky,4.53
stint,13.06
stints,11.7
stipend,17.2
stipple,14.57
stipulate,11.72
stipulation,13.79
stir,5.58
stirred,5.54
stirrer,8.56
stirring,5.54
stirrup,9.68
stirs,5.54
stitch,7.39
stitched,7.86
stitches,7.86
stitching,8.89
stoat,13.5
stock,9.22
stockade,11.88
stockades,12.22
stockbroker,11.05
stocked,9.73
stocker,11.17
stockholder,12.78
stocking,6.68
stockings,5.44
stockpile,10.89
stockpot,10.53
stockroom,10.42
stocks,9.73
stocktaking,13.2
stocky,10.15
stockyard,11.14
stodgy,13.79
stogie,12.33
stoic,14.0
stoical,15.58
stoicism,14.19
stoics,12.49
stoke,11.92
stoked,10.68
stokehold,15.07
stoking,10.68
stole,6.05
stolen,6.01
stoles,6.28
stolid,16.0
stolidity,16.82
stoma,16.33
stomach,5.26
stomachache,4.47
stomacher,14.33
stomachs,5.33
stomp,5.79
stomper,8.31
stone,4.44
stonecutter,10.44
stonefish,13.25
stonemason,10.35
stonemasonry,14.16
stones,4.31
stonewall,10.22
stoneware,11.71
stonework,12.47
stoning,4.31
stony,8.67
stood,5.13
stooge,8.56
stool,6.21
stoolie,12.67
stools,4.26
stoop,9.76
stooped,8.82
stooping,8.82
stoops,8.82
stop,2.89
stopgap,14.56
stoplight,5.89
stopover,10.5
stoppage,10.95
stopped,4.68
stopper,7.61
stopping,4.68
stops,4.68
stopwatch,8.33
storable,10.42
storage,7.56
storages,8.09
store,4.76
stored,7.22
storefront,8.89
storehouse,8.56
storekeeper,7.6
storekeeping,9.56
storeroom,8.11
stores,7.22
storewide,11.83
storey,3.99
storied,12.25
stories,3.99
storing,7.22
stork,7.65
storks,7.15
storm,4.94
stormed,5.35
storminess,11.0
storming,5.35
storms,5.35
stormy,6.3
story,3.89
storyboard,11.6
storybook,4.94
storyline,10.17
storyteller,6.05
storytelling,5.21
storywriter,6.79
stoup,11.0
stout,10.12
stoutest,11.47
stouthearted,12.0
stoutness,10.12
stouts,11.47
stove,4.32
stovepipe,9.53
stoves,6.03
stow,9.56
stowaway,9.5
stowed,10.82
stows,10.82
strabismus,16.0
straddle,9.11
straddled,9.76
straddles,9.76
straddling,9.76
strafe,14.0
straggle,10.65
straggler,10.56
straight,6.8
straightedge,11.37
straighten,7.63
straighter,5.57
straightest,5.57
straightforward,9.59
straightforwardness,11.39
straightjacket,10.26
straightness,8.61
straights,5.57
strain,8.63
strained,8.39
strainer,9.63
straining,8.39
strains,8.39
strait,11.11
straitjacket,11.11
straitlaced,11.72
strand,8.39
strands,8.35
strange,6.42
strangeness,9.28
stranger,4.53
strangers,6.5
strangest,6.87
strangle,7.74
strangled,8.45
stranglehold,11.0
strangles,8.45
strangling,8.45
strangulation,10.39
strap,5.61
strapless,11.89
strapped,6.22
strapping,9.32
straps,6.22
stratagem,13.24
strategic,11.05
strategist,10.89
strategize,13.0
strategy,8.5
stratification,13.92
stratosphere,12.16
stratospheric,14.94
stratum,14.9
stratus,13.38
straw,4.22
strawberry,4.21
straws,5.88
stray,7.58
strayed,7.47
straying,7.47
strays,7.47
streak,7.79
streaked,9.62
streaker,11.26
streaking,9.62
streaks,9.62
streaky,9.39
stream,6.47
streamed,6.07
streamer,7.11
streaming,6.07
streamlet,13.0
streamline,13.71
streamlined,12.83
streamliner,13.88
streams,6.07
street,4.58
streetcar,9.95
streetlamp,6.63
streetlight,6.06
streets,4.74
streetwalker,12.61
streetwalking,12.35
streetwise,12.5
strength,6.21
strengthen,9.7
strengths,6.56
strenuous,12.18
strep,10.72
streptococcal,14.78
streptokinase,17.78
streptomycin,19.44
stress,10.0
stressed,10.27
stresses,10.27
stressful,9.62
stressing,10.27
stressor,12.22
stretch,5.47
stretched,7.08
stretcher,9.39
stretchers,9.4
stretches,7.08
stretching,7.08
stretchy,6.26
strew,10.0
stria,16.67
striated,14.43
striation,14.36
striatum,15.5
stricken,10.65
strict,7.56
stricter,7.01
strictest,7.01
strictness,8.58
stricture,13.86
stride,9.21
strident,14.33
strider,12.83
strides,8.71
striding,8.71
strife,11.78
strike,7.75
strikebreaker,13.92
strikeout,6.63
striker,9.17
strikes,7.96
string,4.94
stringed,8.88
stringency,14.86
stringent,14.4
stringer,11.38
stringing,5.01
strings,5.74
stringy,7.56
strip,7.65
stripe,4.05
striped,4.65
striper,9.08
stripes,6.24
striping,6.24
stripling,12.89
stripped,7.98
stripper,11.11
stripping,7.98
strips,7.98
striptease,14.84
stripy,10.17
strive,8.95
striven,10.23
strives,10.23
striving,10.23
strobe,10.76
stroboscope,14.58
stroboscopic,15.78
strode,8.71
stroganoff,9.33
stroke,9.24
stroked,10.27
strokes,10.27
stroking,10.27
stroll,7.83
strolled,7.2
stroller,7.84
strollers,5.02
strolling,7.2
strolls,7.2
strong,4.58
strongbox,12.22
stronger,5.24
strongest,5.24
stronghold,9.78
strongman,9.5
strongpoint,12.2
strontium,16.3
strop,12.8
strophic,16.22
stroppy,16.25
strove,10.23
struck,7.96
structural,11.32
structure,9.45
strudel,10.59
strudels,11.59
struggle,9.8
struggled,6.93
struggles,6.93
struggling,6.93
strum,9.17
strumming,9.24
strumpet,13.58
strums,9.24
strung,5.01
strut,9.0
struts,10.07
strutting,10.07
strychnine,15.25
stub,9.47
stubbed,7.5
stubbing,7.5
stubble,9.28
stubbles,8.85
stubbly,12.26
stubborn,7.17
stubbornness,8.42
stubby,9.75
stubs,7.5
stucco,11.67
stuck,5.24
stud,10.78
studded,8.95
studding,8.95
student,5.94
students,9.51
studied,8.31
studies,8.31
studio,9.56
studious,11.28
studiousness,10.65
studs,8.95
study,6.58
studying,8.31
stuff,5.0
stuffed,6.81
stuffer,10.68
stuffiness,7.68
stuffs,6.81
stuffy,6.84
stultification,16.88
stumble,7.94
stumblebum,13.12
stumbled,7.34
stumbles,7.34
stumbling,7.34
stump,7.58
stumped,7.45
stumper,9.81
stumps,7.45
stun,9.56
stung,5.35
stunk,5.54
stunner,11.33
stunning,9.74
stuns,8.65
stunt,8.74
stunted,10.67
stunting,8.75
stuntman,8.29
stunts,8.75
stupefy,12.22
stupendous,9.68
stupid,4.4
stupider,6.21
stupidest,6.21
stupidities,8.37
stupidity,7.1
stupor,13.11
sturdier,8.96
sturdiest,8.96
sturdy,7.5
sturgeon,10.5
stutter,8.78
stuttered,7.78
stutterer,10.06
stuttering,7.78
stutters,7.78
sty,8.65
stygian,15.33
style,7.58
styled,9.01
styles,9.01
styling,8.42
stylish,8.39
stylist,8.6
stylistic,11.58
stylization,12.83
stylize,14.95
stylized,12.11
stylus,12.74
styptic,16.64
styrene,13.88
suave,11.05
suavity,13.4
sub,6.55
subaltern,15.88
subarachnoid,16.25
subatomic,12.94
subbasement,12.36
subchapter,11.5
subcommittee,11.95
subcompact,15.06
subconscious,11.71
subcontinent,12.32
subcontract,14.79
subcontractor,11.81
subculture,14.82
subcutaneous,14.09
subdivide,12.74
subdivision,10.3
subdominant,14.0
subdue,11.17
subdural,16.87
subfloor,12.41
subfreezing,10.53
subhead,12.23
subhuman,12.19
subject,7.3
subjected,8.3
subjecting,8.3
subjection,12.56
subjective,12.26
subjectivity,14.67
subjects,8.3
subjugate,13.75
subjugation,15.86
subjunctive,13.5
sublease,15.0
sublet,15.25
sublets,12.22
subletting,12.22
sublevel,13.94
sublimate,13.0
sublimation,13.8
sublime,13.76
subliminal,11.89
sublimity,15.0
sublingual,15.47
sublunar,14.69
submachine,11.93
submarine,7.94
submariner,11.0
submarines,7.62
submerge,8.68
submergence,15.0
submerse,11.0
submersible,11.5
submersion,11.37
submission,11.33
submissive,12.9
submit,8.58
submits,10.46
submitted,10.46
submitter,10.6
submitting,10.46
subnet,15.33
subnormal,12.33
suborbital,15.41
subordinate,14.72
subordination,12.75
suborn,11.14
subornation,12.88
subpar,11.94
subparagraph,11.0
subplot,10.94
subpoena,14.27
subroutine,14.0
subscribe,9.84
subscribed,10.13
subscriber,9.94
subscribing,10.13
subscription,10.37
subsection,14.05
subsections,12.34
subsequent,13.05
subservience,13.87
subservient,14.07
subset,11.67
subside,10.44
subsidiary,15.11
subsiding,12.44
subsidize,14.0
subsidized,14.84
subsidy,12.44
subsist,12.54
subsistence,13.18
subsoil,11.12
subsonic,14.35
subspace,13.14
subspecialty,14.0
substance,9.68
substances,9.54
substandard,13.84
substantial,10.67
substantiate,14.27
substantiation,13.11
substantive,15.05
substation,12.81
substitute,7.06
substituted,9.19
substitutes,9.19
substituting,9.19
substitution,8.85
substrata,12.9
substrate,16.0
substratum,14.42
substructure,13.89
subsurface,15.3
subsystem,12.88
subterfuge,13.21
subterranean,12.61
subtext,13.5
subtitle,9.84
subtle,11.63
subtleness,11.44
subtler,11.48
subtlest,11.48
subtlety,12.53
subtotal,10.0
subtract,6.53
subtracted,6.37
subtracting,6.37
subtraction,6.28
subtype,13.18
suburb,9.52
suburban,11.56
suburbanite,11.67
suburbanizing,15.67
suburbia,12.06
suburbs,10.32
subversion,14.31
subversive,13.81
subvert,13.21
subway,7.68
subways,7.26
subzero,11.72
succedaneum,16.25
succeed,8.16
succeeded,8.13
succeeding,8.13
succeeds,8.13
success,9.25
successes,8.18
successful,8.56
succession,10.76
successive,11.89
successor,12.24
succinct,14.24
succor,14.5
succotash,10.2
succubus,15.82
succulent,12.32
succumb,13.0
such,6.42
suchlike,13.36
suck,5.58
sucked,4.3
sucker,6.11
suckerfish,11.24
sucking,4.3
suckle,9.61
sucks,4.3
sucrose,14.0
suction,9.42
sudden,6.67
suddenly,7.38
suddenness,9.4
suds,6.79
sudsy,8.33
sue,11.0
sued,9.1
suede,10.5
sues,9.1
suet,11.25
suffer,8.89
sufferance,12.71
suffered,8.7
sufferer,9.26
suffering,7.49
suffers,8.7
suffice,12.26
sufficed,12.53
suffices,12.53
sufficiency,12.26
sufficient,11.0
suffix,9.16
suffocate,10.37
suffocated,8.65
suffocates,8.65
suffocating,8.65
suffocation,9.84
suffragan,18.0
suffrage,14.41
suffragette,13.62
suffragist,15.0
sugar,3.95
sugarcane,7.63
sugarcoat,10.75
sugared,7.0
sugarless,8.79
sugarloaf,10.31
sugarplum,7.94
sugars,4.45
sugary,7.1
suggest,8.67
suggested,8.04
suggestibility,12.95
suggestible,11.16
suggesting,8.04
suggestion,9.89
suggestions,9.13
suggestive,9.95
suggests,8.04
suicidal,11.17
suicide,10.16
suing,9.1
suit,6.67
suitability,10.65
suitable,9.78
suitcase,8.22
suite,9.37
suited,6.73
suites,9.07
suiting,6.73
suitor,11.94
suitors,11.29
suits,6.73
sukiyaki,13.56
sulfa,14.08
sulfanilamide,18.0
sulfate,14.24
sulfide,13.06
sulfite,14.88
sulfonamide,16.0
sulfur,13.6
sulfuric,11.74
sulk,7.84
sulked,6.11
sulking,6.11
sulks,6.11
sulky,9.06
sullen,11.59
sullied,12.53
sullies,12.53
sully,12.73
sulphur,10.59
sulphuric,13.06
sulphurous,13.2
sultan,9.24
sultanate,15.64
sultans,11.15
sultry,12.16
sum,7.1
sumac,11.14
summarization,11.67
summarize,10.74
summary,8.0
summation,13.59
summed,5.67
summer,4.33
summerhouse,10.33
summering,5.2
summers,5.2
summertime,5.22
summery,9.93
summing,5.67
summit,10.11
summits,10.6
summon,11.33
summoned,11.29
summoning,11.29
summons,12.2
summonses,11.29
sumo,9.81
sump,13.92
sumptuous,13.8
sumptuousness,14.07
sums,5.67
sun,3.4
sunbath,9.6
sunbathe,8.47
sunbather,9.05
sunbathes,7.53
sunbathing,7.53
sunbeam,6.43
sunbelt,11.89
sunbird,11.5
sunburn,7.26
sunburst,10.95
sundae,5.11
sundaes,5.87
sunday,5.44
sundeck,9.4
sunder,14.5
sundial,8.68
sundown,6.11
sundowner,15.0
sundress,9.32
sundries,12.6
sundry,13.05
sunfish,9.44
sunflower,6.0
sung,4.37
sunglass,5.28
sunglasses,5.56
sunk,4.58
sunken,8.5
sunlamp,12.06
sunless,7.42
sunlight,5.0
sunlit,8.0
sunnier,4.54
sunniest,4.54
sunning,3.84
sunny,6.17
sunray,7.61
sunrise,5.72
sunroof,11.15
sunroom,9.37
suns,3.84
sunscreen,5.33
sunset,6.06
sunshine,4.58
sunshiny,6.21
sunspot,12.21
sunstroke,9.78
suntan,6.44
suntanned,7.89
sunup,8.07
sup,11.53
super,5.32
superagency,16.08
superb,10.0
supercargo,13.13
supercharged,10.19
supercharger,12.69
supercilious,14.89
supercomputer,12.44
superconducting,14.06
superconductivity,13.83
superconductor,13.79
supercritical,13.41
superego,15.41
superficial,12.83
superfluity,16.14
superfluous,14.35
superglue,7.21
superheat,11.07
superheated,10.15
superhero,5.4
superhighway,11.11
superhuman,7.67
superimpose,12.53
superimposition,13.17
superintendant,9.88
superintendent,8.5
superior,9.84
superiority,10.74
superlative,12.89
supermarket,4.53
supermodel,10.37
supermom,10.33
supernatural,11.11
supernormal,11.62
supernova,10.83
superoxide,14.67
superposition,13.31
superpower,7.53
supers,5.77
supersede,13.47
supersensitive,12.91
supersensory,12.94
supersession,13.54
superset,14.62
supersize,9.16
supersonic,10.12
superstar,10.16
superstition,10.35
superstitious,9.44
superstore,10.5
superstructure,13.12
supertanker,12.12
supervise,11.0
supervision,8.9
supervisor,9.17
supervisory,11.44
superwoman,8.39
supine,16.43
supped,11.7
supper,6.32
suppers,5.15
suppertime,3.58
supping,11.7
supplant,13.47
supple,11.71
supplement,11.45
supplemental,12.63
supplementary,12.06
suppleness,11.12
supplicant,11.93
supplicate,16.11
supplication,12.18
supplied,8.3
supplier,10.05
supplies,8.3
supply,8.73
supplying,8.3
support,8.53
supportable,11.15
supported,8.19
supporter,8.75
supporting,8.19
supportive,9.56
supports,8.19
suppose,8.21
supposed,8.67
supposes,7.82
supposition,12.23
suppositions,12.11
suppository,12.0
suppress,12.94
suppressant,14.5
suppressed,11.59
suppresser,12.33
suppresses,11.59
suppressing,11.59
suppression,11.68
suppressive,13.3
suppressor,12.85
suppurate,16.6
suppuration,16.83
supremacist,13.89
supremacy,13.11
supreme,8.47
sups,11.7
surcease,13.54
surcharge,12.53
surd,12.75
sure,4.85
surefire,11.74
surer,6.02
surest,6.02
surety,12.45
surf,7.4
surface,8.86
surfaced,7.56
surfaces,7.56
surfacing,7.56
surfactant,16.0
surfed,7.37
surfeit,13.22
surfer,7.58
surfing,7.37
surfs,7.37
surge,9.82
surged,10.49
surgeon,8.58
surgeons,9.86
surgery,7.68
surges,10.49
surgical,10.61
surging,10.49
surlier,11.8
surliest,11.8
surliness,14.08
surly,11.47
surmise,12.72
surmount,13.6
surmountable,13.19
surname,12.22
surpass,11.0
surplice,15.3
surplus,11.33
surpluses,12.94
surprise,5.47
surprised,6.63
surprises,6.5
surprising,7.63
surreal,13.72
surrealism,13.94
surrealist,14.0
surrealistic,13.53
surrender,7.61
surrendered,7.71
surrendering,7.71
surrenders,7.71
surreptitious,14.33
surrogacy,14.94
surrogate,14.88
surround,8.05
surrounded,8.12
surroundings,7.28
surrounds,8.12
surtax,15.57
surveillance,11.33
survey,11.26
surveyed,8.37
surveying,8.37
surveyor,11.67
surveyors,11.53
surveys,8.37
survivability,11.7
survivable,10.89
survival,8.47
survivalist,12.53
survive,7.11
survived,9.32
survives,9.32
survivor,7.95
survivorship,13.47
susceptibility,14.47
susceptible,9.94
sushi,11.19
suspect,8.58
suspected,9.34
suspecting,9.34
suspects,9.34
suspend,9.11
suspended,9.34
suspender,7.39
suspending,9.34
suspends,9.34
suspense,9.53
suspenseful,11.11
suspension,10.11
suspensor,12.14
suspicion,10.21
suspicions,9.45
suspicious,7.56
suspiciousness,10.68
sustain,10.39
sustainability,13.45
sustainable,12.74
sustainer,10.94
sustaining,11.26
sustains,11.26
sustenance,13.18
susurration,12.0
suture,14.61
sutured,11.39
sutures,11.39
suturing,11.39
svelte,15.36
swab,8.94
swabbed,9.17
swabbing,9.17
swabs,9.17
swaddle,10.24
swaddling,10.89
swag,12.95
swagger,12.0
swags,11.7
swallow,5.17
swallowed,7.1
swallower,10.25
swallowing,7.1
swallows,7.1
swallowtail,12.55
swam,5.16
swami,11.14
swamp,7.95
swamped,7.98
swampland,8.17
swamps,7.98
swampy,7.84
swan,6.32
swank,9.73
swanky,11.78
swans,5.48
swap,7.53
swapped,7.7
swapping,7.7
swaps,7.7
sward,11.29
swarm,8.68
swarmed,8.8
swarming,8.8
swarms,8.8
swart,15.0
swarthy,12.69
swash,11.57
swashbuckler,11.18
swashbuckling,11.88
swashes,12.1
swastika,10.53
swat,7.25
swatch,10.74
swath,13.38
swathe,12.06
swathed,13.24
swats,7.36
swatted,7.36
swatter,11.43
swatting,7.36
sway,9.58
swayback,13.58
swayed,8.73
swaying,8.73
sways,8.73
swear,7.21
swears,7.39
sweat,7.26
sweatband,9.8
sweatbox,11.94
sweated,7.31
sweater,5.22
sweaters,5.25
sweathouse,12.28
sweating,7.31
sweatpants,6.53
sweats,7.31
sweatshirt,5.0
sweatshop,11.33
sweaty,5.94
sweep,4.2
sweepback,11.64
sweeper,8.22
sweepers,6.21
sweeps,5.37
sweepstake,10.67
sweet,4.53
sweetcorn,7.32
sweeten,7.78
sweetened,6.34
sweetener,9.65
sweetening,6.34
sweetens,6.34
sweeter,3.73
sweetest,3.73
sweetheart,6.26
sweetie,6.55
sweetness,6.89
sweets,3.73
sweetshop,7.82
swell,7.42
swelled,7.26
swellfish,10.33
swellhead,12.31
swells,7.26
swelter,11.74
swept,5.37
swerve,8.69
swerved,9.02
swerves,9.02
swerving,9.02
swift,7.79
swifter,7.86
swiftest,7.86
swiftness,9.5
swifts,7.86
swig,9.89
swigging,10.42
swigs,10.42
swill,14.0
swim,4.17
swimmer,5.11
swimming,4.58
swimmingpool,4.2
swimmy,8.15
swims,5.16
swimsuit,5.61
swimwear,5.16
swindle,11.06
swindled,11.89
swindler,11.67
swindles,11.89
swindling,11.89
swine,10.7
swing,4.16
swinger,13.74
swinging,4.6
swingman,12.0
swings,4.6
swingy,8.5
swinish,11.11
swipe,9.63
swiped,8.73
swipes,8.73
swiping,8.73
swirl,6.67
swirled,7.01
swirling,7.01
swirls,7.01
swish,9.89
swishes,6.87
swishing,6.87
swishy,9.11
switch,4.78
switchback,12.38
switchblade,10.32
switchboard,8.56
switched,7.14
switcheroo,8.41
switches,7.14
switching,7.14
switchover,10.63
swivel,9.53
swizzle,10.42
swoon,12.17
swooned,10.82
swooning,10.82
swoons,10.82
swoony,12.82
swoop,6.11
swooped,7.37
swooping,7.37
swoops,7.37
swoosh,7.17
swop,7.7
sword,5.45
swordfish,9.33
swordplay,10.0
swords,6.88
swordsman,9.78
swordsmanship,11.17
swordswoman,9.62
swore,7.39
sworn,7.39
swum,5.16
swung,4.6
sybarite,18.0
sycamore,11.12
sycamores,7.62
sycophant,15.89
sycophantic,17.17
syllabication,13.79
syllable,8.1
syllables,9.81
syllabus,13.74
syllogism,15.0
sylvan,13.0
sym,14.29
symbiosis,14.67
symbiotic,14.41
symbol,7.26
symbolic,10.37
symbolism,10.74
symbolize,9.76
symbols,8.22
symmetric,10.0
symmetrical,10.83
symmetry,11.39
sympathetic,9.39
sympathies,9.19
sympathize,9.42
sympathizer,13.11
sympathy,8.79
symphonic,13.47
symphony,8.33
symposium,14.82
symptom,8.68
symptomatic,11.26
symptoms,9.03
synagogue,11.73
synapse,14.88
synaptic,16.8
sync,13.22
synced,11.7
synch,11.7
synched,11.7
synchromesh,14.14
synchronicity,14.47
synchronistic,14.62
synchronization,12.74
synchronize,11.53
synchronizer,13.83
synchronous,16.19
synchs,11.7
syncopate,13.0
syncopation,12.0
syncope,15.8
syncs,11.7
syndicate,15.42
syndication,14.65
syndrome,11.72
syndromes,10.6
synecdoche,15.09
synergistic,16.06
synergy,14.76
synod,14.3
synonym,8.32
synonymous,11.53
synopsis,12.67
synoptic,14.46
synovial,16.0
syntax,14.74
synthesis,11.79
synthesize,13.32
synthesizer,10.89
synthetic,10.68
syphilis,14.67
syphilitic,17.29
syringe,10.63
syringes,9.58
syrup,5.42
syrups,6.01
syrupy,7.0
system,9.9
systematic,12.11
systemic,14.26
systemize,13.67
systems,9.13
systolic,17.23
tab,9.33
tabernacle,10.5
table,4.39
tableau,12.75
tablecloth,6.26
tables,3.89
tablespoon,6.63
tablespoonful,7.58
tablespoons,5.3
tablet,6.83
tabletop,4.79
tablets,6.73
tableware,7.56
tabling,3.89
tabloid,10.95
tabloids,11.39
taboo,12.26
taboos,12.45
tabs,8.33
tabula,13.92
tabulate,13.33
tabulation,14.5
tabulator,14.92
tachometer,14.36
tachycardia,16.18
tachyon,17.89
tacit,12.44
taciturn,14.85
tack,6.63
tacked,7.28
tackiness,9.68
tackle,9.3
tackled,6.75
tackler,11.58
tackles,6.75
tackling,6.75
tacks,7.28
tacky,9.26
taco,7.72
taconite,11.29
tacos,4.91
tact,10.42
tactful,10.16
tactic,11.0
tactical,11.75
tactician,14.85
tactics,9.4
tactile,15.6
tactless,12.28
tad,9.32
tadpole,6.37
taffeta,14.38
taffies,6.26
taffrail,18.0
taffy,7.44
tag,5.0
tagalong,9.06
tagged,4.93
tagger,10.12
tagging,4.93
tags,4.93
tai,13.78
tail,3.7
tailback,12.42
tailbone,9.19
tailcoat,12.33
tailed,4.39
tailgate,11.28
tailgater,12.85
tailing,4.39
tailless,7.94
taillight,9.33
tailor,9.83
tailored,7.56
tailoring,7.56
tailors,7.56
tailpipe,8.95
tails,4.39
tailspin,9.05
tailwind,13.71
taint,9.84
tainting,11.41
taints,11.41
taka,17.4
take,4.37
takeaway,9.06
takedown,11.5
taken,5.19
takeoff,7.35
takeout,8.27
takeover,10.16
taker,7.9
takes,5.19
taking,5.19
talc,10.25
talcum,10.0
tale,6.32
talebearer,11.4
talent,7.0
talented,8.25
talentless,9.68
talents,8.34
tales,5.02
talisman,12.67
talk,3.68
talkative,8.0
talkativeness,8.47
talked,4.3
talker,5.74
talkie,10.07
talking,4.3
talks,4.3
talky,9.79
tall,4.95
tallboy,12.43
taller,5.02
tallest,5.02
tallied,10.54
tallies,10.54
tallish,9.06
tallness,7.28
tallow,10.56
tally,10.16
talon,10.53
talons,10.51
talus,16.08
tamale,10.56
tamarind,14.86
tamarisk,15.14
tambourine,6.53
tame,7.58
tamed,8.65
tamer,11.06
tames,8.65
tamest,8.65
taming,8.65
tamp,15.62
tamper,11.26
tamperproof,13.69
tampon,12.11
tampons,11.7
tan,7.05
tanager,13.7
tanbark,12.29
tandem,11.65
tang,9.11
tangelo,14.38
tangent,12.16
tangential,13.73
tangerine,8.15
tangerines,7.35
tangibility,13.1
tangible,11.61
tanginess,10.42
tangle,6.32
tangled,7.19
tangles,7.19
tangling,7.19
tango,10.67
tangos,10.17
tangy,8.65
tank,7.17
tankard,12.92
tanked,6.01
tanker,9.05
tanking,6.01
tanks,6.01
tannery,13.4
tannic,14.75
tans,7.82
tansy,12.43
tantalize,12.89
tantalizer,13.56
tantalum,16.5
tantamount,15.21
tantric,16.21
tantrum,6.65
tantrums,6.54
tap,5.84
tape,4.42
taped,8.09
tapeline,11.44
tapemeasure,8.34
taper,10.7
taperecorder,8.5
tapered,11.39
tapering,11.39
tapers,11.39
tapes,8.09
tapestry,10.95
tapeworm,11.11
taping,8.09
tapioca,9.16
tapir,11.23
tapped,6.41
tapper,7.82
tapping,6.41
taproom,15.33
taps,8.9
tapster,16.38
tar,7.22
tarantella,10.58
tarantula,7.76
tardiness,8.72
tardy,7.32
target,7.58
targeted,7.19
targeting,7.19
targets,7.19
tariff,13.95
tariffs,12.79
tarlatan,17.62
tarmac,13.35
tarn,13.2
tarnish,11.39
taro,14.2
tarot,11.94
tarp,8.58
tarpaulin,10.22
tarpon,14.11
tarragon,13.82
tarred,7.93
tarring,7.93
tarry,11.33
tars,7.93
tart,8.26
tartan,12.31
tartar,9.94
tartaric,15.0
tartars,10.6
tarts,8.4
task,7.89
tasked,7.83
taskmaster,11.35
tasks,7.83
tassel,9.35
tassels,11.49
taste,4.26
tasted,5.24
tasteful,9.06
tasteless,9.53
tastelessness,10.79
taster,7.28
tastes,5.24
tasty,5.4
tat,11.67
tattered,10.42
tatters,10.47
tattle,6.26
tattler,5.4
tattletale,5.72
tattoo,7.79
tattooed,8.53
tattooing,8.53
tattooist,11.24
tattoos,8.53
tatty,12.42
tau,15.83
taught,5.62
taunt,8.06
taunted,8.96
taunting,8.96
taunts,8.96
taupe,12.83
taut,11.47
tautness,11.8
tautology,15.83
tavern,8.84
taverns,11.29
taw,14.75
tawdry,13.93
tawny,11.94
tax,8.94
taxable,11.3
taxation,11.42
taxed,10.46
taxes,10.46
taxi,7.58
taxicab,7.89
taxidermist,11.71
taxidermy,12.21
taxied,8.19
taxing,10.46
taxis,8.19
taxman,12.71
taxonomic,14.79
taxpayer,10.35
taxpaying,10.33
tea,5.47
teabag,6.67
teach,4.67
teachable,8.95
teacher,4.55
teachers,5.09
teaches,5.62
teaching,5.25
teachings,6.11
teacup,5.39
teahouse,10.44
teak,15.0
teakettle,7.37
teakwood,13.0
teal,9.42
teals,8.61
team,6.0
teamed,6.01
teaming,6.01
teammate,6.17
teams,6.01
teamster,12.56
teamwork,7.8
teapot,6.22
tear,4.89
teardown,10.38
teardrop,6.06
tearful,8.2
teargas,11.37
tearing,5.64
tearjerker,11.06
tearoom,10.63
tears,5.64
teary,6.17
teas,5.46
tease,5.11
teased,6.26
teasel,13.5
teaser,8.95
teases,6.26
teashop,9.7
teasing,6.26
teaspoon,5.26
teaspoonful,7.45
teat,11.94
teatime,6.74
tech,12.9
techie,16.15
technetium,17.0
technical,10.5
technicalities,11.9
technicality,13.32
technician,8.82
technique,11.9
techniques,10.04
techno,13.94
technocracy,17.44
technocrat,15.54
technological,11.37
technology,9.06
technophobe,17.08
tectonic,11.46
tedious,11.78
tediousness,11.74
tedium,13.59
tee,8.21
teeing,7.49
teem,13.33
teeming,10.39
teems,11.63
teen,7.95
teenage,6.94
teenaged,8.11
teenager,7.22
teens,7.84
teensy,7.12
teeny,5.42
teenybopper,10.68
teepee,5.89
tees,7.49
teeter,7.25
teeth,4.31
teethe,7.81
teething,8.39
teetotal,14.86
teetotaler,13.57
telecast,12.5
telecommunication,14.44
telecommuter,17.32
teleconference,15.47
telegram,10.78
telegraph,9.5
telegraphed,8.66
telegrapher,10.84
telegraphic,11.56
telegraphing,8.66
telegraphs,8.66
telegraphy,11.94
telekinesis,14.41
telekinetic,11.47
telemarketer,12.2
telemarketing,14.24
telemetric,14.11
telemetry,14.67
telepath,11.33
telepathic,11.89
telepathy,11.39
telephone,4.63
telephoned,7.6
telephones,7.6
telephonic,12.12
telephoning,7.6
telephonist,11.93
telephoto,12.79
teleport,8.84
teleportation,10.06
teleprompter,13.5
telescope,6.95
telescopic,11.32
telethon,11.67
teletype,13.92
televangelism,14.43
televangelist,11.67
televise,10.29
televised,7.95
television,4.11
televisions,8.88
telex,13.8
tell,4.26
teller,9.9
telling,4.86
tells,4.86
telltale,11.63
tellurium,15.86
tem,11.0
temblor,16.0
temerity,14.1
temp,11.06
temper,6.22
tempera,13.64
temperament,10.89
temperamental,9.76
temperance,13.74
temperate,11.72
temperature,6.17
temperatures,7.31
tempered,6.71
tempering,6.71
tempers,6.71
tempest,12.53
tempests,12.32
tempestuous,15.33
templar,15.14
template,11.44
temple,8.79
temples,8.7
tempo,9.67
temporal,15.84
temporarily,8.08
temporary,8.84
tempore,14.18
temporize,13.07
tempos,10.32
tempt,8.6
temptation,8.35
temptations,9.0
tempted,9.09
tempter,11.89
tempting,9.5
temptress,12.2
tempts,9.09
tempura,14.5
tempus,17.22
ten,3.58
tenability,16.73
tenable,14.73
tenacious,14.06
tenacity,13.67
tenancy,14.41
tenant,10.33
tenantless,13.11
tenants,9.56
tend,9.79
tended,9.36
tendencies,10.34
tendency,12.57
tendentious,14.43
tender,7.11
tendered,8.53
tenderfoot,10.88
tenderhearted,9.0
tendering,8.53
tenderize,9.61
tenderizer,11.32
tenderloin,9.0
tenderness,8.79
tenders,8.53
tending,9.36
tendinitis,13.19
tendon,9.58
tendonitis,15.03
tendons,10.6
tendril,13.5
tends,9.36
tenement,12.69
tenet,13.94
tenets,12.61
tennis,7.53
tennisracket,7.27
tenon,15.5
tenor,12.56
tenors,11.19
tens,4.83
tense,9.35
tensed,9.34
tenseness,11.05
tenser,9.34
tenses,9.34
tensest,9.34
tensile,14.23
tensing,9.34
tension,9.72
tensions,9.22
tensor,12.6
tent,5.16
tentacle,8.65
tentative,12.0
tenterhooks,13.9
tenth,5.41
tenths,6.07
tenting,5.77
tentmaker,8.47
tents,5.77
tenuous,13.33
tenure,15.79
tepee,5.65
tepees,8.7
tepid,13.44
tequila,13.67
terabyte,15.42
terahertz,16.0
terbium,15.67
tercentenary,13.8
tergiversation,14.0
teriyaki,11.17
term,8.28
termagant,17.25
termed,7.86
terminal,9.33
terminate,11.21
termination,11.5
terminator,11.18
terminology,11.11
terminus,15.04
termite,7.94
termites,9.4
terms,7.86
tern,14.5
terpsichorean,15.62
terrace,9.89
terraces,11.19
terracotta,14.19
terrain,10.95
terrarium,12.38
terrazzo,12.25
terrestrial,12.21
terrible,5.56
terrier,8.68
terrific,6.05
terrified,8.5
terrify,8.05
terrifying,8.33
terrine,13.29
territorial,10.11
territorialism,12.71
territoriality,14.06
territories,9.6
territory,8.94
terror,8.79
terrorism,12.83
terrorist,12.76
terroristic,15.47
terrorize,9.72
terrors,7.62
terrycloth,12.07
terse,11.0
terseness,14.18
tertiary,14.38
test,6.26
testament,9.14
testator,14.67
tested,6.25
tester,8.84
testicle,11.6
testicular,13.2
testify,10.0
testimonial,12.4
testimony,10.32
testiness,12.78
testing,6.25
testosterone,12.18
tests,6.25
testy,9.33
tetanus,11.0
tetchy,16.33
tether,10.67
tetherball,9.39
tetracycline,14.73
tetrameter,14.1
tetrazzini,14.42
text,7.78
textbook,7.58
texted,9.6
textile,9.75
texting,9.6
texts,9.6
textural,13.88
texture,9.35
textured,10.42
textures,9.49
thalamus,16.79
thalidomide,18.67
thallium,14.92
than,5.45
thane,12.5
thanes,12.55
thank,3.79
thanked,5.41
thankful,5.5
thankfulness,8.0
thanking,5.41
thankless,10.82
thanks,3.53
thanksgiving,4.74
that,5.53
thatch,10.72
thatched,11.29
thatching,8.69
thaw,8.11
thawed,7.6
thawing,7.6
thaws,7.6
the,3.98
theater,6.94
theatergoer,12.65
theatric,10.61
theatrical,9.44
theatricality,12.71
theatrics,10.85
theft,8.11
thefts,7.71
their,5.26
theirs,5.48
theistic,13.13
them,4.9
thematic,13.76
theme,8.5
themes,9.5
themselves,5.94
then,6.74
thence,11.28
theocracy,13.05
theologian,14.52
theologians,13.06
theological,12.76
theology,12.72
theorem,12.47
theoretic,13.05
theoretical,13.44
theories,10.94
theorist,11.84
theorize,13.5
theory,9.37
theosophical,16.0
theosophist,16.0
therapeutic,12.39
therapist,10.89
therapists,12.5
therapy,12.0
there,5.25
thereabout,9.94
thereat,13.0
therefore,9.94
thereunto,12.79
thermal,11.05
thermals,9.58
thermionic,17.5
thermocouple,15.0
thermodynamic,13.62
thermodynamics,14.95
thermograph,15.71
thermometer,6.63
thermometers,7.77
thermonuclear,14.71
thermoplastic,15.57
thermos,8.29
thermosetting,13.62
thermostat,8.89
thermostatic,13.27
thesaurus,9.26
these,6.42
theses,12.01
thesis,12.83
thespian,13.44
theta,15.27
thew,17.5
they,4.88
thiamine,13.85
thick,5.61
thicken,8.62
thickener,9.21
thicker,5.88
thickest,5.88
thicket,7.89
thickets,9.28
thickheaded,10.56
thickness,6.42
thief,7.22
thieve,9.29
thievery,9.94
thieves,6.5
thieving,9.28
thigh,6.42
thighbone,9.0
thighs,7.24
thimble,8.05
thimbleful,9.62
thin,6.47
thing,4.58
thingamabob,5.72
thingamajig,7.24
things,4.74
thingy,5.76
think,4.75
thinker,7.61
thinkers,8.13
thinking,5.61
thinks,5.61
thinned,5.22
thinner,5.22
thinness,7.78
thinnest,5.22
thinning,5.22
thins,5.22
third,4.58
thirds,4.71
thirst,6.06
thirsted,4.39
thirstier,4.18
thirsting,4.39
thirsts,4.39
thirsty,3.89
thirties,5.82
thirty,5.94
thirtyish,9.83
this,4.93
thistle,10.59
thistledown,14.89
thistles,6.71
thong,12.41
thongs,10.87
thoracic,15.33
thorax,11.31
thorium,16.57
thorn,5.97
thorns,6.86
thorny,7.56
thorough,8.89
thoroughbred,11.26
thoroughfare,13.37
thoroughly,10.15
thoroughness,10.11
thorp,15.5
those,5.01
though,7.32
thought,5.89
thoughtful,9.0
thoughtfulness,9.32
thoughtless,9.56
thoughtlessness,9.95
thoughts,6.81
thousand,6.6
thousandfold,12.21
thousands,7.04
thrall,13.12
thrash,8.72
thrashed,9.75
thrasher,10.82
thrashes,9.75
thrashing,9.75
thread,7.06
threadbare,11.77
threaded,5.47
threading,5.47
threadlike,11.5
threads,5.47
threat,7.14
threaten,8.95
threatened,7.8
threatening,7.8
threatens,7.8
threats,7.86
three,3.69
threepence,11.38
threes,3.8
threescore,13.19
threesome,12.58
thresh,14.0
thresher,12.54
threshing,12.15
threshold,11.9
thresholds,11.9
threw,5.41
thrice,12.29
thrift,10.47
thriftiness,11.9
thrifts,9.74
thrifty,10.7
thrill,8.37
thrilled,7.62
thriller,8.25
thrilling,8.47
thrills,7.62
thrive,9.35
thrived,9.5
thrives,9.5
thriving,9.95
thro,13.22
throat,5.09
throats,6.22
throaty,9.74
throb,10.05
throbbing,9.42
throbs,9.1
throes,14.0
thrombocytopenia,20.17
thrombocytopenic,17.75
thrombosis,18.29
thrombus,15.23
throne,7.28
thrones,6.24
throng,12.93
throngs,11.63
throttle,10.61
throttled,9.94
throttles,9.94
through,5.82
throughput,15.85
throve,12.75
throw,4.14
throwaway,6.38
throwback,13.65
thrower,8.65
throwing,5.41
thrown,5.41
throws,5.41
thru,6.53
thrum,13.25
thrush,15.75
thrust,9.72
thruster,10.88
thrusting,11.5
thrusts,9.83
thud,8.06
thudding,8.05
thuds,8.05
thug,10.56
thuggish,12.95
thugs,10.32
thumb,4.42
thumbed,3.88
thumbhole,8.86
thumbing,3.88
thumbnail,8.56
thumbprint,6.79
thumbs,3.88
thumbscrew,12.12
thumbtack,7.17
thump,7.63
thumped,6.41
thumper,7.17
thumping,6.41
thumps,6.41
thunder,4.89
thunderbolt,6.65
thunderclap,9.44
thundercloud,7.11
thundered,5.79
thunderhead,11.6
thunderous,10.0
thunders,5.79
thundershower,8.28
thunderstorm,7.0
thunderstruck,12.17
thus,9.2
thwack,12.25
thwart,12.61
thwarted,12.82
thwarting,12.82
thyme,12.42
thymine,15.0
thymus,15.4
thyroid,13.83
tiara,6.77
tibia,12.12
tic,8.06
tick,6.05
ticked,7.01
ticker,9.94
ticket,5.32
ticketed,5.98
tickets,5.98
tickle,4.35
tickled,4.75
tickler,6.61
tickles,4.75
tickling,4.75
ticklish,4.67
tickly,4.53
ticks,7.01
tics,7.66
tidal,11.75
tidbit,9.16
tiddlywinks,9.59
tide,6.68
tides,6.67
tidewater,10.94
tidied,5.94
tidier,5.94
tidiest,5.94
tidiness,10.0
tidings,9.74
tidy,8.53
tidying,5.94
tie,4.74
tiebreaker,8.47
tied,5.82
tiepin,12.87
tier,12.22
tierce,14.62
tiered,11.28
tiers,10.87
ties,5.82
tiffin,17.5
tiger,4.0
tigerish,11.62
tigers,6.08
tight,5.25
tighten,6.95
tighter,6.05
tightest,6.05
tightfisted,12.53
tightlipped,12.47
tightness,8.11
tightrope,7.67
tights,7.22
tightwad,10.21
tigress,9.05
tike,10.2
tikes,10.2
tile,6.8
tiles,9.05
tiling,10.63
till,6.9
tilled,6.47
tiller,11.28
tills,6.47
tilt,8.83
tilted,8.98
tilter,10.27
tilting,8.98
tilts,8.98
timber,6.47
timbers,8.03
timbre,10.08
timbrel,16.0
time,5.16
timecard,13.52
timed,5.27
timekeeper,10.21
timekeeping,10.44
timeless,9.83
timelessness,10.84
timely,10.67
timeout,5.5
timepiece,9.33
timer,6.28
times,6.7
timesaver,9.86
timeshare,14.33
timestamp,13.79
timetable,10.58
timid,9.85
timidity,10.83
timing,8.84
timpani,10.64
timpanist,13.39
tin,6.79
tincture,15.08
tinder,11.64
tinderbox,12.2
tine,9.6
tinfoil,7.84
ting,10.0
tinge,10.28
tingle,9.0
tingled,6.2
tingles,6.2
tingling,6.2
tings,9.71
tinhorn,11.5
tinier,4.9
tiniest,4.9
tinker,7.61
tinkered,8.19
tinkerer,10.87
tinkering,8.19
tinkers,8.19
tinkle,5.67
tinkles,5.43
tinkling,8.47
tinned,12.5
tinnitus,14.86
tinny,10.29
tinplate,10.88
tins,5.82
tinsel,6.61
tinsmith,11.43
tint,10.0
tinted,9.03
tinting,9.6
tintinnabulation,15.0
tints,9.03
tintype,17.3
tiny,5.33
tip,5.42
tipoff,11.0
tipped,6.62
tipper,10.17
tippet,11.83
tipping,6.62
tipple,14.33
tippler,10.8
tips,6.62
tipsiness,14.5
tipster,13.79
tipsy,12.67
tiptoe,5.65
tiptop,8.05
tirade,12.58
tire,6.16
tired,4.62
tiredness,7.22
tireless,11.05
tirelessness,10.12
tires,8.51
tiresome,8.42
tiring,7.55
tissue,4.76
tissues,5.39
tit,10.32
titan,11.22
titanium,13.58
titans,13.64
tithe,11.5
tithing,11.89
titillate,14.31
titillation,14.36
title,6.32
titled,7.5
titles,7.5
titmouse,13.29
titrate,14.67
tits,10.46
titter,12.75
tittle,12.2
titular,14.33
tizzy,11.63
to,3.95
toad,6.11
toads,6.73
toadstool,9.12
toady,10.38
toast,4.67
toasted,6.66
toaster,6.72
toasting,6.66
toasts,6.66
toasty,7.94
tobacco,7.39
tobacconist,14.62
tobaccos,7.34
toboggan,10.12
tobogganing,7.26
toboggans,7.26
toccata,15.73
tock,6.5
tocsin,14.83
today,4.77
toddle,11.53
toddler,6.11
toddlers,5.62
toddles,7.15
toddling,7.15
toddy,15.33
toe,3.0
toed,8.38
toehold,11.92
toeless,8.56
toenail,5.1
toes,4.09
toffee,6.22
tofu,11.89
tog,12.88
toga,11.12
togas,11.49
together,5.94
togetherness,7.17
toggle,12.56
toil,11.39
toile,12.5
toiled,10.57
toiler,16.07
toilet,3.54
toiletpaper,5.09
toiletry,10.16
toilets,3.52
toilette,8.88
toiling,10.57
toils,10.57
toilsome,14.33
tokay,13.5
toke,13.3
token,7.58
tokens,8.92
told,4.86
tolerable,10.0
tolerance,8.63
tolerances,10.11
tolerant,10.78
tolerate,10.45
tolerated,10.2
tolerates,10.2
tolerating,10.2
toll,8.37
tollbooth,9.16
tolled,9.71
tollgate,10.56
tollhouse,12.47
tolling,9.71
tolls,9.71
toluene,15.5
tomahawk,8.29
tomato,4.61
tomb,11.05
tomboy,6.35
tombs,8.18
tombstone,7.95
tomcat,8.24
tome,13.2
tomfool,10.12
tomfoolery,11.29
tommyrot,13.36
tomography,14.11
tomorrow,5.19
tomorrows,4.87
tomtit,12.5
ton,7.42
tonal,12.92
tonality,13.47
tone,7.67
toned,8.41
toneless,11.94
toner,14.16
toners,10.32
tones,8.41
tong,9.62
tongs,7.78
tongue,4.47
tongues,4.18
tonic,12.63
tonics,11.49
tonight,4.73
tonnage,12.07
tons,7.71
tonsil,9.5
tonsillectomy,11.79
tonsillitis,9.56
tonsorial,14.8
tonsure,13.0
tontine,14.71
too,5.1
took,5.19
tool,5.37
toolbox,6.67
tooling,6.09
toolkit,7.83
tools,6.09
toot,5.53
tooter,11.08
tooth,3.61
toothache,6.53
toothbrush,4.33
toothless,6.47
toothpaste,3.33
toothpick,6.83
toothsome,9.14
toothy,9.06
tooting,5.99
toots,5.67
top,3.89
topaz,11.19
topcoat,9.87
toper,11.64
topflight,11.33
topgallant,11.67
topiary,14.38
topic,7.84
topical,11.95
topics,9.54
topknot,13.0
topless,10.11
topmost,9.94
topnotch,9.71
topographic,13.06
topographical,14.11
topography,13.41
topped,4.47
topple,7.37
toppled,10.04
topples,10.04
toppling,10.04
tops,4.47
topsail,10.86
topside,9.63
topsoil,9.61
topspin,11.2
toque,13.0
tor,16.5
torch,7.84
torchbearer,10.53
torched,5.48
torches,5.48
torching,5.48
torchlight,8.53
torchy,12.33
tore,5.64
torment,8.61
tormented,9.34
tormenting,9.34
tormentor,10.44
torments,9.34
torn,5.64
tornado,6.21
torpedo,8.35
torpid,12.77
torpidity,12.67
torpor,16.25
torque,13.29
torrent,13.35
torrential,14.0
torrid,12.94
torsion,14.6
torso,9.33
torsos,9.58
tort,16.54
torte,13.65
tortellini,12.32
tortilla,8.28
tortoise,5.88
tortoises,6.08
tortoiseshell,10.18
torts,11.78
tortuous,12.61
torture,10.7
tortured,8.13
torturer,10.83
tortures,8.13
torturing,8.13
torturous,12.11
torus,14.27
toss,4.11
tossed,8.26
tosses,8.26
tossing,8.26
tosspot,11.83
tossup,11.32
tostada,12.81
tot,7.0
total,6.83
totaled,6.82
totaling,6.82
totalitarian,14.18
totalitarianism,15.12
totality,12.0
totals,6.82
tote,10.74
toted,9.83
totem,8.19
totemic,12.44
totempole,8.67
totems,9.94
totes,9.83
toting,9.83
tots,7.15
totter,7.07
toucan,8.69
touch,5.16
touchdown,7.89
touched,5.5
touches,5.5
touchhole,14.8
touching,5.5
touchline,11.21
touchstone,14.5
touchup,9.15
touchy,9.95
tough,5.47
toughen,8.42
toughened,9.77
toughens,9.77
tougher,7.3
toughest,7.3
toughie,9.11
toughness,8.67
toughs,7.3
toupee,9.63
toupees,11.29
tour,7.17
toured,7.86
touring,7.86
tourism,9.53
tourist,8.76
tourists,8.47
touristy,11.59
tournament,7.83
tournedos,15.18
tourney,11.25
tourniquet,12.72
tours,7.86
tout,12.53
tow,8.63
toward,6.28
towards,6.28
towed,8.54
towel,3.22
towels,4.75
tower,6.33
towered,7.09
towering,9.67
towers,7.09
towhead,12.0
towheaded,11.33
towing,8.54
towline,11.6
town,5.11
townhouse,12.61
townie,11.67
towns,5.72
townsfolk,9.11
township,11.5
townsman,9.32
townspeople,7.94
townswoman,9.79
towpath,15.11
toxemia,16.71
toxic,9.06
toxicity,13.74
toxicological,15.53
toxicologist,14.82
toxicology,14.58
toxics,9.49
toxin,9.33
toxins,12.94
toy,3.0
toyed,3.52
toying,3.52
toymaker,5.94
toys,3.52
trace,6.84
traceable,10.26
traced,7.6
tracer,10.12
tracery,11.62
traces,7.6
trachea,12.05
tracheal,15.04
tracheotomy,14.62
trachoma,18.0
tracing,7.6
track,6.94
tracked,7.66
tracker,9.61
trackless,11.06
tracks,7.66
trackside,11.24
tracksuit,10.5
tract,13.67
tractable,11.88
traction,11.05
tractor,5.5
tractors,4.96
tracts,10.97
trade,6.42
tradecraft,12.56
traded,6.67
trademark,10.37
tradeoff,9.95
trader,8.79
trades,6.67
tradesman,11.44
trading,6.42
tradition,8.05
traditional,10.0
traditionalism,12.63
traditionalist,12.5
traditions,9.6
traffic,6.22
trafficker,13.5
trafficking,14.61
traffics,5.92
tragedian,15.56
tragedy,10.21
tragic,8.37
tragicomedy,14.39
trail,5.61
trailblazer,10.68
trailbreaker,10.67
trailed,7.71
trailer,6.37
trailers,8.11
trailing,7.71
trails,7.71
train,4.0
traindriver,8.34
trained,8.19
trainee,11.79
trainer,10.0
trainers,6.94
training,8.5
trainload,9.11
trainman,6.92
trains,8.19
traipse,12.43
trait,10.65
traitor,9.44
traitorous,10.94
traitors,9.77
traits,9.09
trajectory,11.94
tram,10.53
tramline,14.71
tramp,8.42
tramped,9.53
tramping,9.53
trample,9.21
trampled,7.98
tramples,7.98
trampling,7.98
trampoline,6.79
tramps,9.53
trams,10.87
tramway,12.06
trance,9.95
trancelike,13.05
trances,9.51
tranquil,13.42
tranquilize,11.68
tranquilized,11.32
tranquilizer,11.58
tranquilizers,11.74
transact,11.75
transaction,11.2
transactional,15.25
transatlantic,11.59
transaxle,14.07
transceiver,13.5
transcend,13.95
transcendence,14.79
transcendent,13.33
transcendental,13.65
transcendentalism,13.93
transcendentalist,16.85
transcontinental,12.0
transcribe,13.21
transcriber,12.41
transcript,13.53
transcription,12.47
transducer,14.13
transect,11.67
transept,15.36
transfer,10.33
transferable,10.06
transference,14.29
transferral,12.61
transferred,9.66
transferring,9.66
transfers,9.66
transfiguration,13.07
transform,8.17
transformation,11.21
transformational,14.06
transformative,14.5
transformed,10.06
transformer,10.11
transformers,11.6
transforming,10.06
transforms,10.06
transfuse,12.72
transfusion,12.0
transgender,14.68
transgendered,16.5
transgenic,14.0
transgress,15.33
transgression,12.17
transgressor,12.61
transience,14.47
transient,14.3
transistor,12.67
transit,11.2
transited,10.62
transiting,10.62
transition,10.39
transitional,12.21
transitive,12.0
transitory,14.87
transits,10.62
translatable,11.2
translate,10.0
translated,10.13
translates,10.13
translating,10.13
translation,9.74
translations,10.92
translator,9.06
translucence,14.18
translucent,11.95
transmigration,13.93
transmission,11.9
transmit,9.78
transmits,10.6
transmittable,12.47
transmitted,10.6
transmitter,11.89
transmitting,10.6
transmogrification,15.71
transmutation,15.81
transmute,14.15
transnational,15.11
transoceanic,12.79
transom,13.43
transonic,16.25
transpacific,13.0
transparency,11.0
transparent,10.67
transpersonal,13.06
transpire,11.82
transplant,10.35
transplantation,11.5
transplanted,10.8
transplanting,10.8
transplants,10.8
transponder,15.07
transport,10.38
transportable,10.37
transportation,8.11
transported,8.7
transporter,10.72
transporting,8.7
transports,8.7
transpose,14.1
transposition,14.0
transsexual,13.67
transshipment,14.55
transubstantiate,16.38
transubstantiation,14.56
transverse,14.76
transvestite,13.94
trap,6.44
trapdoor,9.16
trapeze,9.28
trapezes,9.58
trapezium,16.0
trapezoid,12.11
trapezoidal,13.74
trapped,6.01
trapper,9.11
trapping,6.01
traps,6.01
trapshooting,13.64
trash,4.47
trashcan,4.5
trashed,4.92
trashes,4.92
trashing,4.92
trashy,7.89
trauma,9.72
traumas,10.87
traumatic,10.53
traumatism,13.4
traumatize,11.74
travail,14.91
travel,5.9
traveled,6.93
traveler,6.89
traveling,6.93
travelled,6.93
travelling,6.93
travelogue,15.36
travels,6.93
traverse,14.67
traverses,12.53
traversing,12.53
travertine,11.75
travesty,12.11
travois,17.62
trawl,13.64
trawler,13.09
tray,6.05
trays,5.75
treacherous,12.26
treachery,12.4
treacle,16.62
tread,8.75
treading,7.2
treadmill,11.15
treads,7.2
treason,11.37
treasonable,12.71
treasonous,13.05
treasons,10.22
treasure,6.06
treasured,8.47
treasurer,9.89
treasures,6.23
treasury,11.25
treat,4.61
treatable,9.68
treated,6.84
treaties,10.54
treating,6.84
treatise,13.33
treatment,8.11
treatments,8.6
treats,6.84
treaty,9.84
treble,9.94
trebled,10.11
trebuchet,15.45
tree,3.57
treed,12.43
treeless,9.18
treelike,8.59
trees,4.26
treetop,5.65
trek,9.62
trekker,11.67
treks,10.1
trellis,11.17
tremble,8.89
trembled,9.13
trembler,13.0
trembles,9.13
trembling,9.13
tremendous,10.63
tremolo,13.0
tremor,10.68
tremors,10.07
tremulous,15.38
trench,10.21
trenchant,15.6
trenches,10.47
trend,10.84
trendiness,12.11
trends,10.18
trendsetter,12.7
trendsetting,12.21
trendy,10.83
trepan,17.57
trepanation,16.25
trephination,14.33
trepidation,14.88
trespass,9.16
trespassed,10.04
trespasser,7.89
trespasses,10.04
trespassing,10.04
tress,11.33
tresses,10.75
trestle,13.8
triad,12.19
triads,12.11
triage,14.38
trial,9.16
trials,8.6
triangle,4.9
triangular,7.8
triangulate,12.88
triangulation,14.81
triathlon,13.06
tribal,8.63
tribe,8.17
tribes,8.0
tribesman,10.11
tribeswoman,10.45
tribulation,14.95
tribunal,13.59
tribune,12.39
tributary,12.67
tribute,10.44
tributes,10.62
trice,12.5
triceps,11.33
triceratops,5.33
trichinosis,18.86
trick,6.05
tricked,5.89
trickery,9.58
tricking,5.89
trickle,8.22
tricks,5.89
trickster,9.0
tricky,5.53
tricolor,12.5
tricuspid,15.5
tricycle,4.05
trident,11.59
tried,5.07
tries,5.07
trifle,12.17
trifled,11.59
trifles,11.59
trifling,12.05
trifocals,12.94
trig,13.94
trigger,8.33
triggered,8.79
triggering,8.79
triggerman,13.62
triggers,8.79
triglyceride,15.83
trigonometry,13.26
trilby,16.0
trilingual,13.22
trill,9.43
trillion,8.94
trillium,16.92
trills,11.93
trilogy,10.7
trim,6.95
trimester,12.12
trimeter,14.11
trimmed,7.35
trimmer,9.0
trimmers,7.86
trimming,7.35
trims,7.35
trine,11.6
trinket,9.39
trinkets,9.56
trinomial,13.87
trio,8.39
triode,14.57
trios,8.71
trip,4.22
tripe,12.62
triple,6.78
tripled,8.47
triples,8.47
triplet,8.11
triplex,13.33
triplicate,14.38
tripod,9.26
tripods,9.05
tripped,6.35
tripping,6.35
trips,6.35
triptych,12.7
tripwire,13.31
trireme,11.67
triskaidekaphobia,17.14
trite,13.0
tritium,16.0
triumph,10.16
triumphal,12.17
triumphant,8.89
triumphed,9.07
triumphing,9.07
triumphs,9.07
triumvirate,16.46
triune,16.57
trivet,12.85
trivia,8.37
trivial,11.78
triviality,13.13
trivialize,13.0
trochaic,14.6
trod,7.2
trodden,7.2
troglodytic,18.0
troll,5.72
trolled,7.08
trolley,8.47
trolleys,9.49
trolling,7.08
trollop,14.83
trolls,7.08
trombone,7.83
trombones,8.04
tromp,11.67
troop,8.35
trooper,11.32
troopers,9.05
trooping,8.09
troops,7.84
troopship,11.56
trophies,7.37
trophy,5.55
tropic,10.37
tropical,9.05
tropics,10.47
trot,7.3
troth,14.25
trots,7.49
trotted,7.49
trotting,7.49
troubadour,13.17
trouble,4.56
troubled,7.21
troublemaker,8.22
troubles,5.86
troubleshooter,13.0
troublesome,8.06
troubling,5.86
troublous,12.85
trough,8.41
troughs,10.95
trounce,11.47
trounced,12.3
troupe,13.25
trouper,9.54
troupers,11.39
troupes,11.78
trouser,7.22
trousers,7.89
trousseau,15.11
trout,8.56
trove,14.45
trow,12.67
trowel,12.18
truancy,13.67
truant,12.0
truce,8.8
truck,3.79
trucked,5.35
trucker,7.21
truckle,14.0
truckload,7.95
trucks,5.35
truculent,14.36
trudge,12.69
trudged,11.12
trudging,11.12
true,4.64
truehearted,10.82
truffle,13.62
truism,13.5
trump,11.23
trumped,10.72
trumpery,19.0
trumpet,6.28
trumpeted,7.11
trumpets,7.11
trumping,10.72
trumps,10.72
truncheon,15.11
trundle,11.33
trunk,8.3
trunks,6.62
truss,13.4
trust,6.55
trustable,8.06
trusted,7.51
trustee,12.79
trustees,13.64
trusteeship,16.29
trustful,9.0
trusting,7.51
trusts,7.51
trustworthiness,10.05
trustworthy,8.05
trusty,6.24
truth,4.42
truthful,6.28
truthfulness,7.5
truths,5.86
try,3.44
trying,5.07
tryout,9.05
tryptophan,16.67
tryst,17.5
tsar,12.14
tsetse,11.0
tsunami,13.0
tub,3.95
tuba,7.0
tubas,8.2
tubby,10.12
tube,5.5
tuber,10.47
tubercle,12.6
tubercular,13.89
tuberculin,14.12
tuberculosis,12.11
tubes,6.79
tubful,8.25
tubing,10.79
tubs,3.69
tubular,11.53
tuck,5.79
tucked,6.88
tucking,6.88
tucks,6.88
tuft,9.87
tufted,13.35
tug,5.17
tugboat,6.17
tugged,5.59
tugging,5.59
tugs,5.59
tuition,10.84
tulip,7.15
tulips,7.11
tulle,12.4
tumble,7.89
tumbled,7.03
tumbler,10.45
tumblers,8.9
tumbles,7.03
tumbleweed,7.95
tumbling,7.03
tumbrel,12.4
tumescence,18.0
tumescent,13.3
tumid,15.67
tummies,4.05
tummy,3.72
tumor,10.32
tumors,10.22
tumult,12.39
tumultuous,14.19
tumulus,16.2
tuna,5.73
tunas,5.43
tundra,12.06
tune,7.32
tuneable,13.0
tuned,5.92
tuneless,10.6
tuner,8.74
tunes,5.92
tunesmith,11.6
tungsten,14.83
tunic,11.42
tunics,8.09
tuning,5.92
tunnel,5.89
tunneled,5.97
tunneling,5.97
tunnels,5.97
tunny,12.5
turban,10.24
turbans,10.0
turbid,15.83
turbine,11.06
turbines,12.11
turbo,12.16
turbocharger,13.24
turbojet,10.63
turboprop,16.22
turbot,13.73
turbulence,11.47
turbulent,12.79
turd,8.37
tureen,14.1
turf,10.95
turfs,9.64
turgid,16.0
turkey,3.95
turkeys,10.32
turmeric,15.0
turmoil,12.84
turn,4.11
turnabout,13.89
turnaround,10.58
turncoat,12.0
turndown,10.41
turned,5.37
turner,9.57
turning,5.37
turnip,7.0
turnips,8.87
turnkey,14.29
turnoff,11.14
turnout,10.95
turnover,10.35
turnpike,11.06
turns,5.37
turnstile,13.67
turntable,10.39
turpentine,10.0
turpitude,13.43
turquoise,7.68
turret,12.0
turreted,12.9
turtle,4.17
turtleback,9.92
turtledove,8.78
turtlehead,10.13
turtleneck,6.79
turtles,4.28
tush,8.29
tusk,7.67
tusker,14.71
tusks,8.44
tussle,10.82
tut,10.83
tutee,10.5
tutelage,14.22
tutelary,14.0
tutor,8.65
tutored,10.32
tutorial,9.95
tutoring,9.28
tutors,10.32
tutu,7.0
tutus,5.93
tux,9.78
tuxedo,8.26
tv,3.47
twaddle,11.0
twain,11.82
twang,11.89
twat,15.44
tweak,11.06
twee,14.67
tweed,12.11
tweeds,8.34
tweet,13.05
tweeting,16.56
tweets,6.51
tweeze,9.06
tweezer,9.89
tweezers,7.16
twelfth,7.11
twelfths,6.62
twelve,4.48
twelvemonth,10.7
twerp,8.0
twerps,9.31
twice,5.89
twiddle,9.62
twig,6.28
twigs,5.86
twilight,10.0
twilights,8.18
twilit,12.75
twill,10.83
twin,6.06
twine,9.38
twinge,11.82
twinkle,4.48
twinkles,5.25
twinkling,5.25
twinkly,6.76
twinning,6.22
twins,6.22
twirl,3.72
twirled,6.06
twirler,7.83
twirling,6.06
twirls,6.06
twist,6.46
twister,7.53
twisters,6.68
twisting,6.2
twists,6.2
twisty,6.53
twit,12.0
twitch,8.84
twitched,8.87
twitches,8.87
twitching,8.87
twitchy,9.44
twits,10.95
twitter,18.14
two,4.24
twofer,15.88
twos,3.83
twosome,11.79
tycoon,9.74
tycoons,11.19
tying,5.82
tyke,8.73
tykes,10.2
tympanic,13.33
type,6.58
typecast,13.5
typed,8.54
typeface,13.28
types,8.54
typeset,11.13
typesetter,12.36
typesetting,13.41
typewrite,11.5
typewriter,6.74
typewriters,7.77
typewritten,8.5
typhoid,13.64
typhoon,9.78
typhoons,10.8
typhus,13.11
typical,8.62
typify,15.19
typist,8.56
typists,9.63
typo,10.68
typographical,11.65
typos,10.04
tyrannical,13.0
tyrannosaur,6.42
tyrannosaurus,7.35
tyrannous,13.0
tyranny,12.12
tyrant,11.25
tyrants,9.71
tyrosine,15.67
ubiquitous,16.43
ubiquity,17.36
udder,7.29
uglier,5.69
ugliest,5.69
ugliness,6.33
ugly,4.17
ukulele,10.76
ulcer,12.68
ulcerate,15.83
ulcerated,15.5
ulceration,14.81
ulcerative,14.46
ulcers,10.19
ulna,13.92
ulster,14.2
ulterior,12.5
ultimate,10.37
ultimately,10.38
ultimatum,11.47
ultra,9.27
ultrahigh,13.45
ultralow,11.29
ultramodern,13.62
ultranationalist,15.6
ultrasonic,14.74
ultrasound,12.15
ultraviolet,10.67
umber,14.17
umbilical,11.61
umbilicus,15.1
umbrage,13.9
umbrella,5.68
umbrellas,6.2
umlaut,15.64
ump,9.6
umpire,7.56
unabashed,14.25
unabated,13.94
unable,7.78
unabridged,14.06
unacceptability,9.84
unacceptable,9.94
unaccommodating,12.42
unaccompanied,11.42
unaccomplished,11.17
unaccountable,11.37
unaccounted,10.21
unaccustomed,11.0
unachievable,11.94
unacknowledged,13.33
unacquainted,11.21
unadorned,12.74
unadulterated,14.95
unadvised,12.0
unaesthetic,13.47
unaffected,10.95
unaffiliated,13.72
unaffordable,11.16
unafraid,9.06
unaided,10.59
unalienable,12.71
unalike,9.58
unalloyed,16.5
unalterable,11.6
unaltered,10.44
unambiguous,15.11
unanchored,10.94
unanimity,12.23
unanimous,10.5
unannounced,8.9
unanswerable,9.21
unanswered,7.94
unanticipated,12.28
unapologetic,10.32
unappealing,10.44
unappeased,14.06
unappetizing,10.67
unappreciated,9.39
unappreciative,9.16
unapproachable,11.79
unapproved,10.0
unapt,15.0
unarmed,10.0
unashamed,9.79
unasked,10.18
unassailable,14.62
unassigned,10.39
unassisted,8.89
unassuming,11.0
unattached,10.55
unattainable,11.11
unattended,9.8
unattractive,8.21
unattributed,13.07
unauthorized,10.28
unavailability,9.72
unavailable,9.55
unavailing,13.39
unavoidable,8.32
unaware,9.92
unbaked,9.11
unbalance,8.11
unbalanced,10.63
unbarred,13.31
unbearable,10.2
unbeatable,7.56
unbeaten,9.89
unbeautiful,9.06
unbecoming,11.82
unbefitting,13.84
unbelief,9.75
unbelievable,8.3
unbeliever,8.89
unbelievers,9.6
unbelieving,10.94
unbend,8.22
unbending,10.94
unbiased,13.56
unbidden,13.5
unbilled,12.36
unbind,11.59
unbleached,11.94
unblemished,12.1
unblended,10.47
unblessed,9.28
unblinking,10.16
unblock,9.05
unblocked,9.61
unbolt,9.82
unborn,10.21
unbounded,10.53
unbowed,12.12
unbraid,9.11
unbreakable,8.11
unbridgeable,11.88
unbridled,10.93
unbroken,7.94
unbuckle,6.06
unbuckled,5.63
unburden,12.95
unburied,8.5
unburned,8.28
unbury,9.65
unbutton,5.11
unbuttoned,5.17
uncalculated,10.33
uncalled,8.59
uncanny,12.5
uncap,7.5
uncaring,8.21
uncase,11.06
uncatchable,7.74
uncaught,9.44
unceasing,10.53
uncelebrated,12.33
uncensored,11.76
unceremonious,14.74
uncertain,8.37
uncertainties,10.28
uncertainty,12.25
unchain,7.5
unchained,8.37
unchallenged,10.5
unchallenging,10.79
unchangeable,10.68
unchanged,8.47
unchanging,9.21
uncharacteristic,11.16
uncharitable,10.44
uncharted,10.95
unchartered,12.65
unchaste,13.8
uncheck,8.67
unchecked,10.65
unchristian,10.11
uncircumcised,13.05
uncivil,12.32
uncivilized,10.78
unclaimed,9.67
unclasp,10.0
unclassified,11.8
uncle,4.47
unclean,6.83
uncleanness,7.68
unclear,8.21
unclench,10.94
uncles,4.05
unclick,10.05
unclip,9.74
uncloak,11.33
unclog,8.3
unclose,10.2
unclouded,9.39
uncluttered,9.89
uncoil,9.89
uncollected,9.58
uncombed,6.56
uncomfortable,7.17
uncommitted,12.22
uncommon,8.95
uncommunicative,12.16
uncomplaining,12.83
uncompleted,8.79
uncomplicated,11.65
uncomplimentary,12.48
uncompounded,13.83
uncomprehending,12.61
uncompromised,11.42
uncompromising,12.59
unconcern,9.41
unconcerned,9.56
unconditional,10.44
unconditioned,13.37
unconfined,13.33
unconfirmed,10.95
unconfused,9.12
unconnected,9.39
unconquerable,12.74
unconquered,9.72
unconscionable,13.61
unconscious,9.45
unconsciousness,9.47
unconsecrated,12.13
unconstitutional,13.89
unconstitutionality,12.05
unconstrained,13.25
unconsummated,14.75
uncontained,11.53
uncontaminated,11.83
uncontestable,14.33
uncontested,11.11
uncontrollable,10.06
uncontrolled,9.74
uncontroversial,13.24
unconventional,11.68
unconventionality,13.22
unconvinced,10.85
unconvincing,10.74
uncooked,8.0
uncooperative,8.79
uncoordinated,9.35
uncork,10.79
uncorked,9.72
uncorrected,8.0
uncorroborated,13.53
uncorrupted,11.0
uncountable,10.74
uncounted,9.22
uncouple,13.33
uncoupled,12.53
uncouth,11.43
uncover,7.17
uncovered,8.06
uncovering,8.06
uncovers,8.06
uncrated,9.89
uncreated,11.27
uncreative,8.0
uncritical,12.05
uncross,7.56
uncrossed,9.94
uncrowned,11.26
uncrushable,11.41
uncrushed,7.75
unction,14.75
unctuous,15.67
uncultured,12.3
uncurious,8.78
uncurl,8.33
uncut,8.53
undamaged,9.33
undated,9.52
undaunted,13.33
undead,9.55
undeceive,11.85
undecided,7.83
undeclared,12.89
undecorated,9.16
undefeatable,10.0
undefeated,9.0
undefended,11.41
undefiled,16.21
undefined,11.22
undeliverable,10.95
undelivered,10.25
undemanding,12.53
undemocratic,12.76
undemonstrative,13.94
undeniable,10.89
undependable,7.83
under,5.89
underachievement,10.5
underachiever,9.95
underage,11.05
underappreciated,10.28
underarm,7.29
underbelly,11.0
underbid,13.5
underbrush,10.11
undercapitalization,15.3
undercarriage,11.28
undercharged,12.17
underclass,11.38
underclassman,12.67
underclothes,7.67
underclothing,7.0
undercoat,12.84
undercooked,9.61
undercover,9.68
undercroft,13.89
undercurrent,11.32
undercut,12.39
underdevelop,10.88
underdeveloped,11.39
underdog,10.44
underdone,9.95
underdressed,10.14
underestimate,9.6
underexpose,12.0
underexposed,12.61
underfed,11.53
underfunded,12.0
undergarment,10.21
undergird,13.6
undergo,10.89
undergrad,13.68
undergraduate,12.37
undergraduates,12.49
underground,7.37
undergrowth,11.33
underhanded,11.0
underinsured,16.25
underlay,12.35
underlie,10.79
underline,6.67
underling,12.3
underlip,10.08
underlying,12.1
undermanned,13.69
undermine,12.47
undermost,11.19
undernourished,11.61
undernourishment,12.67
underpants,3.35
underpass,9.16
underpay,11.32
underplay,14.0
underpowered,10.82
underprepared,11.18
underprivileged,10.11
underrate,13.21
underrated,11.78
underscore,12.21
undersea,6.25
undersecretary,15.0
undersell,13.94
undersexed,14.6
undersheriff,14.56
undershirt,5.56
undershoot,13.06
undershorts,6.22
undershot,11.33
underside,10.0
undersigned,12.89
undersize,8.42
undersized,9.11
underslung,13.57
understaffed,12.68
understand,6.17
understandable,8.35
understanding,7.83
understandings,9.63
understands,7.22
understate,12.26
understatement,10.45
understood,7.22
understudy,12.12
undertake,11.48
undertaker,10.32
undertaking,10.33
undertakings,10.22
undertone,11.61
undertow,12.88
underutilized,12.77
underwear,3.94
underweight,7.74
underwhelmed,12.42
underworld,9.45
underwrite,12.24
underwriter,15.16
underwriting,14.69
undeserved,9.95
undeserving,11.11
undesirable,10.58
undesired,10.72
undetectable,11.0
undetected,9.89
undetermined,11.72
undeterred,10.88
undeveloped,10.16
undeviating,14.62
undiagnosed,12.47
undigested,10.67
undignified,13.47
undiluted,10.84
undiminished,11.68
undimmed,10.73
undiplomatic,14.35
undirected,11.11
undisciplined,10.51
undisclosed,11.37
undiscovered,8.47
undisguised,10.56
undisputable,11.33
undisputed,10.53
undistinguished,13.0
undistorted,12.11
undistracted,10.22
undisturbed,9.37
undividable,11.53
undivided,9.28
undo,7.78
undoable,10.76
undock,9.74
undocumented,13.0
undoing,8.08
undomesticated,14.67
undoubted,10.68
undraped,12.75
undreamed,9.62
undress,5.28
undressed,3.95
undrinkable,7.39
undue,10.89
undulating,14.77
undulation,15.14
undulatory,15.38
undying,10.44
unearned,10.25
unearth,11.11
unearthly,11.5
unease,8.42
uneasiness,9.37
uneasy,9.16
uneatable,8.47
uneaten,7.76
unedited,10.68
uneducable,16.93
uneducated,9.95
unelectable,14.47
unelected,10.53
unembarrassed,11.72
unemotional,9.83
unemployable,12.22
unemployed,11.33
unemployment,10.95
unenclosed,11.58
unencumbered,14.47
unending,9.0
unendurable,12.78
unenforceable,11.93
unengaged,12.39
unenlightened,13.78
unenlightening,12.72
unenthused,11.61
unenviable,13.47
unequal,9.26
unequaled,11.21
unequipped,12.28
unequivocal,14.88
unerring,13.6
unescorted,12.58
unessential,10.21
unethical,14.3
uneven,7.33
uneventful,10.42
unexamined,11.47
unexampled,13.15
unexcelled,10.07
unexceptional,10.6
unexciting,8.53
unexcused,9.06
unexpected,10.17
unexpired,10.06
unexplainable,9.06
unexplained,8.11
unexploded,10.11
unexploited,14.24
unexplored,8.42
unexposed,12.32
unexpressed,11.0
unexpurgated,12.11
unfailing,11.59
unfair,5.61
unfairness,7.42
unfaithful,10.38
unfaithfulness,11.44
unfamiliar,9.0
unfamiliarity,11.85
unfashionable,9.63
unfasten,7.89
unfastened,7.95
unfathomable,14.95
unfathomed,12.59
unfazed,10.71
unfeasible,14.76
unfed,8.84
unfeeling,9.94
unfelt,11.0
unfeminine,11.63
unfertilized,12.22
unfettered,13.93
unfiltered,10.28
unfinished,7.74
unfired,10.13
unfit,10.62
unfitness,12.47
unfix,10.43
unflagging,13.53
unflappable,13.33
unflattering,10.44
unflinching,11.33
unfocused,10.31
unfold,8.0
unforced,9.12
unforeseeable,11.63
unforeseen,12.11
unforgettable,8.94
unforgivable,9.58
unforgiving,9.53
unformed,9.89
unfortunate,9.11
unfortunately,7.93
unfounded,12.26
unfreeze,7.24
unfreezing,9.0
unfriendliness,6.39
unfriendly,7.0
unfrocked,12.45
unfroze,8.18
unfrozen,6.42
unfulfilled,11.39
unfulfilling,10.63
unfunny,8.75
unfurl,12.15
unfurnished,10.58
ungainly,10.43
ungallant,12.0
ungenerous,10.72
ungentlemanly,9.82
unglued,7.29
ungodliness,9.35
ungodly,8.7
ungovernable,11.79
ungoverned,11.53
ungraceful,8.67
ungracious,11.11
ungraded,10.74
ungrammatical,11.82
ungrateful,9.15
ungrounded,10.14
unguarded,10.58
unguent,13.12
unguided,10.83
unhallowed,13.21
unhand,11.63
unhandsome,9.76
unhappiness,6.84
unhappy,4.89
unharmed,9.21
unharmonious,12.55
unharnessed,10.32
unhealthy,6.78
unheard,8.47
unheated,8.5
unheeded,12.28
unhelpful,8.16
unhindered,12.18
unhinge,11.35
unhip,12.35
unhitch,9.3
unhittable,10.58
unholy,9.42
unhook,7.22
unhorse,9.67
unhurt,7.22
unhygienic,11.56
unicellular,12.36
unicorn,4.83
unicycle,7.26
unicyclist,8.18
unidentifiable,10.58
unidentified,9.95
unidirectional,13.77
unification,14.33
unified,11.44
uniform,5.6
uniformed,7.94
uniformity,11.78
uniforms,6.67
unify,10.39
unifying,11.74
unilateral,14.12
unimaginable,10.47
unimaginative,10.32
unimpaired,11.42
unimpeachable,12.68
unimpeded,14.07
unimportance,9.94
unimportant,7.84
unimpressed,9.5
unimpressive,9.68
unimproved,9.84
unindicted,15.36
uninfected,10.11
uninformed,12.35
uninhabitable,11.89
uninhabited,9.28
uninhibited,13.16
uninitiated,11.56
uninjured,8.84
uninspected,11.0
uninspired,11.0
uninspiring,11.26
uninsured,13.32
unintelligent,10.72
unintelligible,14.1
unintended,11.16
unintentional,9.26
uninterested,9.06
uninteresting,10.1
uninterrupted,9.47
uninvited,9.0
uninviting,9.81
uninvolved,10.95
union,9.39
unionism,15.0
unionist,13.88
unionists,13.08
unionize,15.63
unions,9.92
unique,8.63
uniqueness,10.68
unisex,11.4
unison,11.12
unit,7.79
unitarian,14.0
unite,7.89
unites,9.22
uniting,9.22
units,8.18
unity,9.48
universal,10.21
universalist,13.62
universe,9.26
universities,9.81
university,10.72
unjust,11.33
unjustified,11.44
unkempt,13.0
unkind,7.21
unkindest,6.08
unkindness,7.68
unknowable,9.8
unknowing,8.5
unknown,8.11
unknowns,7.26
unlace,8.17
unladylike,10.37
unlamented,13.82
unlatch,8.53
unlawful,11.32
unleaded,11.65
unlearn,10.62
unleash,8.37
unleavened,12.92
unless,7.22
unlicensed,11.33
unlighted,8.74
unlikable,8.6
unlikeable,8.0
unlikelihood,10.95
unlikely,8.79
unlimber,13.18
unlimited,9.11
unlink,12.28
unlisted,11.21
unlit,7.61
unlivable,9.7
unlived,11.2
unload,7.86
unlock,7.06
unlogged,13.07
unlooked,10.29
unloose,11.64
unloosen,8.81
unlovable,8.68
unloved,7.28
unlovely,10.06
unloving,8.95
unlucky,7.05
unmade,9.05
unmake,11.28
unman,13.4
unmanageable,11.06
unmanliness,11.56
unmanly,10.72
unmanned,11.38
unmannered,9.94
unmannerly,9.65
unmapped,10.83
unmarked,8.0
unmarketable,12.32
unmarried,9.0
unmask,9.32
unmatched,9.78
unmeet,11.58
unmentionable,11.17
unmentionables,13.15
unmentioned,11.17
unmerciful,10.11
unmet,12.4
unmilitary,11.65
unmissed,10.94
unmistakable,10.21
unmitigated,15.81
unmixed,7.89
unmodified,13.2
unmolested,13.47
unmonitored,11.94
unmoor,13.33
unmotivated,10.35
unmoving,8.06
unmusical,9.1
unnamable,11.06
unnamed,8.71
unnatural,9.44
unnecessary,9.5
unneeded,10.63
unnerve,11.84
unnoticeable,10.42
unnoticed,9.63
unnumbered,9.18
unobserved,10.63
unobstructed,10.67
unobtainable,13.95
unobtrusive,13.81
unobvious,12.11
unoccupied,8.8
unofficial,11.22
unopened,7.06
unopposed,11.35
unorganized,10.11
unoriginal,10.95
unoriginality,11.47
unornamented,11.63
unorthodox,12.19
unpack,7.53
unpaid,8.85
unpainted,7.68
unpalatable,13.69
unparalleled,12.4
unpardonable,13.53
unpatriotic,11.16
unpatrolled,11.06
unpaved,8.68
unpeel,6.53
unperceptive,13.74
unperturbed,12.76
unpick,9.29
unpin,8.44
unplanned,8.22
unpleasant,9.32
unpleasantness,9.0
unpleasing,9.3
unplug,7.35
unplugged,5.42
unpolished,9.0
unpolluted,9.21
unpopular,8.2
unpopularity,10.56
unpopulated,9.63
unpractical,11.59
unpracticed,11.56
unprecedented,13.16
unpredictability,12.14
unpredictable,7.83
unprejudiced,11.22
unpremeditated,13.62
unprepared,8.0
unpreparedness,11.16
unprepossessing,14.4
unpreserved,11.0
unpretending,9.84
unpretentious,14.05
unprincipled,12.89
unprintable,12.0
unprocessed,10.5
unproduced,11.47
unproductive,10.5
unprofessional,10.83
unprofitable,11.05
unprogressive,13.06
unpromising,12.24
unprompted,10.48
unpronounceable,11.89
unprotected,9.26
unproven,10.06
unprovoked,12.28
unpublished,12.05
unpunctual,12.76
unpunctuality,10.24
unpunished,8.05
unqualified,12.17
unquenchable,11.21
unquestionable,11.11
unquestioned,10.61
unquestioning,10.44
unquiet,8.57
unquote,12.62
unranked,10.56
unrated,8.67
unravel,10.16
unraveled,7.88
unreachable,10.16
unread,8.1
unreadable,8.76
unreal,7.37
unrealistic,9.58
unreality,11.2
unrealized,10.7
unreason,11.88
unreasonable,9.17
unreasonableness,11.94
unreasoned,10.83
unreasoning,12.44
unrecognizable,11.67
unrecognized,9.0
unreconstructed,15.59
unrecorded,11.88
unrecoverable,10.75
unrecovered,9.88
unredeemable,12.28
unredeemed,13.58
unreel,10.0
unrefined,11.47
unrefrigerated,9.7
unregistered,10.39
unregulated,11.76
unrehearsed,11.26
unreinforced,11.24
unrelated,9.65
unreleased,10.74
unrelenting,12.71
unreliability,10.28
unreliable,8.89
unrelieved,11.45
unreligious,10.26
unremarkable,11.06
unremarked,12.0
unremembered,9.33
unremitting,15.53
unremorseful,11.3
unrepaired,9.0
unrepeatable,9.0
unrepentant,11.75
unreported,10.89
unrepresented,10.89
unrequested,10.5
unrequited,15.12
unresolved,10.05
unresponsive,10.95
unrest,10.5
unrestrained,12.83
unrestricted,11.62
unreturned,9.0
unrevealed,10.79
unrevealing,11.58
unrewarded,9.72
unrewarding,10.72
unriddle,12.85
unrighteous,9.89
unrighteousness,12.67
unripe,7.5
unrivalled,12.85
unroll,6.57
unromantic,11.44
unruffled,9.17
unruly,9.68
unsaddle,10.0
unsafe,4.74
unsalted,7.26
unsalvageable,13.72
unsanctified,13.74
unsanctioned,14.11
unsanitary,11.0
unsatisfactory,9.0
unsatisfied,8.37
unsaturated,14.22
unsaved,8.89
unsavory,13.63
unsay,12.36
unscathed,11.47
unscented,8.68
unscheduled,9.89
unschooled,9.88
unscientific,11.75
unscramble,10.11
unscrambled,11.17
unscreened,11.05
unscrew,6.76
unscripted,12.26
unscrupulous,14.19
unseal,8.89
unsearchable,11.3
unseasonable,11.06
unseasoned,12.44
unseat,10.33
unsecured,11.44
unseeing,10.21
unseemliness,12.29
unseen,9.56
unselfconscious,12.0
unselfish,9.0
unselfishness,9.94
unsentimental,12.33
unserious,9.12
unset,10.0
unsettle,9.74
unsettlement,11.71
unsex,12.62
unshackle,11.28
unshackled,9.95
unshakable,11.56
unshaken,9.79
unshaved,9.74
unshaven,10.0
unsheathe,12.19
unshelled,9.75
unshielded,11.19
unshod,12.67
unshorn,13.33
unsightly,10.79
unsigned,9.67
unsinkable,9.61
unskilled,10.0
unskillful,9.78
unsleeping,7.53
unsmiling,8.83
unsnarl,11.57
unsociable,11.62
unsocial,9.47
unsold,8.68
unsolicited,13.68
unsolvable,10.39
unsolved,9.17
unsophisticated,12.56
unsought,11.58
unsound,11.71
unsown,11.67
unsparing,12.94
unspeakable,10.44
unspecific,12.11
unspecified,11.32
unspent,10.35
unspoiled,9.26
unspoken,9.3
unsponsored,12.06
unsporting,12.72
unsportsmanlike,8.0
unspotted,7.89
unstable,10.42
unstained,8.76
unstated,10.72
unsteadiness,11.16
unsteady,7.7
unsterilized,11.95
unstop,9.0
unstoppable,8.53
unstopped,8.78
unstrapped,9.0
unstring,9.63
unstructured,12.95
unstuck,7.28
unstudied,11.06
unsubstantial,13.22
unsubstantiated,12.53
unsuccessful,9.42
unsuitability,11.94
unsuitable,11.16
unsuited,13.47
unsullied,11.42
unsung,12.61
unsupervised,9.39
unsupportable,12.45
unsupported,9.61
unsure,8.32
unsurpassed,12.84
unsuspected,12.11
unsuspecting,9.72
unsustainable,13.72
unsweetened,8.21
unswerving,11.8
unsympathetic,10.56
untainted,10.94
untalented,9.06
untamable,13.19
untamed,9.84
untangle,6.84
untangled,7.37
untapped,12.67
untarnished,12.59
untaught,12.5
untaxed,12.68
untelevised,10.42
untenable,15.45
untended,11.38
untested,10.11
unthankful,6.28
unthawed,10.61
unthinkable,10.11
unthinking,9.44
unthreatened,11.05
unthreatening,9.83
unthrifty,12.11
untidiness,7.61
untidy,8.72
untie,4.84
until,5.89
untimed,9.5
untimely,10.0
untiring,12.18
untitled,9.84
untold,8.78
untouchable,9.39
untouched,7.67
untoward,12.93
untraceable,11.58
untraced,10.4
untracked,10.2
untraditional,11.26
untrained,9.0
untrammeled,12.0
untranslatable,11.65
untreatable,11.17
untreated,9.89
untried,11.82
untroubled,9.79
untrue,6.53
untrusting,10.26
untrustworthy,11.11
untruth,7.58
untruthful,6.74
untruthfulness,8.96
unturned,9.89
untutored,11.17
untwine,11.47
untwist,7.28
unusable,8.21
unused,7.89
unusual,8.56
unutterable,13.29
unuttered,12.64
unvalued,10.17
unvanquished,13.53
unvarnished,11.82
unveil,11.0
unvented,13.88
unventilated,12.11
unverifiable,13.74
unverified,11.11
unviable,12.94
unwanted,6.39
unwarned,9.78
unwarrantable,15.0
unwarranted,12.8
unwary,12.65
unwashed,7.53
unwatchable,10.22
unwatched,8.67
unwavering,12.68
unwearied,12.19
unweave,11.11
unwed,11.09
unwedded,12.11
unwelcome,8.65
unwelcomed,8.84
unwelcoming,10.89
unwell,7.5
unwholesome,11.68
unwieldiness,13.71
unwieldy,12.42
unwilling,8.61
unwillingness,9.47
unwind,8.42
unwinnable,11.35
unwire,8.94
unwise,7.42
unwished,8.89
unwitting,12.38
unworkable,10.0
unworldly,11.37
unworn,7.35
unworthiness,11.22
unworthy,10.84
unwrap,4.8
unwrapped,6.65
unwrinkled,8.5
unwritten,10.68
unyielding,13.47
unzip,6.06
up,2.92
upbeat,11.61
upbringing,9.26
upcoming,9.25
upcountry,12.0
update,9.0
updraft,10.83
upend,11.19
upgrade,9.17
upgraded,10.45
upgrades,10.45
upgrading,10.45
upheaval,12.76
upheavals,9.75
uphold,10.58
upholstery,12.65
upkeep,11.17
upland,11.27
uplift,10.0
uplifted,10.62
uplifting,10.22
uplink,13.92
upload,13.33
upon,6.18
upped,3.94
upper,7.56
upperclassman,12.88
uppercut,12.05
uppermost,9.85
upping,3.94
uppity,9.83
upright,8.0
uprights,8.66
uprise,12.05
uprising,11.17
uproar,9.55
uproarious,11.95
uproot,10.05
uprooted,10.25
ups,3.94
upscale,11.0
upset,5.26
upsets,5.4
upsetting,5.4
upshot,13.47
upsides,9.26
upsilon,15.71
upslope,12.06
upstage,10.58
upstairs,3.86
upstanding,10.94
upstart,11.0
upstroke,9.71
upsurge,13.87
upswing,12.88
uptake,11.95
uptick,15.14
uptight,9.85
upturned,9.0
upward,6.11
upwards,7.44
upwelling,11.17
upwind,11.78
uranium,10.63
urban,9.84
urbane,12.35
urbanite,15.94
urbanization,13.75
urchin,10.88
urchins,9.28
urea,14.17
uremia,16.86
uremic,13.0
ureter,15.11
urethane,14.44
urethra,12.68
urethral,14.72
urge,9.11
urged,8.98
urgency,9.81
urgent,8.68
urges,8.98
urging,8.98
uric,14.42
urinal,8.47
urinalysis,14.68
urinary,12.56
urinate,7.63
urination,9.61
urine,9.83
urn,9.89
urns,8.77
urologic,15.62
urological,18.27
urologist,14.7
urology,16.24
ursine,14.17
urticaria,18.67
us,4.19
usable,7.68
usage,10.74
use,4.5
useable,9.29
used,5.94
useful,6.39
usefulness,10.3
useless,7.05
uselessness,8.39
user,9.57
uses,5.94
usher,9.35
ushered,9.4
usherette,13.1
usherettes,8.88
ushers,9.4
using,5.94
usual,8.89
usurer,13.4
usurious,18.22
usurp,14.81
usurpation,13.6
usurper,13.94
usury,16.88
utensil,7.67
uterine,13.8
uterus,12.84
utile,14.6
utilitarian,15.5
utility,11.39
utilization,11.83
utilize,10.63
utmost,10.53
utopian,13.26
utopianism,14.12
utter,9.0
utterance,13.47
utterances,10.6
uttered,9.49
uttering,9.49
uttermost,12.67
utters,9.49
uvula,11.73
uxorious,17.5
vacancy,8.05
vacant,9.55
vacate,10.33
vacated,11.19
vacating,11.19
vacation,5.22
vacationer,8.94
vacationing,9.07
vacationland,9.0
vacations,9.07
vaccinate,10.72
vaccination,9.17
vaccine,8.16
vaccines,9.71
vacillate,14.64
vacillator,15.27
vacuolization,16.0
vacuous,15.62
vacuum,6.74
vacuumcleaner,5.68
vacuumed,8.11
vacuuming,8.11
vacuums,8.11
vagabond,12.35
vagary,14.75
vagina,8.89
vaginal,11.94
vagrancy,13.28
vagrant,13.21
vagrants,12.96
vague,9.84
vagueness,14.24
vaguer,9.25
vaguest,9.25
vail,10.33
vain,10.74
vainest,9.64
vainglorious,14.09
vainglory,15.71
valance,13.84
vale,11.69
valediction,15.0
valedictorian,13.05
valedictory,13.6
valency,13.78
valerian,16.0
vales,9.51
valet,13.67
valets,11.29
valetudinarian,16.5
valiant,11.17
valid,8.94
validate,12.9
validation,12.06
validity,13.5
valise,13.56
valium,13.67
valley,7.94
valleys,6.83
valor,13.44
valorize,14.88
valorous,12.83
valuable,8.56
valuables,7.8
valuate,13.33
valuation,12.71
value,6.78
valued,8.69
valueless,11.0
values,8.69
valve,10.78
valves,10.46
valvular,17.33
vamoose,12.0
vamoosed,12.43
vamoosing,12.43
vamp,15.06
vamping,12.22
vampire,7.16
vampires,7.19
vampirism,10.89
vamps,12.22
van,5.2
vanadium,15.4
vandal,10.72
vandalism,12.0
vandalistic,12.0
vandalize,10.47
vandals,9.49
vane,10.58
vanes,11.26
vanguard,13.07
vanilla,4.8
vanish,8.58
vanished,6.37
vanishes,6.37
vanishing,8.32
vanities,9.43
vanity,11.39
vanload,10.29
vanquish,10.69
vanquished,12.59
vanquisher,12.29
vanquishes,12.11
vanquishing,13.63
vans,5.47
vantage,12.1
vapid,14.67
vapidity,15.0
vapor,8.4
vaporization,11.78
vaporize,10.75
vaporizer,10.67
vaporous,13.31
vapors,10.22
vaporware,13.25
vaquero,11.33
variability,12.58
variable,10.47
variance,14.0
variant,11.68
variation,10.11
varicolored,13.54
varicose,12.17
variegated,12.5
variegation,14.64
varies,9.14
varietal,14.21
varieties,9.19
variety,7.89
various,9.58
varlet,13.62
varmint,11.19
varmints,12.11
varnish,10.26
varsity,11.63
vary,8.94
varying,10.06
vas,12.71
vascular,15.11
vase,7.89
vasectomy,14.0
vases,6.03
vasoconstriction,17.45
vasoconstrictor,16.3
vasodilator,17.58
vasomotor,17.14
vasopressin,17.4
vassal,12.94
vassals,11.59
vast,9.63
vaster,9.17
vastest,9.17
vastness,11.5
vasty,15.0
vat,9.84
vatic,17.0
vault,9.16
vaults,8.82
vaunted,13.36
veal,11.17
vector,11.12
vectoring,12.22
vectors,12.22
veer,11.47
veered,11.48
veering,11.48
veers,11.48
vegan,14.16
veganism,14.06
vegans,12.01
vegetable,4.17
vegetables,5.5
vegetal,13.4
vegetarian,9.11
vegetarianism,11.58
vegetation,10.58
vegetative,12.58
veggie,6.63
vehement,14.0
vehicle,6.58
vehicles,6.71
vehicular,11.0
veil,9.69
veiled,11.47
veils,8.24
vein,8.53
veins,8.64
velar,19.5
velcro,11.48
vellum,15.58
velocipede,14.75
velocity,12.62
velour,12.93
velours,13.33
velum,16.42
velvet,7.61
velveteen,8.87
velvets,8.62
velvety,8.0
vena,14.4
venal,14.11
venality,14.45
venation,14.0
vend,10.29
vendee,15.57
vender,10.22
venders,10.22
vendetta,13.24
vending,11.26
vendingmachine,6.98
vendor,10.17
vendors,10.22
veneer,11.59
veneers,12.22
venerable,14.76
venerate,17.0
veneration,16.08
venereal,15.33
venetian,13.06
vengeance,10.63
vengeful,11.67
venison,11.65
venom,7.95
venomous,8.63
venoms,10.45
venous,14.45
vent,10.11
vented,8.53
ventilate,12.84
ventilating,11.84
ventilation,10.39
ventilator,11.44
ventral,13.86
ventricle,13.5
ventricular,14.59
ventriloquism,11.53
ventriloquist,8.47
vents,8.53
venture,11.21
ventured,9.71
ventures,9.71
venturesome,13.38
venturing,9.71
venue,12.16
venues,12.01
venus,8.56
veracity,15.14
veranda,11.89
verb,8.0
verbal,8.42
verbalization,10.75
verbalize,11.16
verbiage,15.2
verbose,12.67
verboten,14.5
verbs,8.66
verdant,13.0
verdict,11.05
verdicts,11.8
verdigris,15.8
verge,11.41
verges,9.77
verifiable,13.26
verification,11.28
verify,10.28
verisimilitude,16.0
veritable,13.27
verities,11.96
verity,15.13
vermicelli,14.77
vermiform,19.75
vermilion,11.85
vermin,10.84
vermouth,17.06
vernacular,14.27
vernal,11.5
vernier,12.71
versatile,12.25
versatility,13.61
verse,8.17
versed,7.05
verses,7.05
versify,12.29
version,8.11
versions,8.85
versus,8.5
vertebra,10.74
vertebral,12.39
vertebrate,10.55
vertex,13.06
vertical,9.71
vertigo,13.55
verve,10.0
very,4.9
vesicle,14.27
vesper,13.31
vespers,13.29
vessel,9.94
vessels,7.98
vest,5.83
vestal,15.36
vested,5.39
vestibule,11.41
vestige,13.27
vestigial,16.08
vestment,14.15
vestry,13.75
vests,5.39
vesture,15.88
vet,7.78
veteran,9.9
veterinarian,8.94
veterinary,7.84
veto,11.39
vetoed,12.06
vetoes,12.06
vets,7.05
vetted,7.05
vetting,7.05
vex,14.4
vexation,14.8
vexatious,14.09
vexed,12.52
vexes,12.52
viability,14.3
viable,14.11
viaduct,13.33
vial,10.06
viands,18.57
vibe,11.0
vibes,9.95
vibrant,11.08
vibraphone,13.42
vibrate,10.16
vibrated,9.22
vibrates,9.22
vibrating,9.22
vibration,9.56
vibrato,12.5
vibrator,13.39
vibratory,14.42
vicar,12.53
vicarage,13.62
vicarious,14.47
vicars,6.6
vice,12.5
vicegerent,17.5
viceroy,16.2
vices,10.19
vichyssoise,13.43
vicinity,10.28
vicious,9.53
viciousness,12.26
vicissitude,13.83
victim,9.39
victimization,13.44
victimize,12.0
victimizer,13.38
victimless,12.84
victims,8.41
victories,8.18
victorious,10.05
victory,7.53
victuals,11.3
vicuna,20.0
video,8.06
videocassette,7.11
videophone,13.06
videotape,9.37
vie,12.75
vies,13.57
view,5.63
viewed,7.22
viewer,9.17
viewership,12.78
viewfinder,9.83
viewing,7.28
viewpoint,10.95
viewport,12.93
views,7.22
vigil,9.44
vigilance,11.16
vigilant,13.21
vigilante,12.44
vigilantism,14.0
vigils,10.81
vigor,10.63
vigorous,10.14
vile,11.74
vileness,10.94
viler,11.12
vilest,11.12
vilify,15.53
villa,10.5
village,7.84
villager,8.26
villages,6.41
villain,8.28
villainess,11.84
villainous,11.53
villains,7.66
villainy,9.82
villanelle,18.0
villas,10.41
villous,15.0
vim,12.54
vinaigrette,12.17
vindicate,11.78
vindication,13.59
vindicator,13.53
vindictive,14.17
vindictiveness,14.22
vine,6.95
vinegar,7.11
vinegary,10.47
vines,8.45
vineyard,11.05
vinous,14.33
vintage,12.0
vintages,10.6
vinyl,10.68
viol,15.44
violable,14.07
violate,10.53
violation,10.94
violator,10.92
violence,6.39
violent,7.61
violet,7.49
violets,6.92
violin,7.45
violinist,9.17
violoncello,12.6
viper,9.84
vipers,9.58
virago,15.17
viral,14.11
vireo,14.6
virgin,10.63
virginal,12.17
virginity,11.53
virgins,12.22
viridian,16.55
virile,14.45
virility,16.06
virologist,16.12
virology,15.86
virtual,10.39
virtually,11.79
virtue,11.53
virtues,10.07
virtuosity,13.5
virtuoso,12.94
virtuous,12.1
virulent,16.09
virus,9.5
viruses,8.45
visa,12.17
visage,13.0
visas,12.06
viscera,14.64
visceral,15.45
viscose,13.21
viscosity,13.47
viscount,15.92
viscous,13.28
vise,10.19
viselike,13.21
visibility,10.84
visible,8.05
vision,6.58
visionary,12.17
visions,8.18
visit,5.79
visitant,12.11
visitation,10.47
visited,5.51
visiting,5.51
visitor,6.37
visitors,6.3
visits,5.51
visor,7.83
visors,9.85
vista,12.7
visual,9.11
visualization,10.86
visualize,9.88
visualizer,12.72
vita,14.9
vital,10.28
vitalism,11.47
vitality,12.94
vitals,11.72
vitamin,5.42
vitamins,6.22
vitiate,16.27
vitiation,16.5
vitreous,14.18
vitrify,18.0
vitriol,15.29
vitriolic,14.8
vitro,14.82
vituperation,13.83
viva,11.56
vivace,14.75
vivacious,13.44
vivacity,13.37
vivant,11.44
vivid,11.83
vividness,11.45
vivification,15.67
vivisection,16.75
vivisectionist,16.0
vixen,11.0
vixens,11.7
vizier,16.0
voc,15.0
vocabulary,6.74
vocal,8.0
vocalic,14.22
vocalist,10.63
vocalization,11.0
vocalize,9.37
vocation,12.61
vocational,13.0
vocative,14.27
vociferous,15.46
vodka,11.11
vodkas,12.96
vogue,11.6
voguish,14.75
voice,4.83
voiced,5.62
voiceless,11.06
voicemail,11.78
voiceprint,14.22
voices,5.62
voicing,5.62
void,10.56
voided,10.45
voids,10.45
voile,14.38
volatile,13.0
volatility,15.31
volatilize,13.67
volcanic,8.33
volcanism,11.12
volcano,6.74
vole,12.0
volition,13.31
volley,10.24
volleyball,7.05
volt,11.05
voltage,11.78
voltages,10.04
voltaic,15.93
voltmeter,13.31
volts,10.05
volubility,15.0
voluble,14.12
volume,6.35
volumes,9.58
voluminous,14.11
voluntary,9.17
volunteer,6.89
volunteered,9.14
volunteering,9.14
volunteerism,10.83
volunteers,9.14
voluptuary,16.18
voluptuous,12.71
vomit,5.68
vomited,8.69
vomiting,8.69
vomits,8.69
voodoo,10.53
voracious,12.17
voraciousness,13.2
vortex,12.94
vortexes,11.7
vortices,11.7
vote,7.79
voted,9.34
voter,7.89
voters,9.43
votes,9.34
votive,11.67
vouch,11.44
vouched,11.31
voucher,10.3
vouchers,11.49
vouches,11.31
vouching,11.31
vouchsafe,13.55
vow,9.32
vowed,9.07
vowel,6.53
vowels,7.84
vowing,9.07
vows,9.07
voyage,7.76
voyages,8.37
voyeur,14.56
voyeurism,14.38
voyeuristic,14.41
vulcanization,14.75
vulcanize,14.93
vulcanized,14.27
vulgar,11.57
vulgarian,13.62
vulgarism,12.93
vulgarity,11.94
vulnerability,9.95
vulnerable,12.32
vulture,8.89
vultures,9.13
vulva,13.11
vying,13.57
wackier,6.97
wackiness,7.88
wacko,8.95
wacky,7.67
wad,8.78
wadded,10.34
wadding,11.87
waddle,7.79
wade,8.56
waded,8.4
wader,10.62
wades,8.4
wading,8.4
wads,10.34
wafer,6.89
waffle,5.32
waffles,4.8
waffling,4.8
waft,11.62
wag,4.53
wage,11.06
waged,8.51
wager,10.06
wagered,11.39
wagering,11.39
wagers,11.39
wages,9.57
wagged,6.4
wagging,6.4
waggish,15.79
waggle,10.0
waging,8.51
wagon,5.22
wagonload,8.78
wagons,7.09
wags,6.4
waif,12.77
waifs,12.47
wail,9.41
wailer,10.81
wailing,8.11
wails,8.11
wain,13.92
wainscot,13.67
wainscoting,15.25
wainwright,14.5
waist,6.42
waistband,9.5
waistcoat,11.88
waistline,8.68
waists,6.56
wait,4.3
waited,5.54
waiter,8.28
waiters,7.66
waiting,5.54
waitperson,8.47
waitress,7.22
waitresses,7.47
waits,5.54
waive,12.63
waived,11.26
waiver,11.17
waivers,10.99
waives,11.26
waiving,11.26
wake,5.63
waked,4.98
wakeful,9.47
wakefulness,11.29
waken,8.2
wakes,4.98
wakeup,5.06
waking,4.98
walk,3.45
walkabout,12.83
walkaway,7.73
walked,4.5
walking,4.5
walkman,10.35
walkout,11.0
walks,4.5
walkup,10.24
walkway,7.95
walkways,9.97
wall,3.79
wallaby,12.36
wallboard,9.29
walled,4.93
wallet,5.89
wallets,6.18
walleye,12.94
walleyed,12.73
wallflower,11.6
wallop,10.06
walloped,11.29
walloping,10.06
wallops,11.29
wallow,9.26
wallowed,11.59
wallowing,11.59
wallows,11.59
wallpaper,6.55
wallpapered,7.08
wallpapers,7.08
walls,4.93
walnut,6.16
walnuts,6.4
walrus,5.06
walruses,5.49
waltz,10.37
waltzed,8.77
waltzes,8.77
waltzing,8.77
wampum,11.91
wand,6.39
wander,6.89
wandered,6.84
wanderer,9.56
wandering,6.84
wanderlust,13.08
wanders,6.84
wands,5.56
wane,13.53
waned,12.24
wanes,12.24
wangle,13.0
wannabe,11.29
want,4.16
wanted,4.84
wanting,4.84
wanton,13.69
wantonness,12.67
wants,4.84
war,7.67
warble,10.91
warbler,11.62
ward,10.72
warden,11.0
wardens,11.49
warder,10.27
warders,10.13
warding,7.98
wardrobe,7.84
wardroom,13.33
wards,7.98
ware,10.74
warehouse,8.58
warehouses,9.71
warehousing,10.41
wares,10.35
warfare,8.95
warhead,10.5
warhorse,13.22
wariness,11.88
warless,12.43
warlike,8.17
warlock,9.68
warlocks,11.09
warlord,12.0
warm,4.65
warmed,4.55
warmer,4.55
warmers,4.55
warmest,4.55
warmhearted,9.44
warming,4.55
warmonger,13.22
warmouth,17.09
warms,4.55
warmth,6.26
warn,5.74
warned,6.84
warning,6.11
warnings,6.81
warns,6.84
warp,8.89
warpath,10.12
warped,9.4
warplane,8.22
warps,9.74
warrant,11.37
warranted,11.0
warrantee,12.58
warrantless,13.63
warrants,11.0
warranty,11.17
warred,6.7
warring,10.44
warrior,8.25
warriors,7.49
wars,6.7
warship,10.44
wart,7.25
warthog,7.82
wartime,8.22
warts,7.84
warty,9.33
wary,10.11
was,5.53
wasabi,13.95
wash,4.0
washable,7.67
washbasin,8.5
washboard,8.65
washbowl,7.32
washcloth,4.17
washday,9.5
washed,4.02
washer,6.32
washerwoman,8.39
washes,4.02
washhouse,10.88
washing,4.02
washingmachine,4.8
washout,10.73
washrag,6.35
washroom,6.0
washstand,10.71
washtub,7.1
washwoman,10.5
washy,9.17
wasp,5.58
waspish,14.14
wasps,5.22
wassail,14.0
wastage,11.58
waste,6.5
wastebasket,5.68
wasted,7.11
wasteful,7.11
wastefulness,9.42
wasteland,12.37
wastepaper,8.33
waster,7.58
wastes,7.11
wastewater,11.53
wasting,7.11
watch,4.33
watchable,9.05
watchband,7.24
watchdog,9.39
watched,5.47
watcher,6.32
watches,5.47
watchful,8.16
watchfulness,9.74
watching,5.47
watchmaker,8.41
watchman,10.5
watchtower,9.0
watchword,12.5
water,2.37
waterbed,7.17
waterbird,10.2
watercolor,7.68
watercolorist,10.83
watercress,13.12
watered,3.83
waterfall,5.47
waterfowl,11.67
waterfront,8.22
waterhole,7.56
wateringcan,7.22
waterline,10.4
waterlogged,11.53
watermark,12.3
watermarked,14.39
watermelon,4.22
waterproof,8.68
waterproofing,10.75
waters,3.83
watershed,11.71
waterspout,7.63
watertight,12.85
waterway,9.39
waterwheel,9.89
waterworks,7.95
watery,6.65
watt,12.34
wattage,9.31
wattle,11.36
wave,4.26
waved,4.26
waveform,14.43
wavelength,12.03
waver,11.26
wavered,9.5
wavering,9.5
wavers,9.5
waves,4.26
waving,4.26
wavy,5.89
wax,6.0
waxed,8.61
waxen,10.62
waxes,6.67
waxing,6.67
waxwing,15.17
waxwork,11.89
waxy,8.05
way,5.39
waybill,14.33
wayfarer,15.69
wayfaring,13.88
waylay,13.0
ways,5.16
wayside,11.41
wayward,10.53
we,5.04
weak,5.58
weaken,7.95
weaker,6.23
weakest,6.23
weakling,9.58
weakness,8.44
weaknesses,7.77
weal,14.8
weald,14.9
wealth,8.76
wealthier,8.37
wealthiest,8.37
wealthy,7.89
wean,9.72
weaned,10.95
weaning,10.95
weapon,6.95
weaponless,10.65
weaponry,11.3
weapons,7.5
wear,4.63
wearable,9.72
wearer,7.22
wearied,9.49
wearies,9.49
weariest,9.49
weariness,11.78
wearing,4.93
wears,4.93
weary,9.56
wearying,9.49
weasel,7.25
weaseled,8.5
weasels,8.5
weather,5.94
weathercock,11.67
weatherman,7.11
weatherproof,10.53
weathers,5.43
weathertight,12.33
weatherworn,11.33
weave,9.89
weaved,7.88
weaves,7.88
web,5.37
webbed,8.61
webbing,10.39
webby,10.08
webcam,15.57
webcast,16.88
webcasting,15.71
webmaster,16.17
webpage,12.0
webs,5.66
website,12.66
wed,6.95
wedded,9.76
wedding,6.0
weddings,6.35
wedge,9.42
wedged,8.69
wedges,8.69
wedgie,7.94
wedgies,6.82
wedging,8.69
wedlock,10.89
weds,7.84
wee,6.39
weed,6.79
weeded,7.01
weeding,7.01
weeds,5.85
weedy,10.78
week,5.11
weekday,6.78
weekend,4.79
weekender,11.94
weekends,5.87
weeklong,7.79
weekly,7.45
weeknight,6.53
weeks,5.89
weenie,6.1
weensy,9.31
weeny,7.92
weep,8.5
weeper,10.63
weeping,6.68
weeps,7.15
weepy,8.16
weft,16.25
weigh,6.62
weighed,6.37
weighing,6.37
weighs,6.37
weight,6.53
weighted,6.71
weightless,9.32
weightlessness,8.63
weightlift,9.41
weightlifter,8.33
weightlifting,9.53
weights,6.71
weighty,10.61
weird,5.61
weirder,6.94
weirdest,6.94
weirdness,8.61
weirdo,8.22
weirdoes,6.68
welch,9.46
welcome,4.06
welcomed,7.29
welcomes,7.29
weld,11.61
welded,10.39
welder,9.37
welders,11.04
welding,10.16
welds,10.39
welfare,11.11
welkin,18.5
well,6.16
wellbeing,11.63
wellborn,11.13
welled,5.37
wellhead,16.5
wellmannered,8.21
wellness,10.05
wellspring,13.59
welsh,12.93
welt,9.22
welter,12.36
welterweight,11.36
welts,11.34
wench,10.72
wenches,11.17
wend,12.82
went,4.37
wept,7.15
were,5.53
werewolf,7.2
weskit,14.88
west,5.89
westbound,10.32
westerly,11.6
western,6.67
westerner,9.17
westernization,13.84
westernmost,9.56
wet,2.47
wetback,13.44
wetland,10.8
wetness,7.6
wets,3.75
wetsuit,8.79
wetter,3.75
wettest,3.75
wetting,3.75
whack,6.16
whacker,11.11
whacking,6.3
whacks,6.3
whacky,6.97
whale,5.47
whaleboat,9.47
whalebone,9.19
whaled,6.73
whaler,11.5
whales,6.73
whaling,10.26
wham,7.44
whammy,9.11
whap,8.81
wharf,10.88
wharfs,10.66
wharves,10.66
what,3.86
whatever,6.14
whatnot,9.61
wheat,6.53
wheaten,11.67
wheatgrass,12.67
wheedle,10.83
wheel,4.4
wheelbarrow,6.78
wheelbase,14.07
wheelchair,6.89
wheeled,4.47
wheelhouse,12.57
wheelie,6.32
wheeling,4.47
wheelman,12.79
wheels,4.47
wheelwright,11.58
wheeze,8.61
wheezed,9.46
wheezes,9.46
wheezing,9.46
wheezy,10.0
whelk,12.86
whelp,10.41
whelps,12.0
when,4.24
whence,14.12
whenever,6.37
where,4.09
whereabouts,9.4
whereas,10.74
whereby,10.85
wherefore,12.59
wherever,7.01
wherewithal,12.08
wherry,12.33
whet,12.38
whether,7.11
whets,12.52
whetstone,12.8
whetted,12.52
whey,10.22
which,6.58
whichever,8.34
whicker,11.15
whiff,9.67
whiffed,9.68
whiffletree,13.83
whiffs,9.68
whig,10.81
whigs,12.19
while,7.06
whiles,6.16
whilst,11.31
whim,10.74
whimper,8.24
whimpered,8.85
whimpering,8.85
whimpers,8.85
whims,10.87
whimsical,11.11
whimsicality,12.69
whimsy,10.26
whine,5.53
whined,7.14
whiner,7.25
whines,7.14
whiney,7.58
whining,7.14
whinny,7.35
whiny,7.18
whip,7.0
whiplash,11.68
whipped,7.92
whippersnapper,9.53
whippet,13.07
whipping,7.92
whippoorwill,12.27
whips,7.92
whir,10.38
whirl,7.37
whirligig,11.69
whirlpool,8.95
whirlwind,10.5
whirly,8.5
whirlybird,12.36
whish,8.5
whisk,8.72
whiskbroom,11.15
whisked,7.41
whisker,5.05
whiskered,8.46
whiskers,5.11
whiskey,9.38
whiskeys,11.19
whiskies,11.19
whisks,7.41
whisky,11.19
whisper,4.26
whispered,5.26
whisperer,8.11
whispering,5.26
whispers,5.26
whispery,10.71
whist,15.33
whistle,5.42
whistled,6.0
whistles,6.0
whistling,6.32
whit,10.67
white,4.06
whitecaps,11.56
whitefish,10.44
whiten,7.11
whiteness,7.94
whiteout,9.0
whiter,4.65
whites,4.65
whitest,4.65
whitetail,10.06
whitewall,10.86
whitewash,11.0
whither,11.06
whithersoever,15.33
whiting,12.77
whitish,8.69
whittle,11.06
whittler,8.94
whiz,8.26
whizz,8.12
whizzed,8.12
whizzer,10.55
whizzes,8.12
whizzing,8.12
who,3.81
whodunit,11.65
whoever,6.48
whole,6.89
wholegrain,13.19
wholehearted,12.1
wholeness,10.21
wholesale,11.7
wholesaler,12.56
wholesome,9.53
wholesomeness,9.63
whom,8.35
whoop,10.1
whooped,8.24
whoopee,7.76
whooping,8.24
whoops,8.24
whop,9.0
whopper,7.83
whoppers,8.28
whopping,8.06
whore,12.22
whored,12.15
whorehouse,11.94
whoremaster,16.38
whoremonger,13.41
whores,12.15
whoreson,15.83
whoring,12.15
whorish,13.44
whorl,13.36
whoso,14.71
why,3.97
whys,4.55
wick,7.83
wicked,8.33
wickedest,5.86
wickedness,8.79
wicker,9.5
wicket,13.62
wicking,13.53
wicks,7.09
wide,5.84
widen,6.78
wideness,8.72
wider,5.82
widescreen,13.85
widespread,9.39
widest,5.82
widget,14.35
widow,9.0
widowed,10.17
widower,9.42
widowhood,10.4
widows,8.47
width,8.78
wield,11.33
wielded,11.41
wielder,12.88
wielding,11.41
wields,11.41
wiener,7.4
wienie,7.17
wife,5.67
wifehood,13.33
wifeless,10.5
wifely,11.41
wig,5.63
wigged,6.37
wigging,6.37
wiggle,3.95
wiggled,7.03
wiggler,6.68
wiggles,7.03
wiggling,7.03
wigless,11.27
wigmaker,10.11
wigs,6.37
wigwag,12.25
wigwam,8.92
wigwams,8.6
wiki,18.52
wild,6.11
wildcard,9.66
wildcat,7.44
wildcatter,16.4
wildebeest,11.31
wilder,6.94
wilderness,8.95
wildernesses,8.39
wildest,6.94
wildfire,9.56
wildflower,6.44
wildlife,6.22
wildness,8.47
wilds,6.94
wile,11.8
wiliness,13.27
will,7.53
willed,9.34
willies,8.9
willing,8.58
willingness,8.79
willow,6.83
willows,7.71
willowy,11.03
willpower,10.6
wills,9.34
wilt,7.76
wilted,9.56
wilting,9.56
wilts,9.56
wily,10.88
wimp,7.26
wimple,14.57
wimpy,8.85
win,4.22
wince,8.89
winced,10.61
winces,10.61
winch,12.22
winches,12.39
wind,3.89
windage,12.5
windbag,10.62
windblown,9.26
windbreak,9.0
windbreaker,6.79
windburn,9.65
windcheater,16.17
winded,4.62
winder,8.23
windfall,12.65
winding,4.62
windlass,15.29
windless,9.47
windmill,5.32
window,4.74
windowless,8.61
windowpane,8.58
windows,4.79
windowsill,5.17
windpipe,9.28
windproof,9.21
winds,4.62
windscreen,10.88
windshield,7.85
windsock,12.0
windstorm,8.16
windsurf,11.42
windsurfer,10.68
windsurfing,11.33
windswept,11.05
windup,8.22
windy,5.39
wine,7.9
wined,8.03
wineglass,8.78
winegrower,11.29
winemaker,11.11
winemaking,10.47
winery,10.78
wines,8.03
wing,4.79
wingding,11.69
winged,8.63
winger,13.27
winging,5.07
wingless,7.83
wingman,12.76
wings,5.07
wingspan,9.61
wingspread,9.39
wingtip,12.35
wining,8.03
wink,7.65
winked,6.26
winker,8.42
winking,6.26
winks,6.26
winless,11.62
winnable,10.44
winner,5.55
winning,5.5
winnings,7.11
wino,11.22
wins,5.5
winsome,11.93
winsomeness,15.38
winter,4.38
winterberry,12.44
wintered,4.88
wintergreen,8.44
winterize,10.25
wintertime,5.61
wintery,8.58
wintry,8.65
wipe,4.83
wiped,5.13
wipeout,7.47
wiper,8.37
wipes,5.13
wiping,5.13
wire,4.89
wired,6.35
wiregrass,13.57
wirehair,12.33
wireless,14.05
wireman,13.0
wires,6.35
wiretap,13.05
wiring,9.21
wiry,9.8
wisdom,9.61
wisdoms,9.39
wise,6.79
wiseacre,11.1
wisecrack,9.21
wisenheimer,12.36
wiser,6.57
wisest,6.57
wish,3.79
wishbone,7.16
wished,4.93
wisher,7.05
wishes,4.93
wishful,8.5
wishing,4.93
wisp,9.71
wisps,10.1
wispy,10.12
wistful,11.53
wistfulness,13.06
wit,11.05
witch,4.78
witchcraft,9.67
witchery,10.05
witches,5.3
witching,12.13
witchy,8.32
with,4.44
withdraw,9.89
withdrawal,9.78
withdrawing,9.49
withdrawn,9.49
withdraws,9.49
withdrew,9.49
wither,9.33
withering,10.18
withhold,12.3
withholder,13.35
withholding,12.8
within,7.65
without,6.53
withstand,10.05
withy,13.62
witless,11.26
witness,8.74
witnessed,9.34
witnesses,9.34
witnessing,9.34
wits,10.25
witticism,14.38
wittier,10.58
wittiest,10.58
witting,13.89
witty,10.32
wives,5.79
wiz,8.94
wizard,6.26
wizardry,8.79
wizards,5.93
wizened,14.62
woad,15.0
wobble,6.56
wobbles,7.49
wobbling,7.49
wobbly,6.0
woe,10.75
woebegone,12.83
woeful,9.58
woes,9.13
wok,12.27
woke,4.98
woken,4.98
wold,15.25
wolf,4.5
wolfed,5.82
wolfhound,11.71
wolfing,5.82
wolfish,12.24
wolfs,5.82
wolfsbane,13.33
wolverine,10.22
wolves,5.82
woman,4.95
womanhood,10.65
womanish,9.94
womanize,13.63
womanizer,13.06
womankind,11.62
womanlike,9.75
womanly,10.95
womb,9.48
wombat,11.31
wombats,11.09
wombs,9.83
women,5.3
womenfolk,9.78
won,5.5
wonder,7.63
wondered,6.81
wonderful,6.47
wonderfulness,9.16
wondering,6.81
wonderment,12.44
wonders,6.81
wondrous,11.0
wonk,11.92
wonky,12.27
wont,7.65
wonton,13.25
woo,10.88
wood,4.58
woodblock,8.56
woodcarver,8.86
woodcarving,8.15
woodchopper,8.3
woodchuck,8.26
woodcock,13.6
woodcraft,8.95
woodcutter,7.89
woodcutting,8.0
wooded,8.68
wooden,5.89
woodenhead,13.6
woodland,7.21
woodlands,7.62
woodpecker,6.5
woodpile,6.85
woods,4.93
woodshed,7.72
woodshop,9.52
woodsman,9.75
woodsy,9.0
woodwind,9.37
woodwork,10.42
woodworker,9.23
woodworkers,9.21
woodworking,8.89
woodworm,12.27
wooed,8.15
wooer,12.78
woof,3.53
woofer,13.59
wooing,8.15
wool,8.06
woolen,7.83
woolgathering,12.07
wools,5.09
woos,8.15
woozy,7.84
wop,11.67
word,4.42
wordage,12.79
wording,10.22
wordless,10.21
wordplay,10.95
words,5.04
wordsmith,11.13
wordy,10.89
wore,4.93
work,5.86
workability,11.11
workable,9.94
workaday,10.38
workaholic,10.11
workbench,6.78
workbook,6.65
workbox,9.27
workday,9.06
worked,5.37
worker,6.67
workers,6.24
workfare,14.38
workforce,11.17
workhorse,10.5
workhouse,11.73
working,5.37
workingman,10.56
workings,8.2
workload,10.4
workman,6.06
workmanship,12.39
workout,8.68
workplace,10.06
workroom,9.74
works,5.37
worksheet,8.0
workshop,7.78
workspace,8.84
workstation,11.28
workup,12.1
workweek,10.05
world,5.32
worldliness,12.11
worldly,10.61
worlds,6.23
worldview,12.28
worldwide,9.42
worm,3.89
wormed,4.77
wormhole,12.35
worming,4.77
wormless,9.93
worms,4.77
wormwood,14.93
wormy,6.78
worn,4.93
worried,6.65
worrier,7.05
worries,7.58
worriment,15.58
worrisome,9.0
worry,6.61
worrying,6.52
worrywart,9.39
worse,3.65
worsen,8.33
worsened,8.6
worsening,10.84
worsens,8.6
worship,7.0
worshiped,8.26
worshipful,9.84
worshiping,8.26
worshipped,8.26
worshipper,7.79
worshipping,8.26
worships,8.26
worst,3.65
worsted,13.29
wort,10.87
worth,7.08
worthiness,11.26
worthless,9.33
worthlessness,9.78
worthwhile,10.56
worthy,10.28
would,5.28
wouldst,9.34
wound,7.52
wounding,7.55
wounds,7.55
wove,7.88
woven,7.88
wrack,12.93
wracked,11.41
wracking,11.41
wraith,13.06
wrangle,10.28
wrangler,10.33
wrap,7.0
wraparound,12.0
wrapped,5.77
wrapper,6.11
wraps,5.77
wrath,10.17
wrathful,10.78
wreak,8.95
wreaked,9.31
wreaker,10.46
wreaking,9.31
wreaks,9.31
wreath,7.06
wreathe,8.99
wreaths,7.52
wreck,7.59
wreckage,8.47
wrecked,7.22
wrecker,10.71
wrecking,7.22
wrecks,7.22
wren,9.35
wrench,7.84
wrenched,8.33
wrenches,8.33
wrens,7.5
wrest,12.64
wrestle,5.0
wrestled,7.58
wrestler,7.48
wrestles,7.58
wrestling,6.89
wretch,10.25
wretched,10.22
wretchedness,12.71
wretches,10.8
wriggle,6.47
wring,8.18
wringer,8.69
wringing,7.26
wrings,7.26
wrinkle,7.21
wrinkled,7.26
wrinkles,7.41
wrinkling,7.41
wrinkly,7.58
wrist,5.94
wristband,8.0
wristlet,12.88
wrists,5.75
wristwatch,7.32
writ,15.19
write,4.89
writeable,9.12
writer,7.32
writers,7.05
writes,5.39
writhe,11.0
writhes,12.67
writhing,12.67
writing,4.77
writings,5.26
writs,13.2
written,5.39
wrong,4.22
wrongdoer,8.79
wrongdoing,9.75
wronged,5.03
wrongful,8.74
wrongness,8.59
wrongs,5.03
wrote,5.39
wroth,12.92
wrought,5.37
wrung,7.26
wry,13.4
wunderkind,13.36
wyvern,13.9
xenon,14.62
xenophobe,16.5
xenophobia,15.62
xenophobic,13.86
xylem,13.56
xylophone,7.11
xylophonist,12.11
yacht,10.06
yachting,11.53
yachts,7.28
yachtsman,11.06
yahoo,12.11
yahoos,8.79
yak,7.78
yakitori,20.0
yakked,11.09
yakking,11.09
yaks,11.09
yam,8.34
yammer,13.15
yammerer,14.0
yams,8.54
yank,7.33
yanked,6.94
yanking,6.94
yanks,6.94
yap,7.83
yapped,9.31
yapping,9.31
yappy,9.29
yaps,9.31
yard,3.94
yardage,11.17
yardarm,15.0
yardman,11.19
yardmaster,13.48
yards,6.24
yardstick,6.8
yare,13.33
yarmulke,14.0
yarn,6.61
yarns,6.67
yaw,12.54
yawl,11.44
yawn,5.3
yawned,5.3
yawner,8.33
yawning,5.3
yawns,5.3
yawp,12.8
yea,6.32
year,5.24
yearbook,10.39
yearling,11.32
yearlong,10.06
yearn,11.65
yearned,11.12
yearning,11.12
yearns,11.12
years,5.5
yeas,5.93
yeast,9.53
yeasts,9.71
yell,3.83
yelled,4.34
yeller,7.88
yelling,4.34
yellow,3.2
yellowing,10.05
yellowness,6.56
yellows,4.87
yellowtail,11.33
yellowy,8.61
yells,4.34
yelp,7.67
yelped,7.56
yelping,7.56
yelps,7.56
yen,12.68
yens,11.78
yenta,18.5
yeoman,13.29
yerba,19.0
yes,2.31
yeses,3.69
yeshiva,14.25
yester,12.6
yesterday,4.58
yesterdays,4.99
yesteryear,11.06
yet,6.96
yeti,10.94
yew,10.53
yield,8.0
yielded,12.24
yielding,12.24
yields,12.24
yodel,8.16
yodeled,8.82
yodeling,8.82
yodels,8.82
yoga,13.17
yoghurt,5.81
yoghurts,5.81
yogic,15.1
yogurt,3.72
yogurts,5.81
yoke,7.94
yokel,12.15
yokes,8.47
yolk,5.89
yolks,8.61
yond,12.62
yonder,8.86
yoni,19.0
yore,11.5
you,4.35
young,4.61
youngberry,13.78
younger,5.33
youngest,5.33
youngish,9.06
youngster,6.11
youngsters,7.12
younker,17.8
your,4.1
yours,4.51
yourself,4.95
yourselves,6.08
youth,6.89
youthful,8.79
youths,8.56
yowl,12.88
yoyo,5.62
yucca,13.33
yuccas,13.53
yucky,4.17
yule,9.97
yuletide,10.31
yummier,3.57
yummiest,3.57
yummy,3.42
yuppie,13.33
yuppies,10.04
yurt,18.6
zabaglione,16.25
zaftig,10.0
zaibatsu,18.33
zany,10.56
zap,6.56
zapper,7.83
zeal,13.12
zealot,12.29
zealotry,12.58
zealous,12.76
zealousness,13.76
zebra,4.79
zebras,6.77
zee,14.0
zeitgeist,13.3
zenith,12.93
zephyr,13.69
zero,5.31
zeroed,4.94
zeroes,4.94
zeroing,4.94
zeros,4.94
zest,10.56
zesty,9.33
zeta,14.33
ziggurat,14.25
zigzag,6.06
zilch,9.35
zillion,8.67
zillionth,9.39
zinc,12.47
zinfandel,17.17
zing,9.82
zinger,10.0
zings,10.46
zip,5.3
zipped,5.99
zipper,5.0
zippered,6.8
zippers,5.08
zipping,5.99
zippy,7.33
zips,5.99
zircon,12.0
zirconium,15.06
zit,10.89
zither,17.5
ziti,12.07
zloty,15.67
zodiac,9.84
zodiacal,15.28
zombie,7.68
zombies,6.89
zone,8.79
zoned,9.45
zones,9.45
zoning,11.84
zoo,3.75
zoological,12.45
zoologist,11.06
zoologists,11.43
zoology,10.25
zoom,8.57
zoomed,6.4
zooming,6.4
zooms,6.4
zoon,12.43
zoos,3.56
zucchini,6.79
zwieback,16.1
zygote,15.38
